first_seen_utc,ioc_id,ioc_value,threat_type,malware_printable,tags
2026-09-27 06:44:07,1934964,verifyholdout.com,botnet_cc,Cobalt Strike,"CobaltStrike,cs-watermark-1473793097"
2026-09-27 06:44:07,1934966,bravotimekeepers.com,botnet_cc,Cobalt Strike,"CobaltStrike,cs-watermark-1473793097"
2026-09-27 06:44:06,1934967,moonlighterflaming.com,botnet_cc,Cobalt Strike,"CobaltStrike,cs-watermark-1473793097"
2026-09-27 06:43:41,1935733,lewokodwqko.icu,botnet_cc,AMOS,"AMOS,ClickFix,macOS"
2026-09-27 06:43:40,1935734,shopguoerve.pro,botnet_cc,AMOS,"AMOS,ClickFix,macOS"
2026-09-27 06:43:40,1935736,dfsjfisafosdikfos.info,botnet_cc,AMOS,"AMOS,ClickFix,macOS"
2026-09-27 06:43:40,1935737,isosissisisossfiof.com,botnet_cc,AMOS,"AMOS,ClickFix,macOS"
2026-09-27 06:43:39,1935738,fewfwfwfwfwf.info,botnet_cc,AMOS,"AMOS,ClickFix,macOS"
2026-09-27 06:31:35,1935829,www.mariaisabelpino.com,payload_delivery,ClearFake,"compromised,EtherHide"
2026-09-27 06:31:34,1935826,www.manini.fr,payload_delivery,ClearFake,"compromised,EtherHide"
2026-09-27 06:31:34,1935827,www.mariayoga.co.uk,payload_delivery,ClearFake,"compromised,EtherHide"
2026-09-27 06:31:34,1935828,www.cedipay.cash,payload_delivery,ClearFake,"compromised,EtherHide"
2026-09-27 06:31:31,1935825,www.marquecreative.com,payload_delivery,ClearFake,"compromised,EtherHide"
2026-09-27 06:30:31,1935821,masonry.org,payload_delivery,ClearFake,"compromised,EtherHide"
2026-09-27 06:21:10,1935819,www.bomsolutions.ch,payload_delivery,ClearFake,None
2026-09-27 06:10:55,1935814,9urlqeq9.diyar303.com,payload_delivery,ClearFake,"ClearFake,mac-0x68dc,macos"
2026-09-27 06:09:33,1935813,diyar303.com,payload_delivery,ClearFake,ClearFake
2026-09-27 06:03:39,1935812,www.lppi.it,payload_delivery,ClearFake,None
2026-09-27 06:03:04,1935811,listingagentadvantage.com,payload_delivery,ClearFake,None
2026-09-27 06:02:20,1935810,loyaltycomputersgh.com,payload_delivery,ClearFake,None
2026-09-27 06:01:50,1935809,louisstructures.com,payload_delivery,ClearFake,None
2026-09-27 05:47:27,1935804,q22yw0eu.varzesh303.com,payload_delivery,ClearFake,None
2026-09-27 05:45:46,1935803,varzesh303.com,payload_delivery,ClearFake,None
2026-09-27 05:34:52,1935792,www.lulucare.it,payload_delivery,ClearFake,"compromised,EtherHide"
2026-09-27 05:34:43,1935791,5csv0425.salemtaghziye.ir,payload_delivery,ClearFake,"ClearFake,mac-0x76c7,macos"
2026-09-27 05:31:58,1935786,www.local7.it,payload_delivery,ClearFake,None
2026-09-27 05:31:31,1935785,salemtaghziye.ir,payload_delivery,ClearFake,None
2026-09-27 05:21:16,1935783,sportcom.ch,payload_delivery,ClearFake,None
2026-09-27 05:20:46,1935782,bericht.ch,payload_delivery,ClearFake,None
2026-09-27 05:20:02,1935780,fotoparisi.com,payload_delivery,ClearFake,None
2026-09-27 05:19:28,1935779,www.legendcup.net,payload_delivery,ClearFake,None
2026-09-27 05:18:41,1935777,www.les-voyageuses.net,payload_delivery,ClearFake,None
2026-09-27 05:17:55,1935776,www.laviadelsale.info,payload_delivery,ClearFake,None
2026-09-27 04:31:03,1935759,www.lighthousestudioroma.it,payload_delivery,ClearFake,"compromised,EtherHide"
2026-09-27 04:30:57,1935758,www.lincolnepartners.it,payload_delivery,ClearFake,"compromised,EtherHide"
2026-09-27 04:30:56,1935757,www.lhemingway.com,payload_delivery,ClearFake,"compromised,EtherHide"
2026-09-27 04:30:54,1935756,www.leroyfortin.fr,payload_delivery,ClearFake,"compromised,EtherHide"
2026-09-27 04:30:47,1935755,leahereinhart.com,payload_delivery,ClearFake,"compromised,EtherHide"
2026-09-27 04:24:45,1935754,z7e79dln.luxerabet100.com,payload_delivery,ClearFake,None
2026-09-27 04:22:55,1935753,luxerabet100.com,payload_delivery,ClearFake,None
2026-09-27 04:00:49,1935747,9d8kjnpx.designphotoshop.ir,payload_delivery,ClearFake,None
2026-09-27 04:00:10,1935735,designphotoshop.ir,payload_delivery,ClearFake,ClearFake
2026-09-27 02:01:09,1935713,vfw2j6ds.designhomeir.com,payload_delivery,ClearFake,None
2026-09-27 01:59:29,1935712,designhomeir.com,payload_delivery,ClearFake,None
2026-09-27 01:56:37,1935711,www.kurtlaperefotografie.be,payload_delivery,ClearFake,compromised
2026-09-27 01:54:08,1935710,deer.albaikmenuonline.com,payload_delivery,ClearFake,None
2026-09-27 01:53:59,1935709,www.laboratoiresbiotech.com,payload_delivery,ClearFake,None
2026-09-27 01:52:35,1935708,www.nalco-jo.com,payload_delivery,ClearFake,compromised
2026-09-27 01:44:24,1935707,czhaijiangdrying.com,payload_delivery,ClearFake,"27September2026,ClearFake,Commandline,MacOS"
2026-09-27 00:46:12,1935678,3trpcz67.v9t.net,payload_delivery,ClearFake,None
2026-09-27 00:45:06,1935677,v9t.net,payload_delivery,ClearFake,None
2026-09-27 00:32:48,1935665,mjyy9zf5.sahabet2023.xyz,payload_delivery,ClearFake,None
2026-09-27 00:30:44,1935651,sahabet2023.xyz,payload_delivery,ClearFake,None
2026-09-27 00:14:54,1935644,genisys.org.in,payload_delivery,ClearFake,None
2026-09-27 00:12:07,1935643,k964jkuu.luxerabet10.com,payload_delivery,ClearFake,None
2026-09-27 00:11:31,1935642,luxerabet10.com,payload_delivery,ClearFake,None
2026-09-27 00:10:02,1935640,www.kovactransport.de,payload_delivery,ClearFake,compromised
2026-09-27 00:09:06,1935639,alunisson-studio.fr,payload_delivery,ClearFake,compromised
2026-09-27 00:07:39,1935638,www.tourplan.co.ke,payload_delivery,ClearFake,"compromised,EtherHide"
2026-09-27 00:07:05,1935637,www.marshfieldstone.com,payload_delivery,ClearFake,"compromised,EtherHide"
2026-09-27 00:00:59,1935636,www.medecin-esthetique-visage.com,payload_delivery,ClearFake,"compromised,EtherHide"
2026-09-27 00:00:44,1935620,www.generationai.dev,payload_delivery,ClearFake,"compromised,EtherHide"
2026-09-27 00:00:14,1935619,www.abenegihugu.com,payload_delivery,ClearFake,"compromised,EtherHide"
2026-09-26 23:42:35,1935618,ma10efsl.crms.pro,payload_delivery,ClearFake,"ClearFake,mac-0x68dc,macos"
2026-09-26 22:59:24,1935605,www.inclean.sk,payload_delivery,ClearFake,"compromised,EtherHide"
2026-09-26 22:59:24,1935606,www.immobilien-eder.at,payload_delivery,ClearFake,"compromised,EtherHide"
2026-09-26 22:59:24,1935607,www.imprentaensevilla.es,payload_delivery,ClearFake,"compromised,EtherHide"
2026-09-26 22:59:23,1935604,www.halicenneti.com,payload_delivery,ClearFake,"compromised,EtherHide"
2026-09-26 22:59:22,1935601,www.wvhindutemple.org,payload_delivery,ClearFake,"compromised,EtherHide"
2026-09-26 22:59:22,1935602,www.unitedinvstments.com,payload_delivery,ClearFake,"compromised,EtherHide"
2026-09-26 22:59:22,1935603,www.vanremoorterebv.be,payload_delivery,ClearFake,"compromised,EtherHide"
2026-09-26 22:57:17,1935585,wildsoulexpedition.com,payload_delivery,Unknown Loader,etherhiding
2026-09-26 22:57:17,1935586,williamdouglasjohnson.com,payload_delivery,Unknown Loader,etherhiding
2026-09-26 22:57:17,1935587,windblow.co.kr,payload_delivery,Unknown Loader,etherhiding
2026-09-26 22:57:17,1935588,wobuntu.org,payload_delivery,Unknown Loader,etherhiding
2026-09-26 22:57:17,1935589,wolfaz.com,payload_delivery,Unknown Loader,etherhiding
2026-09-26 22:57:17,1935590,xekong4power.com,payload_delivery,Unknown Loader,etherhiding
2026-09-26 22:57:17,1935591,xxlpress.nl,payload_delivery,Unknown Loader,etherhiding
2026-09-26 22:57:17,1935592,yachtmaster.ro,payload_delivery,Unknown Loader,etherhiding
2026-09-26 22:57:17,1935593,yadmintrust.nl,payload_delivery,Unknown Loader,etherhiding
2026-09-26 22:57:17,1935594,yasarkaroser.com.tr,payload_delivery,Unknown Loader,etherhiding
2026-09-26 22:57:17,1935595,yaxleyglobal.com,payload_delivery,Unknown Loader,etherhiding
2026-09-26 22:57:17,1935596,yirs.com.tw,payload_delivery,Unknown Loader,etherhiding
2026-09-26 22:57:17,1935597,yogamaya.ee,payload_delivery,Unknown Loader,etherhiding
2026-09-26 22:57:17,1935598,zarintala.com,payload_delivery,Unknown Loader,etherhiding
2026-09-26 22:57:17,1935599,zawqalmadina.com,payload_delivery,Unknown Loader,etherhiding
2026-09-26 22:57:17,1935600,zqsquare.com,payload_delivery,Unknown Loader,etherhiding
2026-09-26 22:57:16,1935562,vanhomers.com,payload_delivery,Unknown Loader,etherhiding
2026-09-26 22:57:16,1935563,vanrossumlighting.nl,payload_delivery,Unknown Loader,etherhiding
2026-09-26 22:57:16,1935564,vanyasecurity.com,payload_delivery,Unknown Loader,etherhiding
2026-09-26 22:57:16,1935565,veghcsaladipince.hu,payload_delivery,Unknown Loader,etherhiding
2026-09-26 22:57:16,1935566,vellumwasim.com,payload_delivery,Unknown Loader,etherhiding
2026-09-26 22:57:16,1935567,veteran-sports.com,payload_delivery,Unknown Loader,etherhiding
2026-09-26 22:57:16,1935568,virtuesqlllc.wpenginepowered.com,payload_delivery,Unknown Loader,etherhiding
2026-09-26 22:57:16,1935569,visionsite.it,payload_delivery,Unknown Loader,etherhiding
2026-09-26 22:57:16,1935570,vivet-wohnenplus.at,payload_delivery,Unknown Loader,etherhiding
2026-09-26 22:57:16,1935571,vogtsvilla.nl,payload_delivery,Unknown Loader,etherhiding
2026-09-26 22:57:16,1935572,vohuman-co.com,payload_delivery,Unknown Loader,etherhiding
2026-09-26 22:57:16,1935573,wagthiswayvt.com,payload_delivery,Unknown Loader,etherhiding
2026-09-26 22:57:16,1935574,waktu.id,payload_delivery,Unknown Loader,etherhiding
2026-09-26 22:57:16,1935575,wallraff.fr,payload_delivery,Unknown Loader,etherhiding
2026-09-26 22:57:16,1935576,wanamari.co.zw,payload_delivery,Unknown Loader,etherhiding
2026-09-26 22:57:16,1935577,watergrip.com,payload_delivery,Unknown Loader,etherhiding
2026-09-26 22:57:16,1935578,way2hub.com,payload_delivery,Unknown Loader,etherhiding
2026-09-26 22:57:16,1935579,welchelelectrical.com,payload_delivery,Unknown Loader,etherhiding
2026-09-26 22:57:16,1935580,welcomegeorgia6.com,payload_delivery,Unknown Loader,etherhiding
2026-09-26 22:57:16,1935581,wenfrod.com,payload_delivery,Unknown Loader,etherhiding
2026-09-26 22:57:16,1935582,wexoservis.cz,payload_delivery,Unknown Loader,etherhiding
2026-09-26 22:57:16,1935583,wickbersentreprenad.se,payload_delivery,Unknown Loader,etherhiding
2026-09-26 22:57:16,1935584,widerperspectivesltd.com,payload_delivery,Unknown Loader,etherhiding
2026-09-26 22:57:15,1935536,tem40k.com,payload_delivery,Unknown Loader,etherhiding
2026-09-26 22:57:15,1935537,teslamed.it,payload_delivery,Unknown Loader,etherhiding
2026-09-26 22:57:15,1935538,testing-tc.com,payload_delivery,Unknown Loader,etherhiding
2026-09-26 22:57:15,1935539,theaffluentsisterhood.co,payload_delivery,Unknown Loader,etherhiding
2026-09-26 22:57:15,1935540,theburritocity.com,payload_delivery,Unknown Loader,etherhiding
2026-09-26 22:57:15,1935541,theknightcakery.com,payload_delivery,Unknown Loader,etherhiding
2026-09-26 22:57:15,1935542,thetotaloffice.shop,payload_delivery,Unknown Loader,etherhiding
2026-09-26 22:57:15,1935543,thietbinanghasankysu.com,payload_delivery,Unknown Loader,etherhiding
2026-09-26 22:57:15,1935544,thinkingbusiness.net,payload_delivery,Unknown Loader,etherhiding
2026-09-26 22:57:15,1935545,tiaparfume.ro,payload_delivery,Unknown Loader,etherhiding
2026-09-26 22:57:15,1935546,ticebarr.com,payload_delivery,Unknown Loader,etherhiding
2026-09-26 22:57:15,1935547,timecurrency.space,payload_delivery,Unknown Loader,etherhiding
2026-09-26 22:57:15,1935548,tiptoes.co.uk,payload_delivery,Unknown Loader,etherhiding
2026-09-26 22:57:15,1935549,tivimates.net,payload_delivery,Unknown Loader,etherhiding
2026-09-26 22:57:15,1935550,tnmcompany.website,payload_delivery,Unknown Loader,etherhiding
2026-09-26 22:57:15,1935551,todotriatlon.cl,payload_delivery,Unknown Loader,etherhiding
2026-09-26 22:57:15,1935552,toussiplomberie.fr,payload_delivery,Unknown Loader,etherhiding
2026-09-26 22:57:15,1935553,transportespolonorte.com,payload_delivery,Unknown Loader,etherhiding
2026-09-26 22:57:15,1935554,travelmodus.com,payload_delivery,Unknown Loader,etherhiding
2026-09-26 22:57:15,1935555,turismodeillora.com,payload_delivery,Unknown Loader,etherhiding
2026-09-26 22:57:15,1935556,tvakshaslife.com,payload_delivery,Unknown Loader,etherhiding
2026-09-26 22:57:15,1935557,unikatstudio.pl,payload_delivery,Unknown Loader,etherhiding
2026-09-26 22:57:15,1935558,upsmientay.com,payload_delivery,Unknown Loader,etherhiding
2026-09-26 22:57:15,1935559,urbanacrepairing.com,payload_delivery,Unknown Loader,etherhiding
2026-09-26 22:57:15,1935560,usakyazilim.com,payload_delivery,Unknown Loader,etherhiding
2026-09-26 22:57:15,1935561,vandewijz.nl,payload_delivery,Unknown Loader,etherhiding
2026-09-26 22:57:14,1935515,stferdinandschools.com,payload_delivery,Unknown Loader,etherhiding
2026-09-26 22:57:14,1935516,stlucyeyeclinic.com,payload_delivery,Unknown Loader,etherhiding
2026-09-26 22:57:14,1935517,strategicmonk.com,payload_delivery,Unknown Loader,etherhiding
2026-09-26 22:57:14,1935518,sudeventishow.it,payload_delivery,Unknown Loader,etherhiding
2026-09-26 22:57:14,1935519,sumalpe.es,payload_delivery,Unknown Loader,etherhiding
2026-09-26 22:57:14,1935520,sunair-design.lu,payload_delivery,Unknown Loader,etherhiding
2026-09-26 22:57:14,1935521,sungateocean.com,payload_delivery,Unknown Loader,etherhiding
2026-09-26 22:57:14,1935522,sunpool.cl,payload_delivery,Unknown Loader,etherhiding
2026-09-26 22:57:14,1935523,sunvillebanquets.com,payload_delivery,Unknown Loader,etherhiding
2026-09-26 22:57:14,1935524,superolx.vip,payload_delivery,Unknown Loader,etherhiding
2026-09-26 22:57:14,1935525,suppliermlm.com,payload_delivery,Unknown Loader,etherhiding
2026-09-26 22:57:14,1935526,sydkystensdiamantboring.dk,payload_delivery,Unknown Loader,etherhiding
2026-09-26 22:57:14,1935527,tacheles-regional.de,payload_delivery,Unknown Loader,etherhiding
2026-09-26 22:57:14,1935528,tallerenantequera.com,payload_delivery,Unknown Loader,etherhiding
2026-09-26 22:57:14,1935529,tamladevent.com,payload_delivery,Unknown Loader,etherhiding
2026-09-26 22:57:14,1935530,tashanwingamez.com,payload_delivery,Unknown Loader,etherhiding
2026-09-26 22:57:14,1935531,taxi88.xyz,payload_delivery,Unknown Loader,etherhiding
2026-09-26 22:57:14,1935532,taxivalenciadenia.com,payload_delivery,Unknown Loader,etherhiding
2026-09-26 22:57:14,1935533,teamanianewyork.online,payload_delivery,Unknown Loader,etherhiding
2026-09-26 22:57:14,1935534,techcrafter.org,payload_delivery,Unknown Loader,etherhiding
2026-09-26 22:57:14,1935535,tecinminera.com.pe,payload_delivery,Unknown Loader,etherhiding
2026-09-26 22:57:02,1935514,stewardsconsulting.com,payload_delivery,Unknown Loader,etherhiding
2026-09-26 22:57:01,1935490,sitesupportgroup.com,payload_delivery,Unknown Loader,etherhiding
2026-09-26 22:57:01,1935491,skegmc.org.uk,payload_delivery,Unknown Loader,etherhiding
2026-09-26 22:57:01,1935492,smesb.org,payload_delivery,Unknown Loader,etherhiding
2026-09-26 22:57:01,1935493,smkarroudhohbeji.sch.id,payload_delivery,Unknown Loader,etherhiding
2026-09-26 22:57:01,1935494,smseximenterprises.com,payload_delivery,Unknown Loader,etherhiding
2026-09-26 22:57:01,1935495,sobamien.com,payload_delivery,Unknown Loader,etherhiding
2026-09-26 22:57:01,1935496,soflytwincities.com,payload_delivery,Unknown Loader,etherhiding
2026-09-26 22:57:01,1935497,somostualmacen.com,payload_delivery,Unknown Loader,etherhiding
2026-09-26 22:57:01,1935498,soundudito.it,payload_delivery,Unknown Loader,etherhiding
2026-09-26 22:57:01,1935499,sovereignacademy.eu,payload_delivery,Unknown Loader,etherhiding
2026-09-26 22:57:01,1935500,spenglerei-kieslinger.de,payload_delivery,Unknown Loader,etherhiding
2026-09-26 22:57:01,1935501,spicymidia.com.br,payload_delivery,Unknown Loader,etherhiding
2026-09-26 22:57:01,1935502,spiffy9.com,payload_delivery,Unknown Loader,etherhiding
2026-09-26 22:57:01,1935503,spinenj.com,payload_delivery,Unknown Loader,etherhiding
2026-09-26 22:57:01,1935504,splendid-homes.com,payload_delivery,Unknown Loader,etherhiding
2026-09-26 22:57:01,1935505,sports-nets.co.uk,payload_delivery,Unknown Loader,etherhiding
2026-09-26 22:57:01,1935506,spotchekapp.com,payload_delivery,Unknown Loader,etherhiding
2026-09-26 22:57:01,1935507,squirrelai.us,payload_delivery,Unknown Loader,etherhiding
2026-09-26 22:57:01,1935508,sriingeniero.com,payload_delivery,Unknown Loader,etherhiding
2026-09-26 22:57:01,1935509,ssr8070.wpenginepowered.com,payload_delivery,Unknown Loader,etherhiding
2026-09-26 22:57:01,1935510,stablestorefronts.com,payload_delivery,Unknown Loader,etherhiding
2026-09-26 22:57:01,1935511,starflow.hu,payload_delivery,Unknown Loader,etherhiding
2026-09-26 22:57:01,1935512,stashkistudio.pl,payload_delivery,Unknown Loader,etherhiding
2026-09-26 22:57:01,1935513,steppingstoneaz.com,payload_delivery,Unknown Loader,etherhiding
2026-09-26 22:57:00,1935468,rtlegalist.com,payload_delivery,Unknown Loader,etherhiding
2026-09-26 22:57:00,1935469,runforvaughan.com,payload_delivery,Unknown Loader,etherhiding
2026-09-26 22:57:00,1935470,ruthcargo.co.il,payload_delivery,Unknown Loader,etherhiding
2026-09-26 22:57:00,1935471,safetytech.es,payload_delivery,Unknown Loader,etherhiding
2026-09-26 22:57:00,1935472,salehiya.com,payload_delivery,Unknown Loader,etherhiding
2026-09-26 22:57:00,1935473,samuyo.ca,payload_delivery,Unknown Loader,etherhiding
2026-09-26 22:57:00,1935474,sanpham.daitanphat.vn,payload_delivery,Unknown Loader,etherhiding
2026-09-26 22:57:00,1935475,sarmadrol.com,payload_delivery,Unknown Loader,etherhiding
2026-09-26 22:57:00,1935476,sbhayah.com,payload_delivery,Unknown Loader,etherhiding
2026-09-26 22:57:00,1935477,seal.co.ke,payload_delivery,Unknown Loader,etherhiding
2026-09-26 22:57:00,1935478,semp-albania.com,payload_delivery,Unknown Loader,etherhiding
2026-09-26 22:57:00,1935479,senit.com.mx,payload_delivery,Unknown Loader,etherhiding
2026-09-26 22:57:00,1935480,sentiersgourmands.ch,payload_delivery,Unknown Loader,etherhiding
2026-09-26 22:57:00,1935481,sequum.com,payload_delivery,Unknown Loader,etherhiding
2026-09-26 22:57:00,1935482,seumunicipio.shop,payload_delivery,Unknown Loader,etherhiding
2026-09-26 22:57:00,1935483,sexfilmsdelen.nl,payload_delivery,Unknown Loader,etherhiding
2026-09-26 22:57:00,1935484,sgalha.com.br,payload_delivery,Unknown Loader,etherhiding
2026-09-26 22:57:00,1935485,shop.esigenzasalute.it,payload_delivery,Unknown Loader,etherhiding
2026-09-26 22:57:00,1935486,silpetro.pt,payload_delivery,Unknown Loader,etherhiding
2026-09-26 22:57:00,1935487,silverstone-tv.com,payload_delivery,Unknown Loader,etherhiding
2026-09-26 22:57:00,1935488,simatec-sarl.fr,payload_delivery,Unknown Loader,etherhiding
2026-09-26 22:57:00,1935489,sitekcaspian.com,payload_delivery,Unknown Loader,etherhiding
2026-09-26 22:56:59,1935443,quehenbergerbau.at,payload_delivery,Unknown Loader,etherhiding
2026-09-26 22:56:59,1935444,r3c-environnement.fr,payload_delivery,Unknown Loader,etherhiding
2026-09-26 22:56:59,1935445,raageleje.dk,payload_delivery,Unknown Loader,etherhiding
2026-09-26 22:56:59,1935446,rainbow-junkremoval.com,payload_delivery,Unknown Loader,etherhiding
2026-09-26 22:56:59,1935447,ravanmarja.com,payload_delivery,Unknown Loader,etherhiding
2026-09-26 22:56:59,1935448,recruitlabcrm.com,payload_delivery,Unknown Loader,etherhiding
2026-09-26 22:56:59,1935449,refinecityprep.com,payload_delivery,Unknown Loader,etherhiding
2026-09-26 22:56:59,1935450,refrithermy.com,payload_delivery,Unknown Loader,etherhiding
2026-09-26 22:56:59,1935451,regimovi.com,payload_delivery,Unknown Loader,etherhiding
2026-09-26 22:56:59,1935452,resellmatrix.com,payload_delivery,Unknown Loader,etherhiding
2026-09-26 22:56:59,1935453,resolutions.group,payload_delivery,Unknown Loader,etherhiding
2026-09-26 22:56:59,1935454,rezus.team,payload_delivery,Unknown Loader,etherhiding
2026-09-26 22:56:59,1935455,rhonimmo.net,payload_delivery,Unknown Loader,etherhiding
2026-09-26 22:56:59,1935456,ri-volta.com,payload_delivery,Unknown Loader,etherhiding
2026-09-26 22:56:59,1935457,riding.tours,payload_delivery,Unknown Loader,etherhiding
2026-09-26 22:56:59,1935458,rio-life.com,payload_delivery,Unknown Loader,etherhiding
2026-09-26 22:56:59,1935459,riocomunicaciones.com,payload_delivery,Unknown Loader,etherhiding
2026-09-26 22:56:59,1935460,ritanvi.com,payload_delivery,Unknown Loader,etherhiding
2026-09-26 22:56:59,1935461,riveraboxing.com,payload_delivery,Unknown Loader,etherhiding
2026-09-26 22:56:59,1935462,rjakrobot.pl,payload_delivery,Unknown Loader,etherhiding
2026-09-26 22:56:59,1935463,rmartofficial.com,payload_delivery,Unknown Loader,etherhiding
2026-09-26 22:56:59,1935464,robinsonadvisory.ca,payload_delivery,Unknown Loader,etherhiding
2026-09-26 22:56:59,1935465,robotprint.lt,payload_delivery,Unknown Loader,etherhiding
2026-09-26 22:56:59,1935466,rock-fit.com,payload_delivery,Unknown Loader,etherhiding
2026-09-26 22:56:59,1935467,rozenlogistics.com,payload_delivery,Unknown Loader,etherhiding
2026-09-26 22:56:58,1935430,pokepizza.de,payload_delivery,Unknown Loader,etherhiding
2026-09-26 22:56:58,1935431,politicads.agency,payload_delivery,Unknown Loader,etherhiding
2026-09-26 22:56:58,1935432,povill.net,payload_delivery,Unknown Loader,etherhiding
2026-09-26 22:56:58,1935433,primecutisrael.com,payload_delivery,Unknown Loader,etherhiding
2026-09-26 22:56:58,1935434,priveplex.com,payload_delivery,Unknown Loader,etherhiding
2026-09-26 22:56:58,1935435,procopiotransportes.com.br,payload_delivery,Unknown Loader,etherhiding
2026-09-26 22:56:58,1935436,prokanda.com,payload_delivery,Unknown Loader,etherhiding
2026-09-26 22:56:58,1935437,prorsum-tech.com,payload_delivery,Unknown Loader,etherhiding
2026-09-26 22:56:58,1935438,psipaulofreitas.com,payload_delivery,Unknown Loader,etherhiding
2026-09-26 22:56:58,1935439,psychemaze.com,payload_delivery,Unknown Loader,etherhiding
2026-09-26 22:56:58,1935440,public-community.eu,payload_delivery,Unknown Loader,etherhiding
2026-09-26 22:56:58,1935441,qatif-ahliya.com,payload_delivery,Unknown Loader,etherhiding
2026-09-26 22:56:58,1935442,qmaticsolutionsllc.com,payload_delivery,Unknown Loader,etherhiding
2026-09-26 22:56:21,1935408,omoladegbemisola.com,payload_delivery,Unknown Loader,etherhiding
2026-09-26 22:56:21,1935409,onextop.store,payload_delivery,Unknown Loader,etherhiding
2026-09-26 22:56:21,1935410,oniris-ci.com,payload_delivery,Unknown Loader,etherhiding
2026-09-26 22:56:21,1935411,optimazeit.com,payload_delivery,Unknown Loader,etherhiding
2026-09-26 22:56:21,1935412,orbitforum.com,payload_delivery,Unknown Loader,etherhiding
2026-09-26 22:56:21,1935413,orencontabilidade.com.br,payload_delivery,Unknown Loader,etherhiding
2026-09-26 22:56:21,1935414,orthodontietournai.be,payload_delivery,Unknown Loader,etherhiding
2026-09-26 22:56:21,1935415,oryx-capital.com,payload_delivery,Unknown Loader,etherhiding
2026-09-26 22:56:21,1935416,ownzonline.com,payload_delivery,Unknown Loader,etherhiding
2026-09-26 22:56:21,1935417,paginaypantalla.top,payload_delivery,Unknown Loader,etherhiding
2026-09-26 22:56:21,1935418,paintchem.co.za,payload_delivery,Unknown Loader,etherhiding
2026-09-26 22:56:21,1935419,palletizers.co.in,payload_delivery,Unknown Loader,etherhiding
2026-09-26 22:56:21,1935420,pandabowl.fi,payload_delivery,Unknown Loader,etherhiding
2026-09-26 22:56:21,1935421,partyvermieteroranienburg.de,payload_delivery,Unknown Loader,etherhiding
2026-09-26 22:56:21,1935422,paulatessarolo.com,payload_delivery,Unknown Loader,etherhiding
2026-09-26 22:56:21,1935423,pentaxkala.ir,payload_delivery,Unknown Loader,etherhiding
2026-09-26 22:56:21,1935424,pgcares.com,payload_delivery,Unknown Loader,etherhiding
2026-09-26 22:56:21,1935425,phongkhamtaimuihong.com.vn,payload_delivery,Unknown Loader,etherhiding
2026-09-26 22:56:21,1935426,phytocopeia.com,payload_delivery,Unknown Loader,etherhiding
2026-09-26 22:56:21,1935427,pillarisengenharia.com,payload_delivery,Unknown Loader,etherhiding
2026-09-26 22:56:21,1935428,pipercom.cloud,payload_delivery,Unknown Loader,etherhiding
2026-09-26 22:56:21,1935429,pirzadafaizanazam.com,payload_delivery,Unknown Loader,etherhiding
2026-09-26 22:56:20,1935383,mtheingar.com.mm,payload_delivery,Unknown Loader,etherhiding
2026-09-26 22:56:20,1935384,multimediacomputerbd.com,payload_delivery,Unknown Loader,etherhiding
2026-09-26 22:56:20,1935385,mundodoro.com,payload_delivery,Unknown Loader,etherhiding
2026-09-26 22:56:20,1935386,murshiderdanautomobiles.com,payload_delivery,Unknown Loader,etherhiding
2026-09-26 22:56:20,1935387,mygradepro.com,payload_delivery,Unknown Loader,etherhiding
2026-09-26 22:56:20,1935388,mykumar.com,payload_delivery,Unknown Loader,etherhiding
2026-09-26 22:56:20,1935389,nadavira.com,payload_delivery,Unknown Loader,etherhiding
2026-09-26 22:56:20,1935390,nahalconsumer.ir,payload_delivery,Unknown Loader,etherhiding
2026-09-26 22:56:20,1935391,napafoodgal.com,payload_delivery,Unknown Loader,etherhiding
2026-09-26 22:56:20,1935392,nationalpecan.com,payload_delivery,Unknown Loader,etherhiding
2026-09-26 22:56:20,1935393,naturelodge.pl,payload_delivery,Unknown Loader,etherhiding
2026-09-26 22:56:20,1935394,navcom.fr,payload_delivery,Unknown Loader,etherhiding
2026-09-26 22:56:20,1935395,nestwayhome.com,payload_delivery,Unknown Loader,etherhiding
2026-09-26 22:56:20,1935396,nexosol.org,payload_delivery,Unknown Loader,etherhiding
2026-09-26 22:56:20,1935397,nextfiler.com,payload_delivery,Unknown Loader,etherhiding
2026-09-26 22:56:20,1935398,ngjs.online,payload_delivery,Unknown Loader,etherhiding
2026-09-26 22:56:20,1935399,nhaintampon.com,payload_delivery,Unknown Loader,etherhiding
2026-09-26 22:56:20,1935400,nhalam.com,payload_delivery,Unknown Loader,etherhiding
2026-09-26 22:56:20,1935401,nhaxinhplaza.vn,payload_delivery,Unknown Loader,etherhiding
2026-09-26 22:56:20,1935402,nicholasmarkfoundation.org,payload_delivery,Unknown Loader,etherhiding
2026-09-26 22:56:20,1935403,nossiholdings.co.za,payload_delivery,Unknown Loader,etherhiding
2026-09-26 22:56:20,1935404,novikovvlad.ru,payload_delivery,Unknown Loader,etherhiding
2026-09-26 22:56:20,1935405,nowadaysvibes.com,payload_delivery,Unknown Loader,etherhiding
2026-09-26 22:56:20,1935406,ocean-brokers.com,payload_delivery,Unknown Loader,etherhiding
2026-09-26 22:56:20,1935407,ohmyquiz.fr,payload_delivery,Unknown Loader,etherhiding
2026-09-26 22:56:19,1935358,medusadelivery.com,payload_delivery,Unknown Loader,etherhiding
2026-09-26 22:56:19,1935359,mejoradora.com,payload_delivery,Unknown Loader,etherhiding
2026-09-26 22:56:19,1935360,mensaphilo.com,payload_delivery,Unknown Loader,etherhiding
2026-09-26 22:56:19,1935361,mephhub.org,payload_delivery,Unknown Loader,etherhiding
2026-09-26 22:56:19,1935362,merengazodelatlantico.com,payload_delivery,Unknown Loader,etherhiding
2026-09-26 22:56:19,1935363,metro-kala.com,payload_delivery,Unknown Loader,etherhiding
2026-09-26 22:56:19,1935364,microvoltaic.com,payload_delivery,Unknown Loader,etherhiding
2026-09-26 22:56:19,1935365,midena-karriere.de,payload_delivery,Unknown Loader,etherhiding
2026-09-26 22:56:19,1935366,miss-marquise.com,payload_delivery,Unknown Loader,etherhiding
2026-09-26 22:56:19,1935367,mitchtheactor.com,payload_delivery,Unknown Loader,etherhiding
2026-09-26 22:56:19,1935368,mkcontracting.net,payload_delivery,Unknown Loader,etherhiding
2026-09-26 22:56:19,1935369,mobekip.com,payload_delivery,Unknown Loader,etherhiding
2026-09-26 22:56:19,1935370,mocharisworldwide.com,payload_delivery,Unknown Loader,etherhiding
2026-09-26 22:56:19,1935371,modispacesnile.com,payload_delivery,Unknown Loader,etherhiding
2026-09-26 22:56:19,1935372,mokayfat.com,payload_delivery,Unknown Loader,etherhiding
2026-09-26 22:56:19,1935373,monika-reisenundmehr.at,payload_delivery,Unknown Loader,etherhiding
2026-09-26 22:56:19,1935374,moniscomarineservices.com,payload_delivery,Unknown Loader,etherhiding
2026-09-26 22:56:19,1935375,monusthornews.com,payload_delivery,Unknown Loader,etherhiding
2026-09-26 22:56:19,1935376,moonhome.edu.vn,payload_delivery,Unknown Loader,etherhiding
2026-09-26 22:56:19,1935377,motaymakeup.com,payload_delivery,Unknown Loader,etherhiding
2026-09-26 22:56:19,1935378,motelbenidorn.com,payload_delivery,Unknown Loader,etherhiding
2026-09-26 22:56:19,1935379,motocentralgt.com,payload_delivery,Unknown Loader,etherhiding
2026-09-26 22:56:19,1935380,mplus-lb.com,payload_delivery,Unknown Loader,etherhiding
2026-09-26 22:56:19,1935381,mprint.pub,payload_delivery,Unknown Loader,etherhiding
2026-09-26 22:56:19,1935382,mr7.cl,payload_delivery,Unknown Loader,etherhiding
2026-09-26 22:56:18,1935335,leveldigital.uk,payload_delivery,Unknown Loader,etherhiding
2026-09-26 22:56:18,1935336,lnx.virzicarburanti.it,payload_delivery,Unknown Loader,etherhiding
2026-09-26 22:56:18,1935337,locationmovers.com,payload_delivery,Unknown Loader,etherhiding
2026-09-26 22:56:18,1935338,loyaltydetailservices.com,payload_delivery,Unknown Loader,etherhiding
2026-09-26 22:56:18,1935339,luft-vattenvarmepumpar.se,payload_delivery,Unknown Loader,etherhiding
2026-09-26 22:56:18,1935340,luomakunta.fi,payload_delivery,Unknown Loader,etherhiding
2026-09-26 22:56:18,1935341,luxelivinginnov.com,payload_delivery,Unknown Loader,etherhiding
2026-09-26 22:56:18,1935342,maash313.com,payload_delivery,Unknown Loader,etherhiding
2026-09-26 22:56:18,1935343,mabinterior.com.pk,payload_delivery,Unknown Loader,etherhiding
2026-09-26 22:56:18,1935344,maconuniversal.com,payload_delivery,Unknown Loader,etherhiding
2026-09-26 22:56:18,1935345,mahantamgroup.com,payload_delivery,Unknown Loader,etherhiding
2026-09-26 22:56:18,1935346,maiscorreio.com.br,payload_delivery,Unknown Loader,etherhiding
2026-09-26 22:56:18,1935347,maligiganci.eu,payload_delivery,Unknown Loader,etherhiding
2026-09-26 22:56:18,1935348,mannersmedia.es,payload_delivery,Unknown Loader,etherhiding
2026-09-26 22:56:18,1935349,marhababd.com,payload_delivery,Unknown Loader,etherhiding
2026-09-26 22:56:18,1935350,markapak.com,payload_delivery,Unknown Loader,etherhiding
2026-09-26 22:56:18,1935351,marsclubcadiz.com,payload_delivery,Unknown Loader,etherhiding
2026-09-26 22:56:18,1935352,marx-10grandcentral.com,payload_delivery,Unknown Loader,etherhiding
2026-09-26 22:56:18,1935353,masconsultingenterprises.com,payload_delivery,Unknown Loader,etherhiding
2026-09-26 22:56:18,1935354,mastubemills.com,payload_delivery,Unknown Loader,etherhiding
2026-09-26 22:56:18,1935355,maxpfotografie.de,payload_delivery,Unknown Loader,etherhiding
2026-09-26 22:56:18,1935356,mbsrestorativecentre.com,payload_delivery,Unknown Loader,etherhiding
2026-09-26 22:56:18,1935357,mcb-institute.org,payload_delivery,Unknown Loader,etherhiding
2026-09-26 22:56:17,1935312,jubaerhossen.com,payload_delivery,Unknown Loader,etherhiding
2026-09-26 22:56:17,1935313,kamag-gel.com,payload_delivery,Unknown Loader,etherhiding
2026-09-26 22:56:17,1935314,kamameyscho.de,payload_delivery,Unknown Loader,etherhiding
2026-09-26 22:56:17,1935315,kandocopies.com,payload_delivery,Unknown Loader,etherhiding
2026-09-26 22:56:17,1935316,karazmalab.com,payload_delivery,Unknown Loader,etherhiding
2026-09-26 22:56:17,1935317,karoorganisation.com,payload_delivery,Unknown Loader,etherhiding
2026-09-26 22:56:17,1935318,kdgurukulam.com,payload_delivery,Unknown Loader,etherhiding
2026-09-26 22:56:17,1935319,kinghams-lr.co.uk,payload_delivery,Unknown Loader,etherhiding
2026-09-26 22:56:17,1935320,klaarmetdeles.nl,payload_delivery,Unknown Loader,etherhiding
2026-09-26 22:56:17,1935321,kolkatatravelhub.com,payload_delivery,Unknown Loader,etherhiding
2026-09-26 22:56:17,1935322,kosmimataforyou.gr,payload_delivery,Unknown Loader,etherhiding
2026-09-26 22:56:17,1935323,krushikalyanbiotech.com,payload_delivery,Unknown Loader,etherhiding
2026-09-26 22:56:17,1935324,kupujem.skynekretnine.hr,payload_delivery,Unknown Loader,etherhiding
2026-09-26 22:56:17,1935325,kycid.net,payload_delivery,Unknown Loader,etherhiding
2026-09-26 22:56:17,1935326,lajpalimpex.com,payload_delivery,Unknown Loader,etherhiding
2026-09-26 22:56:17,1935327,lalumiereatelier.com,payload_delivery,Unknown Loader,etherhiding
2026-09-26 22:56:17,1935328,lapuertaestrecha.com,payload_delivery,Unknown Loader,etherhiding
2026-09-26 22:56:17,1935329,laveelabvet.com.br,payload_delivery,Unknown Loader,etherhiding
2026-09-26 22:56:17,1935330,lbrplumbing.com,payload_delivery,Unknown Loader,etherhiding
2026-09-26 22:56:17,1935331,leandroerlich.art,payload_delivery,Unknown Loader,etherhiding
2026-09-26 22:56:17,1935332,lemonvcnetwork.com,payload_delivery,Unknown Loader,etherhiding
2026-09-26 22:56:17,1935333,lenticulaire.photo,payload_delivery,Unknown Loader,etherhiding
2026-09-26 22:56:17,1935334,letotravel.gr,payload_delivery,Unknown Loader,etherhiding
2026-09-26 22:56:16,1935287,homemakersscribe.com,payload_delivery,Unknown Loader,etherhiding
2026-09-26 22:56:16,1935288,horsevet.es,payload_delivery,Unknown Loader,etherhiding
2026-09-26 22:56:16,1935289,hotelleoahm.com,payload_delivery,Unknown Loader,etherhiding
2026-09-26 22:56:16,1935290,houseoffeelings.com,payload_delivery,Unknown Loader,etherhiding
2026-09-26 22:56:16,1935291,hueadn.com,payload_delivery,Unknown Loader,etherhiding
2026-09-26 22:56:16,1935292,hustlehutfitness.com,payload_delivery,Unknown Loader,etherhiding
2026-09-26 22:56:16,1935293,iagrr.org,payload_delivery,Unknown Loader,etherhiding
2026-09-26 22:56:16,1935294,ibgraciaypaz.org,payload_delivery,Unknown Loader,etherhiding
2026-09-26 22:56:16,1935295,idratechitalia.it,payload_delivery,Unknown Loader,etherhiding
2026-09-26 22:56:16,1935296,imer-ribeira.com,payload_delivery,Unknown Loader,etherhiding
2026-09-26 22:56:16,1935297,imforce.co.za,payload_delivery,Unknown Loader,etherhiding
2026-09-26 22:56:16,1935298,impresionea.com,payload_delivery,Unknown Loader,etherhiding
2026-09-26 22:56:16,1935299,independentdeveloper.com,payload_delivery,Unknown Loader,etherhiding
2026-09-26 22:56:16,1935300,inesinsights.de,payload_delivery,Unknown Loader,etherhiding
2026-09-26 22:56:16,1935301,ingwenyatours.co.za,payload_delivery,Unknown Loader,etherhiding
2026-09-26 22:56:16,1935302,inisiar.com,payload_delivery,Unknown Loader,etherhiding
2026-09-26 22:56:16,1935303,irandavari.com,payload_delivery,Unknown Loader,etherhiding
2026-09-26 22:56:16,1935304,irayaina.org,payload_delivery,Unknown Loader,etherhiding
2026-09-26 22:56:16,1935305,it-format.su,payload_delivery,Unknown Loader,etherhiding
2026-09-26 22:56:16,1935306,janpath24.com,payload_delivery,Unknown Loader,etherhiding
2026-09-26 22:56:16,1935307,jennifensports.com,payload_delivery,Unknown Loader,etherhiding
2026-09-26 22:56:16,1935308,jjtyresandrecovery.co.uk,payload_delivery,Unknown Loader,etherhiding
2026-09-26 22:56:16,1935309,joliegoldeg.com,payload_delivery,Unknown Loader,etherhiding
2026-09-26 22:56:16,1935310,jonharrisondesign.co.uk,payload_delivery,Unknown Loader,etherhiding
2026-09-26 22:56:16,1935311,jsipartners.com,payload_delivery,Unknown Loader,etherhiding
2026-09-26 22:56:15,1935261,fox-agency.com,payload_delivery,Unknown Loader,etherhiding
2026-09-26 22:56:15,1935262,fpt-haiphong.vn,payload_delivery,Unknown Loader,etherhiding
2026-09-26 22:56:15,1935263,fragrance-luxury.com,payload_delivery,Unknown Loader,etherhiding
2026-09-26 22:56:15,1935264,frontlineeventhire.com,payload_delivery,Unknown Loader,etherhiding
2026-09-26 22:56:15,1935265,fullmetalgames.it,payload_delivery,Unknown Loader,etherhiding
2026-09-26 22:56:15,1935266,futurassessoria.com.br,payload_delivery,Unknown Loader,etherhiding
2026-09-26 22:56:15,1935267,fymdental.com,payload_delivery,Unknown Loader,etherhiding
2026-09-26 22:56:15,1935268,galaxyvora.com,payload_delivery,Unknown Loader,etherhiding
2026-09-26 22:56:15,1935269,gfparadijs.nl,payload_delivery,Unknown Loader,etherhiding
2026-09-26 22:56:15,1935270,goingviralpr.com,payload_delivery,Unknown Loader,etherhiding
2026-09-26 22:56:15,1935271,golsaan.ir,payload_delivery,Unknown Loader,etherhiding
2026-09-26 22:56:15,1935272,googlegiftcard.com,payload_delivery,Unknown Loader,etherhiding
2026-09-26 22:56:15,1935273,govtjobrasta.com,payload_delivery,Unknown Loader,etherhiding
2026-09-26 22:56:15,1935274,gpoledezma.com,payload_delivery,Unknown Loader,etherhiding
2026-09-26 22:56:15,1935275,grassrootspartyco.com,payload_delivery,Unknown Loader,etherhiding
2026-09-26 22:56:15,1935276,grupnou.cat,payload_delivery,Unknown Loader,etherhiding
2026-09-26 22:56:15,1935277,guilenia.com,payload_delivery,Unknown Loader,etherhiding
2026-09-26 22:56:15,1935278,haimatias.com,payload_delivery,Unknown Loader,etherhiding
2026-09-26 22:56:15,1935279,halkbanaistockholm.se,payload_delivery,Unknown Loader,etherhiding
2026-09-26 22:56:15,1935280,hbv-il.de,payload_delivery,Unknown Loader,etherhiding
2026-09-26 22:56:15,1935281,hgoc.edu.pk,payload_delivery,Unknown Loader,etherhiding
2026-09-26 22:56:15,1935282,hiradincorp.com,payload_delivery,Unknown Loader,etherhiding
2026-09-26 22:56:15,1935283,hmix.ps,payload_delivery,Unknown Loader,etherhiding
2026-09-26 22:56:15,1935284,hodrimeydan.com.tr,payload_delivery,Unknown Loader,etherhiding
2026-09-26 22:56:15,1935285,holidaytrust.in,payload_delivery,Unknown Loader,etherhiding
2026-09-26 22:56:15,1935286,home-connections.be,payload_delivery,Unknown Loader,etherhiding
2026-09-26 22:56:14,1935237,eventsvuk.co.uk,payload_delivery,Unknown Loader,etherhiding
2026-09-26 22:56:14,1935238,everestemp.com,payload_delivery,Unknown Loader,etherhiding
2026-09-26 22:56:14,1935239,exelitycorp.com,payload_delivery,Unknown Loader,etherhiding
2026-09-26 22:56:14,1935240,expliquemoi-encore.fr,payload_delivery,Unknown Loader,etherhiding
2026-09-26 22:56:14,1935241,expressobiagini.com.br,payload_delivery,Unknown Loader,etherhiding
2026-09-26 22:56:14,1935242,extendedfamilyhomecarellc.com,payload_delivery,Unknown Loader,etherhiding
2026-09-26 22:56:14,1935243,fahrlehrerverband-brb.de,payload_delivery,Unknown Loader,etherhiding
2026-09-26 22:56:14,1935244,farcapital.id,payload_delivery,Unknown Loader,etherhiding
2026-09-26 22:56:14,1935245,farrucas.net,payload_delivery,Unknown Loader,etherhiding
2026-09-26 22:56:14,1935246,fassapietra.com,payload_delivery,Unknown Loader,etherhiding
2026-09-26 22:56:14,1935247,fcoramirezabogados.com,payload_delivery,Unknown Loader,etherhiding
2026-09-26 22:56:14,1935248,fedbakbd.com,payload_delivery,Unknown Loader,etherhiding
2026-09-26 22:56:14,1935249,felmore.fr,payload_delivery,Unknown Loader,etherhiding
2026-09-26 22:56:14,1935250,fermentfield.com,payload_delivery,Unknown Loader,etherhiding
2026-09-26 22:56:14,1935251,ferzanmensucat.com.tr,payload_delivery,Unknown Loader,etherhiding
2026-09-26 22:56:14,1935252,finaldraft.co.in,payload_delivery,Unknown Loader,etherhiding
2026-09-26 22:56:14,1935253,fixstrands.co.zw,payload_delivery,Unknown Loader,etherhiding
2026-09-26 22:56:14,1935254,flor2.ca,payload_delivery,Unknown Loader,etherhiding
2026-09-26 22:56:14,1935255,flordeleche.com,payload_delivery,Unknown Loader,etherhiding
2026-09-26 22:56:14,1935256,floresyfloresfusagasuga.com,payload_delivery,Unknown Loader,etherhiding
2026-09-26 22:56:14,1935257,fluffyshandcutdonuts.com,payload_delivery,Unknown Loader,etherhiding
2026-09-26 22:56:14,1935258,fontenaylemarmion.org,payload_delivery,Unknown Loader,etherhiding
2026-09-26 22:56:14,1935259,fornopizzaovens.co.za,payload_delivery,Unknown Loader,etherhiding
2026-09-26 22:56:14,1935260,fowlercoaching.com,payload_delivery,Unknown Loader,etherhiding
2026-09-26 22:56:13,1935230,elizondo.ar,payload_delivery,Unknown Loader,etherhiding
2026-09-26 22:56:13,1935231,elspargrisen.se,payload_delivery,Unknown Loader,etherhiding
2026-09-26 22:56:13,1935232,enterthechangeroom.com,payload_delivery,Unknown Loader,etherhiding
2026-09-26 22:56:13,1935233,ereerea.com,payload_delivery,Unknown Loader,etherhiding
2026-09-26 22:56:13,1935234,erengenc.com,payload_delivery,Unknown Loader,etherhiding
2026-09-26 22:56:13,1935235,ericsteinmyller.ch,payload_delivery,Unknown Loader,etherhiding
2026-09-26 22:56:13,1935236,esterindia.com,payload_delivery,Unknown Loader,etherhiding
2026-09-26 22:56:01,1935223,easytaxpoland.pl,payload_delivery,Unknown Loader,etherhiding
2026-09-26 22:56:01,1935224,ecoste.co.in,payload_delivery,Unknown Loader,etherhiding
2026-09-26 22:56:01,1935225,editions-elembo.com,payload_delivery,Unknown Loader,etherhiding
2026-09-26 22:56:01,1935226,eeyfoundation.com,payload_delivery,Unknown Loader,etherhiding
2026-09-26 22:56:01,1935227,effortlesspublishing.ai,payload_delivery,Unknown Loader,etherhiding
2026-09-26 22:56:01,1935228,elblogdelauramontoya.com,payload_delivery,Unknown Loader,etherhiding
2026-09-26 22:56:01,1935229,elenopata.com,payload_delivery,Unknown Loader,etherhiding
2026-09-26 22:56:00,1935202,delgadostreeservicesllc.com,payload_delivery,Unknown Loader,etherhiding
2026-09-26 22:56:00,1935203,demezcla.com,payload_delivery,Unknown Loader,etherhiding
2026-09-26 22:56:00,1935204,denaplastyara.com,payload_delivery,Unknown Loader,etherhiding
2026-09-26 22:56:00,1935205,denken.mx,payload_delivery,Unknown Loader,etherhiding
2026-09-26 22:56:00,1935206,dentacompvt.com,payload_delivery,Unknown Loader,etherhiding
2026-09-26 22:56:00,1935207,desaglobe.com,payload_delivery,Unknown Loader,etherhiding
2026-09-26 22:56:00,1935208,dexiware.ijs.si,payload_delivery,Unknown Loader,etherhiding
2026-09-26 22:56:00,1935209,diazlifeprotectors.com,payload_delivery,Unknown Loader,etherhiding
2026-09-26 22:56:00,1935210,digicanner.online,payload_delivery,Unknown Loader,etherhiding
2026-09-26 22:56:00,1935211,digital-tec.co.uk,payload_delivery,Unknown Loader,etherhiding
2026-09-26 22:56:00,1935212,discombplacements.com,payload_delivery,Unknown Loader,etherhiding
2026-09-26 22:56:00,1935213,dokhaniat-najafi.com,payload_delivery,Unknown Loader,etherhiding
2026-09-26 22:56:00,1935214,dorota.fr,payload_delivery,Unknown Loader,etherhiding
2026-09-26 22:56:00,1935215,doyennecomines.be,payload_delivery,Unknown Loader,etherhiding
2026-09-26 22:56:00,1935216,drkamaldentalclinic.com,payload_delivery,Unknown Loader,etherhiding
2026-09-26 22:56:00,1935217,drogueriavillar.com,payload_delivery,Unknown Loader,etherhiding
2026-09-26 22:56:00,1935218,dulcesmartinez.com,payload_delivery,Unknown Loader,etherhiding
2026-09-26 22:56:00,1935219,duncanallen.co.uk,payload_delivery,Unknown Loader,etherhiding
2026-09-26 22:56:00,1935220,eagleonelogistics.co.uk,payload_delivery,Unknown Loader,etherhiding
2026-09-26 22:56:00,1935221,eakpaiboon.com,payload_delivery,Unknown Loader,etherhiding
2026-09-26 22:56:00,1935222,easyjettravels.com,payload_delivery,Unknown Loader,etherhiding
2026-09-26 22:55:59,1935178,coach1up.com,payload_delivery,Unknown Loader,etherhiding
2026-09-26 22:55:59,1935179,coastalcareplumbing.com,payload_delivery,Unknown Loader,etherhiding
2026-09-26 22:55:59,1935180,colinwilkinson.co.uk,payload_delivery,Unknown Loader,etherhiding
2026-09-26 22:55:59,1935181,comcret.com.mx,payload_delivery,Unknown Loader,etherhiding
2026-09-26 22:55:59,1935182,communitywestrealestate.com.au,payload_delivery,Unknown Loader,etherhiding
2026-09-26 22:55:59,1935183,computal.co.il,payload_delivery,Unknown Loader,etherhiding
2026-09-26 22:55:59,1935184,conquistatuimperio.com,payload_delivery,Unknown Loader,etherhiding
2026-09-26 22:55:59,1935185,consultingbythigpen.com,payload_delivery,Unknown Loader,etherhiding
2026-09-26 22:55:59,1935186,contentgate.net,payload_delivery,Unknown Loader,etherhiding
2026-09-26 22:55:59,1935187,continuumgrp.com,payload_delivery,Unknown Loader,etherhiding
2026-09-26 22:55:59,1935188,copepar.com.br,payload_delivery,Unknown Loader,etherhiding
2026-09-26 22:55:59,1935189,cortijovistalegre.com,payload_delivery,Unknown Loader,etherhiding
2026-09-26 22:55:59,1935190,craftedwebdemo.com,payload_delivery,Unknown Loader,etherhiding
2026-09-26 22:55:59,1935191,creativemarketingsecrets.com,payload_delivery,Unknown Loader,etherhiding
2026-09-26 22:55:59,1935192,crosa.in,payload_delivery,Unknown Loader,etherhiding
2026-09-26 22:55:59,1935193,ctracministries.com,payload_delivery,Unknown Loader,etherhiding
2026-09-26 22:55:59,1935194,czesci.fmu-martin.pl,payload_delivery,Unknown Loader,etherhiding
2026-09-26 22:55:59,1935195,daghighsport.com,payload_delivery,Unknown Loader,etherhiding
2026-09-26 22:55:59,1935196,damessokken.nl,payload_delivery,Unknown Loader,etherhiding
2026-09-26 22:55:59,1935197,danisfeuerwerk.at,payload_delivery,Unknown Loader,etherhiding
2026-09-26 22:55:59,1935198,davidbrydson.com,payload_delivery,Unknown Loader,etherhiding
2026-09-26 22:55:59,1935199,dawson-sports.com,payload_delivery,Unknown Loader,etherhiding
2026-09-26 22:55:59,1935200,ddataintegrasi.com,payload_delivery,Unknown Loader,etherhiding
2026-09-26 22:55:59,1935201,debrancheexpert.tv,payload_delivery,Unknown Loader,etherhiding
2026-09-26 22:55:58,1935154,brodi.sv,payload_delivery,Unknown Loader,etherhiding
2026-09-26 22:55:58,1935155,btomec.com.br,payload_delivery,Unknown Loader,etherhiding
2026-09-26 22:55:58,1935156,btpofgod.com,payload_delivery,Unknown Loader,etherhiding
2026-09-26 22:55:58,1935157,burro.in,payload_delivery,Unknown Loader,etherhiding
2026-09-26 22:55:58,1935158,businessbrokermagic.com,payload_delivery,Unknown Loader,etherhiding
2026-09-26 22:55:58,1935159,businessplatform.whatswhat.ie,payload_delivery,Unknown Loader,etherhiding
2026-09-26 22:55:58,1935160,bytecubit.com,payload_delivery,Unknown Loader,etherhiding
2026-09-26 22:55:58,1935161,camaraconsultoria.com,payload_delivery,Unknown Loader,etherhiding
2026-09-26 22:55:58,1935162,candlebae.shop,payload_delivery,Unknown Loader,etherhiding
2026-09-26 22:55:58,1935163,careers.cybereye.vn,payload_delivery,Unknown Loader,etherhiding
2026-09-26 22:55:58,1935164,careglob.com,payload_delivery,Unknown Loader,etherhiding
2026-09-26 22:55:58,1935165,carrere-estates.com,payload_delivery,Unknown Loader,etherhiding
2026-09-26 22:55:58,1935166,ccmspb.com,payload_delivery,Unknown Loader,etherhiding
2026-09-26 22:55:58,1935167,cenacolorosminiano.emiliaromagna.it,payload_delivery,Unknown Loader,etherhiding
2026-09-26 22:55:58,1935168,centro-tec.cl,payload_delivery,Unknown Loader,etherhiding
2026-09-26 22:55:58,1935169,certificado-energetico-madrid.com,payload_delivery,Unknown Loader,etherhiding
2026-09-26 22:55:58,1935170,chabaholding.com,payload_delivery,Unknown Loader,etherhiding
2026-09-26 22:55:58,1935171,chemdryla.com,payload_delivery,Unknown Loader,etherhiding
2026-09-26 22:55:58,1935172,chemdryofthefuture.com,payload_delivery,Unknown Loader,etherhiding
2026-09-26 22:55:58,1935173,cherishchildrenhk.org,payload_delivery,Unknown Loader,etherhiding
2026-09-26 22:55:58,1935174,chualanhvakhaisang.com,payload_delivery,Unknown Loader,etherhiding
2026-09-26 22:55:58,1935175,ciccomunicaciones.es,payload_delivery,Unknown Loader,etherhiding
2026-09-26 22:55:58,1935176,clinicaembrace.com.br,payload_delivery,Unknown Loader,etherhiding
2026-09-26 22:55:58,1935177,cmproyectos.com,payload_delivery,Unknown Loader,etherhiding
2026-09-26 22:55:57,1935129,aspltextile.com,payload_delivery,Unknown Loader,etherhiding
2026-09-26 22:55:57,1935130,ateliermath.com,payload_delivery,Unknown Loader,etherhiding
2026-09-26 22:55:57,1935131,attivoinbalans.nl,payload_delivery,Unknown Loader,etherhiding
2026-09-26 22:55:57,1935132,authordeborahsaracini.com,payload_delivery,Unknown Loader,etherhiding
2026-09-26 22:55:57,1935133,baderhumanitarian.com,payload_delivery,Unknown Loader,etherhiding
2026-09-26 22:55:57,1935134,balades-solidaires-moselle.fr,payload_delivery,Unknown Loader,etherhiding
2026-09-26 22:55:57,1935135,bargningbollnas.se,payload_delivery,Unknown Loader,etherhiding
2026-09-26 22:55:57,1935136,bayprodriving.com,payload_delivery,Unknown Loader,etherhiding
2026-09-26 22:55:57,1935137,bazarquasetudo.com.br,payload_delivery,Unknown Loader,etherhiding
2026-09-26 22:55:57,1935138,bcsmediasolutions.com,payload_delivery,Unknown Loader,etherhiding
2026-09-26 22:55:57,1935139,believeconsultings.com,payload_delivery,Unknown Loader,etherhiding
2026-09-26 22:55:57,1935140,better-horse.com,payload_delivery,Unknown Loader,etherhiding
2026-09-26 22:55:57,1935141,bioarte.com.sv,payload_delivery,Unknown Loader,etherhiding
2026-09-26 22:55:57,1935142,biox-corp.com,payload_delivery,Unknown Loader,etherhiding
2026-09-26 22:55:57,1935143,biryaaniwala.com,payload_delivery,Unknown Loader,etherhiding
2026-09-26 22:55:57,1935144,blueprintfortheceo.com,payload_delivery,Unknown Loader,etherhiding
2026-09-26 22:55:57,1935145,bluerockfinancing.com,payload_delivery,Unknown Loader,etherhiding
2026-09-26 22:55:57,1935146,bodrumgazetecilercemiyeti.com,payload_delivery,Unknown Loader,etherhiding
2026-09-26 22:55:57,1935147,borrowwithbetty.com,payload_delivery,Unknown Loader,etherhiding
2026-09-26 22:55:57,1935148,botdesigner.it,payload_delivery,Unknown Loader,etherhiding
2026-09-26 22:55:57,1935149,braboot.com,payload_delivery,Unknown Loader,etherhiding
2026-09-26 22:55:57,1935150,brandigo.co.uk,payload_delivery,Unknown Loader,etherhiding
2026-09-26 22:55:57,1935151,brasilianaviagens.com.br,payload_delivery,Unknown Loader,etherhiding
2026-09-26 22:55:57,1935152,brightfashionbd.com,payload_delivery,Unknown Loader,etherhiding
2026-09-26 22:55:57,1935153,brimoveisshow.com.br,payload_delivery,Unknown Loader,etherhiding
2026-09-26 22:55:56,1935111,albium.es,payload_delivery,Unknown Loader,etherhiding
2026-09-26 22:55:56,1935112,alellc.com,payload_delivery,Unknown Loader,etherhiding
2026-09-26 22:55:56,1935113,alfacabs.in,payload_delivery,Unknown Loader,etherhiding
2026-09-26 22:55:56,1935114,alhayat.kz,payload_delivery,Unknown Loader,etherhiding
2026-09-26 22:55:56,1935115,alladinshih-tzu.com,payload_delivery,Unknown Loader,etherhiding
2026-09-26 22:55:56,1935116,allsummerlandscapingtn.com,payload_delivery,Unknown Loader,etherhiding
2026-09-26 22:55:56,1935117,almaqtabooks.com,payload_delivery,Unknown Loader,etherhiding
2026-09-26 22:55:56,1935118,alrefa.com.my,payload_delivery,Unknown Loader,etherhiding
2026-09-26 22:55:56,1935119,alsephinalodges.co.uk,payload_delivery,Unknown Loader,etherhiding
2026-09-26 22:55:56,1935120,altosdetolhuin.com.ar,payload_delivery,Unknown Loader,etherhiding
2026-09-26 22:55:56,1935121,alycedailey.com,payload_delivery,Unknown Loader,etherhiding
2026-09-26 22:55:56,1935122,americaneagleconstructionok.com,payload_delivery,Unknown Loader,etherhiding
2026-09-26 22:55:56,1935123,andana.cl,payload_delivery,Unknown Loader,etherhiding
2026-09-26 22:55:56,1935124,andersonfest.com,payload_delivery,Unknown Loader,etherhiding
2026-09-26 22:55:56,1935125,ankaragayrimenkuldegerleme.com,payload_delivery,Unknown Loader,etherhiding
2026-09-26 22:55:56,1935126,aortraining.com,payload_delivery,Unknown Loader,etherhiding
2026-09-26 22:55:56,1935127,aplisservicios.com,payload_delivery,Unknown Loader,etherhiding
2026-09-26 22:55:56,1935128,asestudio.pl,payload_delivery,Unknown Loader,etherhiding
2026-09-26 22:55:55,1935091,2rsolar.com.br,payload_delivery,Unknown Loader,etherhiding
2026-09-26 22:55:55,1935092,2srx.com,payload_delivery,Unknown Loader,etherhiding
2026-09-26 22:55:55,1935093,305expo.com,payload_delivery,Unknown Loader,etherhiding
2026-09-26 22:55:55,1935094,32brightdental.com,payload_delivery,Unknown Loader,etherhiding
2026-09-26 22:55:55,1935095,420greencure.com,payload_delivery,Unknown Loader,etherhiding
2026-09-26 22:55:55,1935096,aagaman.in,payload_delivery,Unknown Loader,etherhiding
2026-09-26 22:55:55,1935097,abacusshala.com,payload_delivery,Unknown Loader,etherhiding
2026-09-26 22:55:55,1935098,accessit.com.uy,payload_delivery,Unknown Loader,etherhiding
2026-09-26 22:55:55,1935099,adhemar-conseil.fr,payload_delivery,Unknown Loader,etherhiding
2026-09-26 22:55:55,1935100,adrianmusiol.com,payload_delivery,Unknown Loader,etherhiding
2026-09-26 22:55:55,1935101,adriansilvamedia.com,payload_delivery,Unknown Loader,etherhiding
2026-09-26 22:55:55,1935102,adriasecrets.com,payload_delivery,Unknown Loader,etherhiding
2026-09-26 22:55:55,1935103,advantagesolar.com.au,payload_delivery,Unknown Loader,etherhiding
2026-09-26 22:55:55,1935104,adventdevelopments.co.uk,payload_delivery,Unknown Loader,etherhiding
2026-09-26 22:55:55,1935105,advertisingjobs.co.za,payload_delivery,Unknown Loader,etherhiding
2026-09-26 22:55:55,1935106,advrxonline.com,payload_delivery,Unknown Loader,etherhiding
2026-09-26 22:55:55,1935107,agarwalalloys.com,payload_delivery,Unknown Loader,etherhiding
2026-09-26 22:55:55,1935108,aguiasdojiujitsu.shop,payload_delivery,Unknown Loader,etherhiding
2026-09-26 22:55:55,1935109,ahapizzapasta.sk,payload_delivery,Unknown Loader,etherhiding
2026-09-26 22:55:55,1935110,ahsisports.com,payload_delivery,Unknown Loader,etherhiding
2026-09-26 22:29:22,1935084,ikshop.lk,payload_delivery,Unknown Loader,None
2026-09-26 22:28:16,1935083,13games.net,payload_delivery,Unknown Loader,None
2026-09-26 22:10:46,1935073,fishing-tech.com,payload_delivery,Unknown Loader,None
2026-09-26 22:09:09,1935072,1-1video.com,payload_delivery,Unknown Loader,None
2026-09-26 22:08:05,1935071,www.wajahsulsel.id,payload_delivery,ClearFake,"compromised,EtherHide"
2026-09-26 22:07:57,1935070,www.vppolytechnic.org,payload_delivery,ClearFake,"compromised,EtherHide"
2026-09-26 22:07:55,1935069,www.verbainternat.com.ua,payload_delivery,ClearFake,"compromised,EtherHide"
2026-09-26 21:59:44,1935067,www.victoriamoyle.com,payload_delivery,ClearFake,None
2026-09-26 21:41:10,1935065,jo9cdmnc.cr7iran.ir,payload_delivery,ClearFake,"ClearFake,mac-0x68dc,macos"
2026-09-26 21:41:03,1935064,cr7iran.ir,payload_delivery,ClearFake,ClearFake
2026-09-26 21:25:17,1935063,www.usaimmersion.org,payload_delivery,ClearFake,compromised
2026-09-26 21:15:22,1935062,www.moorejohn.com,payload_delivery,ClearFake,None
2026-09-26 20:51:19,1935057,www.stritabhojian.org,payload_delivery,ClearFake,None
2026-09-26 20:51:06,1935056,www.spiceguruindian.com.au,payload_delivery,ClearFake,None
2026-09-26 20:48:59,1935054,www.taraezell.com,payload_delivery,ClearFake,None
2026-09-26 20:47:54,1935053,www.stopworkorderpinellas.com,payload_delivery,ClearFake,None
2026-09-26 20:46:41,1935051,www.stylive.net,payload_delivery,ClearFake,compromised
2026-09-26 20:46:09,1935050,www.tarantothinktank.it,payload_delivery,ClearFake,compromised
2026-09-26 20:45:41,1935048,www.spytechservices.com,payload_delivery,ClearFake,None
2026-09-26 20:45:06,1935047,www.stfrancistarntaran.com,payload_delivery,ClearFake,None
2026-09-26 20:44:25,1935045,www.stpaulrawan.org,payload_delivery,ClearFake,None
2026-09-26 20:43:31,1935043,www.solvoconsultingservices.com,payload_delivery,ClearFake,None
2026-09-26 20:42:58,1935042,www.spiritmediumlaura.com,payload_delivery,ClearFake,None
2026-09-26 20:35:54,1935041,www.stthomasschoolrajasansi.org,payload_delivery,ClearFake,compromised
2026-09-26 20:35:25,1935040,www.svdetectiveagency.com,payload_delivery,ClearFake,compromised
2026-09-26 20:34:53,1935039,www.stevenparr.net,payload_delivery,ClearFake,compromised
2026-09-26 20:34:24,1935038,www.studiogiordaninalin.it,payload_delivery,ClearFake,compromised
2026-09-26 20:33:53,1935037,www.stock-cartel.com,payload_delivery,ClearFake,compromised
2026-09-26 20:02:30,1935034,816fxrfv.luxerabet1.com,payload_delivery,ClearFake,None
2026-09-26 19:45:30,1935025,s3fg6ji1.usen-burnflow.com,payload_delivery,ClearFake,"ClearFake,mac-0xdcf2,macos"
2026-09-26 19:31:09,1935015,7l7r9wyu.casinowon.bet,payload_delivery,ClearFake,"ClearFake,mac-0x68dc,macos"
2026-09-26 19:30:20,1935014,casinowon.bet,payload_delivery,ClearFake,ClearFake
2026-09-26 19:30:03,1935013,ekklt8vl.sagliklitarif.com,payload_delivery,ClearFake,None
2026-09-26 19:29:32,1935012,sagliklitarif.com,payload_delivery,ClearFake,ClearFake
2026-09-26 19:21:37,1935011,casinokade.online,payload_delivery,ClearFake,ClearFake
2026-09-26 19:21:28,1935010,rocketbet.pro,payload_delivery,ClearFake,ClearFake
2026-09-26 18:56:20,1935004,saintjal-nutrition.ch,payload_delivery,ClearFake,compromised
2026-09-26 18:55:49,1935003,www.rkymtnlncn.com,payload_delivery,ClearFake,None
2026-09-26 18:55:18,1935002,www.premiertsinc.com,payload_delivery,ClearFake,None
2026-09-26 18:54:46,1935001,www.rivacold.co.th,payload_delivery,ClearFake,None
2026-09-26 18:54:15,1935000,www.ristorante-teatro.it,payload_delivery,ClearFake,None
2026-09-26 18:53:44,1934999,www.raideurs.eu,payload_delivery,ClearFake,compromised
2026-09-26 18:53:14,1934997,www.renwakai.it,payload_delivery,ClearFake,compromised
2026-09-26 18:11:06,1934983,metricserveonline.com,payload_delivery,ClearFake,None
2026-09-26 18:10:36,1934982,eventwireix.com,payload_delivery,ClearFake,None
2026-09-26 18:10:06,1934981,analyticroutebox.com,payload_delivery,ClearFake,None
2026-09-26 17:23:21,1934971,l561if8k.capitol303.vip,payload_delivery,ClearFake,None
2026-09-26 17:21:10,1934965,capitol303.vip,payload_delivery,ClearFake,ClearFake
2026-09-26 16:33:01,1934919,trademarkairpro.com,payload_delivery,IClickFix,"ClickFix,Polygon"
2026-09-26 16:33:01,1934920,trakino.fr,payload_delivery,IClickFix,"ClickFix,Polygon"
2026-09-26 16:33:01,1934921,travaux-decoration-maison.fr,payload_delivery,IClickFix,"ClickFix,Polygon"
2026-09-26 16:33:01,1934922,wellness-alternative.com,payload_delivery,IClickFix,None
2026-09-26 16:33:00,1934915,smartfrogeducation.org,payload_delivery,IClickFix,"ClickFix,Polygon"
2026-09-26 16:33:00,1934916,smartmindltd.co.uk,payload_delivery,IClickFix,"ClickFix,Polygon"
2026-09-26 16:33:00,1934917,songsudaraa.com,payload_delivery,IClickFix,"ClickFix,Polygon"
2026-09-26 16:33:00,1934918,stelaparfemy.sk,payload_delivery,IClickFix,"ClickFix,Polygon"
2026-09-26 16:32:59,1934909,realaiworkshop.com,payload_delivery,IClickFix,"ClickFix,Polygon"
2026-09-26 16:32:59,1934910,rebeccaroby.blog,payload_delivery,IClickFix,"ClickFix,Polygon"
2026-09-26 16:32:59,1934911,resiliencychallenge.com,payload_delivery,IClickFix,"ClickFix,Polygon"
2026-09-26 16:32:59,1934912,salle-a-reims.fr,payload_delivery,IClickFix,"ClickFix,Polygon"
2026-09-26 16:32:59,1934913,salle-a-strasbourg.fr,payload_delivery,IClickFix,"ClickFix,Polygon"
2026-09-26 16:32:59,1934914,sanitairesouss.com,payload_delivery,IClickFix,"ClickFix,Polygon"
2026-09-26 16:32:58,1934905,optipix.ca,payload_delivery,IClickFix,"ClickFix,Polygon"
2026-09-26 16:32:58,1934906,padelindoorjaen.com,payload_delivery,IClickFix,"ClickFix,Polygon"
2026-09-26 16:32:58,1934907,patronus.waw.pl,payload_delivery,IClickFix,"ClickFix,Polygon"
2026-09-26 16:32:58,1934908,pigrecopuntozero.com,payload_delivery,IClickFix,"ClickFix,Polygon"
2026-09-26 16:32:57,1934899,mindcaree.com,payload_delivery,IClickFix,"ClickFix,Polygon"
2026-09-26 16:32:57,1934900,mlmmp.com,payload_delivery,IClickFix,"ClickFix,Polygon"
2026-09-26 16:32:57,1934901,murray-nolanberutti.com,payload_delivery,IClickFix,"ClickFix,Polygon"
2026-09-26 16:32:57,1934902,nationalcollegeofhealth.com,payload_delivery,IClickFix,"ClickFix,Polygon"
2026-09-26 16:32:57,1934903,newrosabd.com,payload_delivery,IClickFix,"ClickFix,Polygon"
2026-09-26 16:32:57,1934904,nextdaymarble1.wpenginepowered.com,payload_delivery,IClickFix,"ClickFix,Polygon"
2026-09-26 16:32:56,1934894,lespetillantesprod.com,payload_delivery,IClickFix,"ClickFix,Polygon"
2026-09-26 16:32:56,1934895,losmassos.com,payload_delivery,IClickFix,"ClickFix,Polygon"
2026-09-26 16:32:56,1934896,luckymatrix.co.uk,payload_delivery,IClickFix,"ClickFix,Polygon"
2026-09-26 16:32:56,1934897,m3gallo.hu,payload_delivery,IClickFix,"ClickFix,Polygon"
2026-09-26 16:32:56,1934898,maestridellagrandine.com,payload_delivery,IClickFix,"ClickFix,Polygon"
2026-09-26 16:32:55,1934885,joemobileclean.com,payload_delivery,IClickFix,"ClickFix,Polygon"
2026-09-26 16:32:55,1934886,jofink.com,payload_delivery,IClickFix,"ClickFix,Polygon"
2026-09-26 16:32:55,1934887,journalscrypto.com,payload_delivery,IClickFix,"ClickFix,Polygon"
2026-09-26 16:32:55,1934888,karalistkala.com,payload_delivery,IClickFix,"ClickFix,Polygon"
2026-09-26 16:32:55,1934889,koibrand.es,payload_delivery,IClickFix,"ClickFix,Polygon"
2026-09-26 16:32:55,1934890,krudanaturalstudio.com,payload_delivery,IClickFix,"ClickFix,Polygon"
2026-09-26 16:32:55,1934891,lawnmowerrepairmiamifl.com,payload_delivery,IClickFix,"ClickFix,Polygon"
2026-09-26 16:32:55,1934892,learnstatisticscourse.com,payload_delivery,IClickFix,"ClickFix,Polygon"
2026-09-26 16:32:55,1934893,leelabarani.com,payload_delivery,IClickFix,"ClickFix,Polygon"
2026-09-26 16:32:54,1934879,hala-paris.com,payload_delivery,IClickFix,"ClickFix,Polygon"
2026-09-26 16:32:54,1934880,hestiafashion.vn,payload_delivery,IClickFix,"ClickFix,Polygon"
2026-09-26 16:32:54,1934881,ibnuzubair.com,payload_delivery,IClickFix,"ClickFix,Polygon"
2026-09-26 16:32:54,1934882,icomagency.com.vn,payload_delivery,IClickFix,"ClickFix,Polygon"
2026-09-26 16:32:54,1934883,imprimys.com,payload_delivery,IClickFix,"ClickFix,Polygon"
2026-09-26 16:32:54,1934884,inkalot.co.za,payload_delivery,IClickFix,"ClickFix,Polygon"
2026-09-26 16:32:53,1934872,firstcallkuwait.com,payload_delivery,IClickFix,"ClickFix,Polygon"
2026-09-26 16:32:53,1934873,fixisv388.net,payload_delivery,IClickFix,"ClickFix,Polygon"
2026-09-26 16:32:53,1934874,focalgambling.com,payload_delivery,IClickFix,"ClickFix,Polygon"
2026-09-26 16:32:53,1934875,fonixlife.hu,payload_delivery,IClickFix,"ClickFix,Polygon"
2026-09-26 16:32:53,1934876,freespiritusa.us,payload_delivery,IClickFix,"ClickFix,Polygon"
2026-09-26 16:32:53,1934877,guidaratatouille.com,payload_delivery,IClickFix,"ClickFix,Polygon"
2026-09-26 16:32:53,1934878,gurmen.sk,payload_delivery,IClickFix,"ClickFix,Polygon"
2026-09-26 16:32:52,1934866,drkaitlin.com,payload_delivery,IClickFix,"ClickFix,Polygon"
2026-09-26 16:32:52,1934867,drnimayeganeh.com,payload_delivery,IClickFix,"ClickFix,Polygon"
2026-09-26 16:32:52,1934868,duslermoda.com,payload_delivery,IClickFix,"ClickFix,Polygon"
2026-09-26 16:32:52,1934869,eclat-de-vie.fr,payload_delivery,IClickFix,"ClickFix,Polygon"
2026-09-26 16:32:52,1934870,eyadaat.com,payload_delivery,IClickFix,"ClickFix,Polygon"
2026-09-26 16:32:52,1934871,farmaciasandiego.com,payload_delivery,IClickFix,"ClickFix,Polygon"
2026-09-26 16:32:51,1934859,campograndeinforme.com.br,payload_delivery,IClickFix,"ClickFix,Polygon"
2026-09-26 16:32:51,1934860,cioinsureyou.com,payload_delivery,IClickFix,"ClickFix,Polygon"
2026-09-26 16:32:51,1934861,cleanafrica.org,payload_delivery,IClickFix,"ClickFix,Polygon"
2026-09-26 16:32:51,1934862,dame2coeurs.fr,payload_delivery,IClickFix,"ClickFix,Polygon"
2026-09-26 16:32:51,1934863,davidfeuer.com,payload_delivery,IClickFix,"ClickFix,Polygon"
2026-09-26 16:32:51,1934864,depannage-serrurier-78.com,payload_delivery,IClickFix,"ClickFix,Polygon"
2026-09-26 16:32:51,1934865,depannage-serrurier-94.com,payload_delivery,IClickFix,"ClickFix,Polygon"
2026-09-26 16:32:50,1934849,arcieriterranoaolbia.com,payload_delivery,IClickFix,"ClickFix,Polygon"
2026-09-26 16:32:50,1934850,aslanogullarielektrik.com,payload_delivery,IClickFix,"ClickFix,Polygon"
2026-09-26 16:32:50,1934851,astuces-deco.pro,payload_delivery,IClickFix,"ClickFix,Polygon"
2026-09-26 16:32:50,1934852,auraroserocastro.com,payload_delivery,IClickFix,"ClickFix,Polygon"
2026-09-26 16:32:50,1934853,azerichess.com,payload_delivery,IClickFix,"ClickFix,Polygon"
2026-09-26 16:32:50,1934854,beautybytia.com,payload_delivery,IClickFix,"ClickFix,Polygon"
2026-09-26 16:32:50,1934855,betek.la,payload_delivery,IClickFix,"ClickFix,Polygon"
2026-09-26 16:32:50,1934856,bilisimzamani.net,payload_delivery,IClickFix,"ClickFix,Polygon"
2026-09-26 16:32:50,1934857,bsrealestate.it,payload_delivery,IClickFix,"ClickFix,Polygon"
2026-09-26 16:32:50,1934858,cadreetmoi.com,payload_delivery,IClickFix,"ClickFix,Polygon"
2026-09-26 16:32:49,1934844,911onlinecasino.com,payload_delivery,IClickFix,"ClickFix,Polygon"
2026-09-26 16:32:49,1934845,ablecasinos.com,payload_delivery,IClickFix,"ClickFix,Polygon"
2026-09-26 16:32:49,1934846,alquraanacademy.com,payload_delivery,IClickFix,"ClickFix,Polygon"
2026-09-26 16:32:49,1934847,amc-college.org,payload_delivery,IClickFix,"ClickFix,Polygon"
2026-09-26 16:32:49,1934848,appreciatedapp.com,payload_delivery,IClickFix,"ClickFix,Polygon"
2026-09-26 16:32:38,1934843,8qr.in,payload_delivery,IClickFix,"ClickFix,Polygon"
2026-09-26 15:52:06,1934841,pb6aoj2p.luxerabet.com,payload_delivery,ClearFake,"ClearFake,mac-0x0f14,macos"
2026-09-26 15:51:28,1934840,luxerabet.com,payload_delivery,ClearFake,"26September2026,ClearFake,Commandline,MacOS"
2026-09-26 15:22:25,1934830,pbuwzlmw.bordestan.com,payload_delivery,ClearFake,"ClearFake,mac-0x68dc,macos"
2026-09-26 15:20:21,1934829,bordestan.com,payload_delivery,ClearFake,ClearFake
2026-09-26 15:14:29,1934826,sanmarinogame.com,payload_delivery,IClickFix,ClickFix
2026-09-26 15:14:29,1934827,villarenoir.it,payload_delivery,IClickFix,ClickFix
2026-09-26 15:14:28,1934819,bsmfc.org,payload_delivery,IClickFix,ClickFix
2026-09-26 15:14:28,1934820,cabanon.it,payload_delivery,IClickFix,ClickFix
2026-09-26 15:14:28,1934821,ckc.com.ar,payload_delivery,IClickFix,ClickFix
2026-09-26 15:14:28,1934822,onesunday.studio,payload_delivery,IClickFix,ClickFix
2026-09-26 15:14:28,1934823,perezcalzadilla.com,payload_delivery,IClickFix,ClickFix
2026-09-26 15:14:28,1934824,ratomoto.com,payload_delivery,IClickFix,ClickFix
2026-09-26 15:14:28,1934825,renovo-lab.space,payload_delivery,IClickFix,ClickFix
2026-09-26 15:14:19,1934815,ghostc2.thesmith.online,botnet_cc,Unknown malware,None
2026-09-26 15:14:19,1934816,c2.thesmith.online,botnet_cc,Unknown malware,None
2026-09-26 15:13:53,1934814,www.sante-verte.ch,payload_delivery,ClearFake,"compromised,EtherHide"
2026-09-26 15:12:02,1934813,www.morzine-lesfleurs.com,payload_delivery,ClearFake,"compromised,EtherHide"
2026-09-26 15:11:20,1934809,www.newmgiti.com,payload_delivery,ClearFake,"compromised,EtherHide"
2026-09-26 15:11:20,1934810,www.montagnafutura.com,payload_delivery,ClearFake,"compromised,EtherHide"
2026-09-26 15:11:20,1934811,www.mxgiaverapark.com,payload_delivery,ClearFake,"compromised,EtherHide"
2026-09-26 15:11:19,1934807,www.modernislamicessentials.com,payload_delivery,ClearFake,"compromised,EtherHide"
2026-09-26 15:11:19,1934808,www.monicagrassi.it,payload_delivery,ClearFake,"compromised,EtherHide"
2026-09-26 15:09:37,1934806,bonuliautoparts.com,payload_delivery,ClearFake,ClearFake
2026-09-26 14:43:29,1934803,3scevjvj.usa-lipogummy.com,payload_delivery,ClearFake,"ClearFake,mac-0xdcf2,macos"
2026-09-26 14:43:06,1934802,usa-lipogummy.com,payload_delivery,ClearFake,"26September2026,ClearFake,Commandline,MacOS"
2026-09-26 14:22:53,1934789,8lnif7kd.risk.com.sg,payload_delivery,ClearFake,"ClearFake,mac-0x76c7,macos"
2026-09-26 14:14:14,1934786,remember-autoparts.com,payload_delivery,ClearFake,ClearFake
2026-09-26 12:50:13,1934758,9wudfh68.binazirvarzesh.ir,payload_delivery,ClearFake,"ClearFake,mac-0x68dc,macos"
2026-09-26 12:49:28,1934757,binazirvarzesh.ir,payload_delivery,ClearFake,ClearFake
2026-09-26 12:40:44,1934743,bilyardkade.online,payload_delivery,ClearFake,ClearFake
2026-09-26 12:13:02,1934716,autopartesjavier.com.mx,payload_delivery,IClickFix,"ClearFake,ClickFix"
2026-09-26 12:13:02,1934718,blazinkajunnorth.com,payload_delivery,IClickFix,"ClearFake,ClickFix"
2026-09-26 12:13:01,1934719,cortinasdeacerodlux.com,payload_delivery,IClickFix,"ClearFake,ClickFix"
2026-09-26 12:13:01,1934724,comtecdev.com,payload_delivery,IClickFix,"ClearFake,ClickFix"
2026-09-26 12:13:00,1934720,former-agir-normandie.fr,payload_delivery,IClickFix,"ClearFake,ClickFix"
2026-09-26 12:12:59,1934721,melangeparfum.com,payload_delivery,IClickFix,"ClearFake,ClickFix"
2026-09-26 12:12:58,1934722,mondeevent.com,payload_delivery,IClickFix,"ClearFake,ClickFix"
2026-09-26 12:12:58,1934723,playlist-thematique.fr,payload_delivery,IClickFix,"ClearFake,ClickFix"
2026-09-26 11:41:33,1934736,ay061ods.livesoccer.ir,payload_delivery,ClearFake,"ClearFake,mac-0x0f14,macos"
2026-09-26 11:40:30,1934733,livesoccer.ir,payload_delivery,ClearFake,None
2026-09-26 11:30:51,1934732,livebetkade.com,payload_delivery,ClearFake,"26September2026,ClearFake,Commandline,MacOS"
2026-09-26 11:14:58,1934730,vukifume.workers.dev,botnet_cc,php.shin_webshell,"Cloudflare,GIF,PHP,webshell,WordPress,workers.dev,wp-admin"
2026-09-26 10:05:06,1934693,honeytrail.cc,botnet_cc,ACR Stealer,ACRStealer
2026-09-26 10:05:06,1934694,russetmoor.cc,botnet_cc,ACR Stealer,ACRStealer
2026-09-26 10:05:06,1934695,apricotrun.cc,botnet_cc,ACR Stealer,ACRStealer
2026-09-26 10:05:06,1934696,quiverlake.cc,botnet_cc,ACR Stealer,ACRStealer
2026-09-26 09:24:31,1934667,turboagentsai.com,payload_delivery,IClickFix,"ClickFix,Mac"
2026-09-26 09:24:31,1934668,urdu.i360.pk,payload_delivery,IClickFix,"ClickFix,Mac"
2026-09-26 09:24:31,1934669,vasikgo.com,payload_delivery,IClickFix,"ClickFix,Mac"
2026-09-26 09:24:31,1934670,viacaotriunfo.com.br,payload_delivery,IClickFix,"ClickFix,Mac"
2026-09-26 09:24:31,1934671,viajanteemserie.com.br,payload_delivery,IClickFix,"ClickFix,Mac"
2026-09-26 09:24:31,1934672,weeblueranch.com,payload_delivery,IClickFix,"ClickFix,Mac"
2026-09-26 09:24:31,1934673,wholefamilieshome.com,payload_delivery,IClickFix,"ClickFix,Mac"
2026-09-26 09:24:31,1934674,wolvshoes.com,payload_delivery,IClickFix,"ClickFix,Mac"
2026-09-26 09:24:31,1934675,www.deramoimballaggi.it,payload_delivery,IClickFix,"ClickFix,Mac"
2026-09-26 09:24:31,1934676,www.mixxtees.com,payload_delivery,IClickFix,"ClickFix,Mac"
2026-09-26 09:24:31,1934677,www.stealthcompliance.com,payload_delivery,IClickFix,"ClickFix,Mac"
2026-09-26 09:24:31,1934678,www.stonecraftfloors.com,payload_delivery,IClickFix,"ClickFix,Mac"
2026-09-26 09:24:31,1934679,www.usargentia.it,payload_delivery,IClickFix,"ClickFix,Mac"
2026-09-26 09:24:31,1934680,xaydungcaitaohomehn.com,payload_delivery,IClickFix,"ClickFix,Mac"
2026-09-26 09:24:31,1934681,zoharkitchen.co.il,payload_delivery,IClickFix,"ClickFix,Mac"
2026-09-26 09:24:30,1934640,henanpullur.com,payload_delivery,IClickFix,"ClickFix,Mac"
2026-09-26 09:24:30,1934641,herczegileander.hu,payload_delivery,IClickFix,"ClickFix,Mac"
2026-09-26 09:24:30,1934642,hsiddiquemdpa.com,payload_delivery,IClickFix,"ClickFix,Mac"
2026-09-26 09:24:30,1934643,hydromappers.com,payload_delivery,IClickFix,"ClickFix,Mac"
2026-09-26 09:24:30,1934644,icemanservices.uk,payload_delivery,IClickFix,"ClickFix,Mac"
2026-09-26 09:24:30,1934645,initcomplv.ma,payload_delivery,IClickFix,"ClickFix,Mac"
2026-09-26 09:24:30,1934646,innolife.com.vn,payload_delivery,IClickFix,"ClickFix,Mac"
2026-09-26 09:24:30,1934647,kaiice.com,payload_delivery,IClickFix,"ClickFix,Mac"
2026-09-26 09:24:30,1934648,kinnarijain.com,payload_delivery,IClickFix,"ClickFix,Mac"
2026-09-26 09:24:30,1934649,knitasst.com,payload_delivery,IClickFix,"ClickFix,Mac"
2026-09-26 09:24:30,1934650,lastpointtrading.com,payload_delivery,IClickFix,"ClickFix,Mac"
2026-09-26 09:24:30,1934651,legale-mischung.net,payload_delivery,IClickFix,"ClickFix,Mac"
2026-09-26 09:24:30,1934652,lizzardinsure.co.za,payload_delivery,IClickFix,"ClickFix,Mac"
2026-09-26 09:24:30,1934653,mabupal.com.pe,payload_delivery,IClickFix,"ClickFix,Mac"
2026-09-26 09:24:30,1934654,mehraeenlawfirm.com,payload_delivery,IClickFix,"ClickFix,Mac"
2026-09-26 09:24:30,1934655,mogi.com.ng,payload_delivery,IClickFix,"ClickFix,Mac"
2026-09-26 09:24:30,1934656,munibalanya.gob.gt,payload_delivery,IClickFix,"ClickFix,Mac"
2026-09-26 09:24:30,1934657,my-hosting.co.il,payload_delivery,IClickFix,"ClickFix,Mac"
2026-09-26 09:24:30,1934658,naturliebgaerten.de,payload_delivery,IClickFix,"ClickFix,Mac"
2026-09-26 09:24:30,1934659,nayz.co.id,payload_delivery,IClickFix,"ClickFix,Mac"
2026-09-26 09:24:30,1934660,neurowellcounseling.com,payload_delivery,IClickFix,"ClickFix,Mac"
2026-09-26 09:24:30,1934661,parfumerie-elegance.tn,payload_delivery,IClickFix,"ClickFix,Mac"
2026-09-26 09:24:30,1934662,riyadh-house.com,payload_delivery,IClickFix,"ClickFix,Mac"
2026-09-26 09:24:30,1934663,softivox.com,payload_delivery,IClickFix,"ClickFix,Mac"
2026-09-26 09:24:30,1934664,solareda.ro,payload_delivery,IClickFix,"ClickFix,Mac"
2026-09-26 09:24:30,1934665,techtifiedsolutions.com,payload_delivery,IClickFix,"ClickFix,Mac"
2026-09-26 09:24:30,1934666,theleonsjacket.com,payload_delivery,IClickFix,"ClickFix,Mac"
2026-09-26 09:24:29,1934617,advanta-realestate.de,payload_delivery,IClickFix,"ClickFix,Mac"
2026-09-26 09:24:29,1934618,amazingfitness.co.za,payload_delivery,IClickFix,"ClickFix,Mac"
2026-09-26 09:24:29,1934619,ambassadorolubejide.com,payload_delivery,IClickFix,"ClickFix,Mac"
2026-09-26 09:24:29,1934620,astrumsteel.com,payload_delivery,IClickFix,"ClickFix,Mac"
2026-09-26 09:24:29,1934621,autumntextile.com,payload_delivery,IClickFix,"ClickFix,Mac"
2026-09-26 09:24:29,1934622,bhpbusiness.pl,payload_delivery,IClickFix,"ClickFix,Mac"
2026-09-26 09:24:29,1934623,buildersbliss.ca,payload_delivery,IClickFix,"ClickFix,Mac"
2026-09-26 09:24:29,1934624,celine-gronek.fr,payload_delivery,IClickFix,"ClickFix,Mac"
2026-09-26 09:24:29,1934625,clearwaterqigong.com,payload_delivery,IClickFix,"ClickFix,Mac"
2026-09-26 09:24:29,1934626,codingseekho.in,payload_delivery,IClickFix,"ClickFix,Mac"
2026-09-26 09:24:29,1934627,corpwis.com,payload_delivery,IClickFix,"ClickFix,Mac"
2026-09-26 09:24:29,1934628,daneshtahlil.com,payload_delivery,IClickFix,"ClickFix,Mac"
2026-09-26 09:24:29,1934629,dewahoki88gacor.org,payload_delivery,IClickFix,"ClickFix,Mac"
2026-09-26 09:24:29,1934630,dulha-dulhan.com,payload_delivery,IClickFix,"ClickFix,Mac"
2026-09-26 09:24:29,1934631,elasora.com,payload_delivery,IClickFix,"ClickFix,Mac"
2026-09-26 09:24:29,1934632,elitesupplementslb.com,payload_delivery,IClickFix,"ClickFix,Mac"
2026-09-26 09:24:29,1934633,elvinero.pe,payload_delivery,IClickFix,"ClickFix,Mac"
2026-09-26 09:24:29,1934634,enhancedrealizm.com,payload_delivery,IClickFix,"ClickFix,Mac"
2026-09-26 09:24:29,1934635,eventroom.es,payload_delivery,IClickFix,"ClickFix,Mac"
2026-09-26 09:24:29,1934636,eyescan.com.br,payload_delivery,IClickFix,"ClickFix,Mac"
2026-09-26 09:24:29,1934637,g3soilworks.com,payload_delivery,IClickFix,"ClickFix,Mac"
2026-09-26 09:24:29,1934638,genericcorner.net,payload_delivery,IClickFix,"ClickFix,Mac"
2026-09-26 09:24:29,1934639,helloworldscaffolding.com,payload_delivery,IClickFix,"ClickFix,Mac"
2026-09-26 09:18:37,1934616,s0y9huzr.ravanshenasibartar.com,payload_delivery,ClearFake,"ClearFake,mac-0x76c7,macos"
2026-09-26 09:13:25,1934615,ravanshenasibartar.com,payload_delivery,ClearFake,ClearFake
2026-09-26 09:06:44,1934606,www.bookson7thave.com,payload_delivery,vSkimmer,"Skimming,victim"
2026-09-26 09:06:44,1934607,www.fosterbooks.co.uk,payload_delivery,vSkimmer,"Skimming,victim"
2026-09-26 09:06:44,1934608,www.gibsonbooks.com,payload_delivery,vSkimmer,"Skimming,victim"
2026-09-26 09:06:44,1934609,www.lectioz.com,payload_delivery,vSkimmer,"Skimming,victim"
2026-09-26 09:06:44,1934610,www.literarycatbooks.com,payload_delivery,vSkimmer,"Skimming,victim"
2026-09-26 09:06:44,1934611,www.mostlyusefulfictions.com,payload_delivery,vSkimmer,"Skimming,victim"
2026-09-26 09:06:44,1934612,www.roundtablebooks.com,payload_delivery,vSkimmer,"Skimming,victim"
2026-09-26 09:06:44,1934613,www.thebooktique.org,payload_delivery,vSkimmer,"Skimming,victim"
2026-09-26 09:06:44,1934614,www.vintage-books.com,payload_delivery,vSkimmer,"Skimming,victim"
2026-09-26 08:56:52,1934592,junebrook.cc,botnet_cc,ACR Stealer,ACRStealer
2026-09-26 08:56:52,1934593,kelpstone.cc,botnet_cc,ACR Stealer,ACRStealer
2026-09-26 08:56:52,1934594,kestrelbay.cc,botnet_cc,ACR Stealer,ACRStealer
2026-09-26 08:56:52,1934595,kilogramwomanlike.cc,botnet_cc,ACR Stealer,ACRStealer
2026-09-26 08:56:52,1934596,koalafield.cc,botnet_cc,ACR Stealer,ACRStealer
2026-09-26 08:56:52,1934597,linenwood.cc,botnet_cc,ACR Stealer,ACRStealer
2026-09-26 08:56:52,1934598,logicbyte.cc,botnet_cc,ACR Stealer,ACRStealer
2026-09-26 08:56:52,1934599,lowenbay.cc,botnet_cc,ACR Stealer,ACRStealer
2026-09-26 08:56:52,1934600,peddlingconjure.cc,botnet_cc,ACR Stealer,ACRStealer
2026-09-26 08:56:52,1934601,swiftflux.cc,botnet_cc,ACR Stealer,ACRStealer
2026-09-26 08:56:52,1934602,webforq.cc,botnet_cc,ACR Stealer,ACRStealer
2026-09-26 08:56:52,1934603,wisebyte.cc,botnet_cc,ACR Stealer,ACRStealer
2026-09-26 08:56:51,1934563,bramblefox.cc,botnet_cc,ACR Stealer,ACRStealer
2026-09-26 08:56:51,1934564,brightloop.cc,botnet_cc,ACR Stealer,ACRStealer
2026-09-26 08:56:51,1934565,buildcraft.cc,botnet_cc,ACR Stealer,ACRStealer
2026-09-26 08:56:51,1934566,byteforj.cc,botnet_cc,ACR Stealer,ACRStealer
2026-09-26 08:56:51,1934567,bytestream.cc,botnet_cc,ACR Stealer,ACRStealer
2026-09-26 08:56:51,1934568,bytestreem.cc,botnet_cc,ACR Stealer,ACRStealer
2026-09-26 08:56:51,1934569,cachehub.cc,botnet_cc,ACR Stealer,ACRStealer
2026-09-26 08:56:51,1934570,cachenest.cc,botnet_cc,ACR Stealer,ACRStealer
2026-09-26 08:56:51,1934571,cinderlake.cc,botnet_cc,ACR Stealer,ACRStealer
2026-09-26 08:56:51,1934572,clearflux.cc,botnet_cc,ACR Stealer,ACRStealer
2026-09-26 08:56:51,1934573,cleverstack.cc,botnet_cc,ACR Stealer,ACRStealer
2026-09-26 08:56:51,1934574,cloudbite.cc,botnet_cc,ACR Stealer,ACRStealer
2026-09-26 08:56:51,1934575,cloudbyt.cc,botnet_cc,ACR Stealer,ACRStealer
2026-09-26 08:56:51,1934576,compilehub.cc,botnet_cc,ACR Stealer,ACRStealer
2026-09-26 08:56:51,1934577,dovewick.cc,botnet_cc,ACR Stealer,ACRStealer
2026-09-26 08:56:51,1934578,duskmoor.cc,botnet_cc,ACR Stealer,ACRStealer
2026-09-26 08:56:51,1934579,eaglehurst.cc,botnet_cc,ACR Stealer,ACRStealer
2026-09-26 08:56:51,1934580,elmquarry.cc,botnet_cc,ACR Stealer,ACRStealer
2026-09-26 08:56:51,1934581,foxglade.cc,botnet_cc,ACR Stealer,ACRStealer
2026-09-26 08:56:51,1934582,frostmere.cc,botnet_cc,ACR Stealer,ACRStealer
2026-09-26 08:56:51,1934583,garnetmill.cc,botnet_cc,ACR Stealer,ACRStealer
2026-09-26 08:56:51,1934584,gingerfall.cc,botnet_cc,ACR Stealer,ACRStealer
2026-09-26 08:56:51,1934585,glenmere.cc,botnet_cc,ACR Stealer,ACRStealer
2026-09-26 08:56:51,1934586,gridnest.cc,botnet_cc,ACR Stealer,ACRStealer
2026-09-26 08:56:51,1934587,hemlockbay.cc,botnet_cc,ACR Stealer,ACRStealer
2026-09-26 08:56:51,1934588,hexforge.cc,botnet_cc,ACR Stealer,ACRStealer
2026-09-26 08:56:51,1934589,humiliatepreseason.cc,botnet_cc,ACR Stealer,ACRStealer
2026-09-26 08:56:51,1934590,indigowell.cc,botnet_cc,ACR Stealer,ACRStealer
2026-09-26 08:56:51,1934591,irispoint.cc,botnet_cc,ACR Stealer,ACRStealer
2026-09-26 08:56:50,1934559,acornvista.cc,botnet_cc,ACR Stealer,ACRStealer
2026-09-26 08:56:50,1934560,aldercove.cc,botnet_cc,ACR Stealer,ACRStealer
2026-09-26 08:56:50,1934561,basilcrest.cc,botnet_cc,ACR Stealer,ACRStealer
2026-09-26 08:56:50,1934562,boldforge.cc,botnet_cc,ACR Stealer,ACRStealer
2026-09-26 08:55:35,1934558,vivyqyxi.workers.dev,botnet_cc,php.shin_webshell,"Cloudflare,GIF,PHP,webshell,WordPress,workers.dev,wp-admin"
2026-09-26 08:48:57,1934557,kojexala.workers.dev,botnet_cc,php.shin_webshell,"Cloudflare,GIF,PHP,webshell,WordPress,workers.dev,wp-admin"
2026-09-26 08:48:24,1934555,eee48.cc,botnet_cc,ACR Stealer,ACRStealer
2026-09-26 08:48:24,1934556,targetstore.cc,botnet_cc,ACR Stealer,ACRStealer
2026-09-26 08:47:26,1934550,boulderleaf.cc,botnet_cc,ACR Stealer,ACRStealer
2026-09-26 08:47:26,1934551,clovermark.cc,botnet_cc,ACR Stealer,ACRStealer
2026-09-26 08:47:26,1934552,dewberryhill.cc,botnet_cc,ACR Stealer,ACRStealer
2026-09-26 08:47:26,1934553,firgrove.cc,botnet_cc,ACR Stealer,ACRStealer
2026-09-26 08:47:26,1934554,sableyard.cc,botnet_cc,ACR Stealer,ACRStealer
2026-09-26 08:44:54,1934549,gw.quiverlake.cc,botnet_cc,ACR Stealer,ACRStealer
2026-09-26 08:44:34,1934548,status.russetmoor.cc,botnet_cc,ACR Stealer,ACRStealer
2026-09-26 08:33:40,1934537,ransomoefralti2zh5nrv7iqybp3d5b4a2eeecz5yjosp7ggbepj7iyd.onion,botnet_cc,Unknown malware,"everest,ransomware"
2026-09-26 08:33:39,1934536,ransomocmou6mnbquqz44ewosbkjk3o5qjsl3orawojexfook2j7esad.onion,botnet_cc,Unknown malware,"everest,ransomware"
2026-09-26 08:33:39,1934538,everestndkvzcibcje2cqxhre2hmmybl3rn2gwzwsblz7gx6uryn5rad.onion,botnet_cc,Unknown malware,"everest,ransomware"
2026-09-26 08:33:39,1934539,gxp6yt3wdj7yky27j37jfrrbkuy24n2zo5uxyuoy23uf76d6m2gnfpid.onion,botnet_cc,Unknown malware,"everest,ransomware"
2026-09-26 08:33:38,1934540,aihvh6j6fbkfjyc6jqbsh2ed4s3rym2v2pu6kd3z3exdso2xc2qwcuqd.onion,botnet_cc,Unknown malware,"everest,ransomware"
2026-09-26 08:33:38,1934541,bifpwatchoxp7tsb2kpes37b23ogjrb2kj4wgr7yncf4hhgsfahu7jad.onion,botnet_cc,Unknown malware,"everest,ransomware"
2026-09-26 08:33:38,1934542,2vqamwfdpis5rkjtpkutigykp56n6hkxfurm6qukdxp6uz5uff5kkaid.onion,botnet_cc,Unknown malware,"everest,ransomware"
2026-09-26 08:33:37,1934543,4p2hmbuy36oau64fcvwz2yvdw7eptlkionm46p2m2cs6dmhone5mxiyd.onion,botnet_cc,Unknown malware,"everest,ransomware"
2026-09-26 08:33:37,1934544,wyviwn66c5fhgjkdzn7u3tcp2jc5gr3vamgzzrey5rtzogivofxsecyd.onion,botnet_cc,Unknown malware,"everest,ransomware"
2026-09-26 08:30:27,1934547,znzk3tim.betyek.net,payload_delivery,ClearFake,"ClearFake,mac-0x68dc,macos"
2026-09-26 08:19:55,1934545,beliefdesk.xyz,botnet_cc,Unknown Loader,OffLoader
2026-09-26 07:45:04,1934527,maple30.com,payload_delivery,AMOS,"AMOS,ClickFix,Foxveil,macOS,quill"
2026-09-26 07:16:21,1934526,uhwyehxa.leo10.ir,payload_delivery,ClearFake,"ClearFake,mac-0x0f14,macos"
2026-09-26 07:14:56,1934524,leo10.ir,payload_delivery,ClearFake,"26September2026,ClearFake,Commandline,MacOS"
2026-09-26 07:04:07,1934521,dahawetu.workers.dev,botnet_cc,php.shin_webshell,"Cloudflare,GIF,PHP,webshell,WordPress,workers.dev,wp-admin"
2026-09-26 06:54:18,1934520,iy1wc825fz.workers.dev,botnet_cc,php.shin_webshell,"Cloudflare,GIF,PHP,webshell,WordPress,workers.dev,wp-admin"
2026-09-26 06:24:34,1934519,c71414tk.betxane.com,payload_delivery,ClearFake,"ClearFake,mac-0x68dc,macos"
2026-09-26 06:23:40,1934518,beauty-tech.de,payload_delivery,ClearFake,"compromised,EtherHide"
2026-09-26 06:20:51,1932829,new-projection.zelenie.info,payload_delivery,Unknown malware,"cloudflare,credential-phishing,document-lure,phishing,switzerland"
2026-09-26 06:20:49,1932847,wasp.blinqueofficial.com,botnet_cc,ClearFake,"ClearFake,ClickFix,EtherHiding"
2026-09-26 06:20:48,1932848,duck.bergamonerazzurra.com,botnet_cc,ClearFake,"ClearFake,ClickFix,EtherHiding"
2026-09-26 06:20:48,1932857,schinner.icu,payload_delivery,KongTuke,KongTuke
2026-09-26 06:20:46,1933389,gemscocl.com,botnet_cc,Lumma Stealer,"ClickFix,Lumma,LummaC2"
2026-09-26 06:20:45,1933412,astroflowsystems.lol,payload_delivery,Lumma Stealer,"ClickFix,Lumma,LummaC2"
2026-09-26 06:20:43,1934156,ninjamysticblade.cfd,payload_delivery,Lumma Stealer,"ClickFix,Lumma,LummaC2"
2026-09-26 06:20:42,1934163,quillchant14.com,payload_delivery,AMOS,"AMOS,ClickFix,Foxveil,macOS"
2026-09-26 06:20:40,1934164,journey-5.com,botnet_cc,AMOS,"AMOS,ClickFix,Foxveil,macOS"
2026-09-26 06:20:25,1934316,aprilrecactivepro.org,botnet_cc,Unknown malware,"adobe,ConnectWise,fake-adobe,rmm,ScreenConnect"
2026-09-26 06:20:25,1934317,ow-api.behzad.eu.org,botnet_cc,FAKEUPDATES,SocGholish
2026-09-26 06:20:23,1934365,wrdn.su,botnet_cc,Unknown Stealer,"c2,WARDENStealer"
2026-09-26 06:20:21,1934367,orospucocu.sbs,botnet_cc,Unknown RAT,"IRAHook,RAT,Stealer"
2026-09-26 06:20:19,1934388,tryclix.com,payload_delivery,MacSync,"ClickFix,macOS,MacSync"
2026-09-26 06:20:16,1934392,capricecapitalpartners.com,botnet_cc,MacSync,"ClickFix,macOS,MacSync"
2026-09-26 06:20:12,1934422,ant.bergamonerazzurra.com,botnet_cc,ClearFake,"ClearFake,ClickFix,EtherHiding"
2026-09-26 06:20:11,1934423,fish.alexiagavela.com,botnet_cc,ClearFake,"ClearFake,ClickFix,EtherHiding"
2026-09-26 05:07:58,1934513,pajype.workers.dev,botnet_cc,php.shin_webshell,"Cloudflare,GIF,PHP,webshell,WordPress,workers.dev,wp-admin"
2026-09-26 04:42:28,1934509,cggdjdnl.us-usa-burnflow.com,payload_delivery,ClearFake,"ClearFake,mac-0xdcf2,macos"
2026-09-26 04:23:27,1934507,urcvafs7.betwoon.art,payload_delivery,ClearFake,"ClearFake,mac-0x68dc,macos"
2026-09-26 04:21:09,1934506,betwoon.art,payload_delivery,ClearFake,ClearFake
2026-09-26 04:14:42,1934505,aoeonafh.rapfarsino.ir,payload_delivery,ClearFake,"ClearFake,mac-0x76c7,macos"
2026-09-26 04:12:31,1934504,rapfarsino.ir,payload_delivery,ClearFake,ClearFake
2026-09-26 03:59:13,1934501,i-dum.cz,payload_delivery,ClearFake,"compromised,EtherHide"
2026-09-26 03:24:20,1934484,rsfcr.com,payload_delivery,ClearFake,"compromised,EtherHide"
2026-09-26 03:08:00,1934483,2q3w0to0.leagueiran.site,payload_delivery,ClearFake,"ClearFake,mac-0x0f14,macos"
2026-09-26 03:05:18,1934482,leagueiran.site,payload_delivery,ClearFake,"26September2026,ClearFake,Commandline,MacOS"
2026-09-26 03:01:27,1934480,lyhoxegy.workers.dev,botnet_cc,php.shin_webshell,"Cloudflare,GIF,PHP,webshell,WordPress,workers.dev,wp-admin"
2026-09-26 02:57:14,1934479,semafort.com,payload_delivery,ClearFake,"compromised,EtherHide"
2026-09-26 02:57:13,1934478,spirit-advisors.bien-fonde.com,payload_delivery,ClearFake,"compromised,EtherHide"
2026-09-26 02:53:34,1934477,emeralddrucie.workers.dev,botnet_cc,php.shin_webshell,"Cloudflare,GIF,PHP,webshell,WordPress,workers.dev,wp-admin"
2026-09-26 02:21:11,1934456,8v15nxrn.betwanna.com,payload_delivery,ClearFake,"ClearFake,mac-0x68dc,macos"
2026-09-26 02:01:42,1934454,betpoop.com,payload_delivery,ClearFake,ClearFake
2026-09-26 01:49:51,1934452,gameofthronesshow.com,payload_delivery,ClearFake,"compromised,EtherHide"
2026-09-26 01:49:21,1934451,fish.alexiagavela.com,payload_delivery,ClearFake,"ClearFake,ClickFix,ErrTraffic,EtherHiding"
2026-09-26 01:06:44,1934428,wuhokefa.workers.dev,botnet_cc,php.shin_webshell,"Cloudflare,GIF,PHP,webshell,WordPress,workers.dev,wp-admin"
2026-09-26 01:05:36,1934427,nu.27trans.org,botnet_cc,Vidar,Vidar
2026-09-26 00:59:08,1934424,mopulu.workers.dev,botnet_cc,php.shin_webshell,"Cloudflare,GIF,PHP,webshell,WordPress,workers.dev,wp-admin"
2026-09-26 00:03:37,1934397,3yd4y3p7.betlikee.co,payload_delivery,ClearFake,"ClearFake,mac-0x68dc,macos"
2026-09-26 00:00:56,1934396,betlikee.co,payload_delivery,ClearFake,ClearFake
2026-09-25 23:41:28,1934395,3nx9nb3g.twin303.vip,payload_delivery,ClearFake,"ClearFake,mac-0xdcf2,macos"
2026-09-25 23:41:11,1934394,twin303.vip,payload_delivery,ClearFake,"25September2026,ClearFake,Commandline,MacOS"
2026-09-25 23:12:52,1934387,kemoe69471.workers.dev,botnet_cc,php.shin_webshell,"Cloudflare,GIF,PHP,webshell,WordPress,workers.dev,wp-admin"
2026-09-25 23:12:26,1934386,75n8awc5.rangezendegi.com,payload_delivery,ClearFake,"ClearFake,mac-0x76c7,macos"
2026-09-25 23:11:06,1934385,rangezendegi.com,payload_delivery,ClearFake,ClearFake
2026-09-25 23:06:57,1934384,mowanubi.workers.dev,botnet_cc,php.shin_webshell,"Cloudflare,GIF,PHP,webshell,WordPress,workers.dev,wp-admin"
2026-09-25 22:55:33,1934382,ey7e1ee6.kom303.com,payload_delivery,ClearFake,"ClearFake,mac-0x0f14,macos"
2026-09-25 22:54:11,1934381,kom303.com,payload_delivery,ClearFake,"25September2026,ClearFake,Commandline,MacOS"
2026-09-25 22:01:13,1934379,rqecwy9l.betgit.casino,payload_delivery,ClearFake,"ClearFake,mac-0x68dc,macos"
2026-09-25 21:19:08,1934375,xupasyda.workers.dev,botnet_cc,php.shin_webshell,"Cloudflare,GIF,PHP,webshell,WordPress,workers.dev,wp-admin"
2026-09-25 21:14:06,1934374,vdlvfw2krt.workers.dev,botnet_cc,php.shin_webshell,"Cloudflare,GIF,PHP,webshell,WordPress,workers.dev,wp-admin"
2026-09-25 21:12:57,1934373,www.desevillanasmaneras.es,payload_delivery,ClearFake,"compromised,EtherHide"
2026-09-25 21:12:56,1934372,www.jtamortgage.com,payload_delivery,ClearFake,"compromised,EtherHide"
2026-09-25 21:11:22,1934371,janonymo.workers.dev,botnet_cc,php.shin_webshell,"Cloudflare,GIF,PHP,webshell,WordPress,workers.dev,wp-admin"
2026-09-25 20:52:37,1934369,katecrumpscloset.com,payload_delivery,ClearFake,"compromised,EtherHide"
2026-09-25 20:52:36,1934368,xpert-drivers.ch,payload_delivery,ClearFake,"compromised,EtherHide"
2026-09-25 20:27:22,1934363,kabari99.com,payload_delivery,ClearFake,"compromised,EtherHide"
2026-09-25 20:27:22,1934364,jspbeauty.com,payload_delivery,ClearFake,"compromised,EtherHide"
2026-09-25 19:51:01,1934351,jtshvacindustries.com,payload_delivery,ClearFake,"compromised,EtherHide"
2026-09-25 19:51:00,1934349,kaltaranews.com,payload_delivery,ClearFake,"compromised,EtherHide"
2026-09-25 19:51:00,1934350,judyu.com,payload_delivery,ClearFake,"compromised,EtherHide"
2026-09-25 19:45:54,1934335,januarioadvocacia.com.br,payload_delivery,ClearFake,"compromised,EtherHide"
2026-09-25 19:45:54,1934336,jednostrankovyweb.cz,payload_delivery,ClearFake,"compromised,EtherHide"
2026-09-25 19:45:54,1934337,januarioempresarial.com.br,payload_delivery,ClearFake,"compromised,EtherHide"
2026-09-25 19:45:54,1934338,www.jacarandabymar.com,payload_delivery,ClearFake,"compromised,EtherHide"
2026-09-25 19:45:54,1934339,www.jessicamichellehair.com,payload_delivery,ClearFake,"compromised,EtherHide"
2026-09-25 19:45:53,1934333,www.jamking-agency.com,payload_delivery,ClearFake,"compromised,EtherHide"
2026-09-25 19:45:53,1934334,jlnequestrian.com,payload_delivery,ClearFake,"compromised,EtherHide"
2026-09-25 19:40:52,1934324,jiksamed.com,payload_delivery,ClearFake,"compromised,EtherHide"
2026-09-25 19:31:03,1934321,w7yspq54.betexper.bet,payload_delivery,ClearFake,"ClearFake,mac-0x68dc,macos"
2026-09-25 19:21:19,1934319,6ddryh48kt.workers.dev,botnet_cc,php.shin_webshell,"Cloudflare,GIF,PHP,webshell,WordPress,workers.dev,wp-admin"
2026-09-25 19:16:17,1934318,hodabofo.workers.dev,botnet_cc,php.shin_webshell,"Cloudflare,GIF,PHP,webshell,WordPress,workers.dev,wp-admin"
2026-09-25 18:48:27,1934306,jhanelwilson.com,payload_delivery,ClearFake,"compromised,EtherHide"
2026-09-25 18:48:27,1934307,jimbustudio.com,payload_delivery,ClearFake,"compromised,EtherHide"
2026-09-25 18:44:14,1934305,z5qs8pv3.kanyon303.com,payload_delivery,ClearFake,"ClearFake,mac-0x0f14,macos"
2026-09-25 18:43:39,1934304,kanyon303.com,payload_delivery,ClearFake,"25September2026,ClearFake,Commandline,MacOS"
2026-09-25 18:43:26,1934298,javedbrothers.com,payload_delivery,ClearFake,"compromised,EtherHide"
2026-09-25 18:43:26,1934299,jardinangelesmemorial.com,payload_delivery,ClearFake,"compromised,EtherHide"
2026-09-25 18:43:26,1934300,trackumi.pro,payload_delivery,ClearFake,"compromised,EtherHide"
2026-09-25 18:43:26,1934301,jeffrothsfirm.com,payload_delivery,ClearFake,"compromised,EtherHide"
2026-09-25 18:43:26,1934302,jimbunch.com,payload_delivery,ClearFake,"compromised,EtherHide"
2026-09-25 18:43:26,1934303,jharnalist.com,payload_delivery,ClearFake,"compromised,EtherHide"
2026-09-25 18:43:25,1934293,jeffdemel.com,payload_delivery,ClearFake,"compromised,EtherHide"
2026-09-25 18:43:25,1934294,jeopardyhospitality.com,payload_delivery,ClearFake,"compromised,EtherHide"
2026-09-25 18:43:25,1934295,jmdetailers.com.au,payload_delivery,ClearFake,"compromised,EtherHide"
2026-09-25 18:43:25,1934296,www.jaafoot.com,payload_delivery,ClearFake,"compromised,EtherHide"
2026-09-25 18:43:25,1934297,jashanvirshergill.com,payload_delivery,ClearFake,"compromised,EtherHide"
2026-09-25 18:41:04,1934292,rrp9pdrj.turkeyseo.com,payload_delivery,ClearFake,"ClearFake,mac-0xdcf2,macos"
2026-09-25 18:40:09,1934291,turkeyseo.com,payload_delivery,ClearFake,"25September2026,ClearFake,Commandline,MacOS"
2026-09-25 18:29:55,1934265,anthoniaeg.com,payload_delivery,Unknown Loader,etherhiding
2026-09-25 18:29:55,1934266,barrosoebarroso.adv.br,payload_delivery,Unknown Loader,etherhiding
2026-09-25 18:29:55,1934267,businesstoday.id,payload_delivery,Unknown Loader,etherhiding
2026-09-25 18:29:55,1934268,cledeschampsdunham.com,payload_delivery,Unknown Loader,etherhiding
2026-09-25 18:29:55,1934269,commercialcleaningequipmentfinance.com.au,payload_delivery,Unknown Loader,etherhiding
2026-09-25 18:29:55,1934270,cuoibebung.com,payload_delivery,Unknown Loader,etherhiding
2026-09-25 18:29:55,1934271,dreamwoods.com,payload_delivery,Unknown Loader,etherhiding
2026-09-25 18:29:55,1934272,forestretreatlaos.com,payload_delivery,Unknown Loader,etherhiding
2026-09-25 18:29:55,1934273,herrikotaldeak.com,payload_delivery,Unknown Loader,etherhiding
2026-09-25 18:29:55,1934274,italpelle.com,payload_delivery,Unknown Loader,etherhiding
2026-09-25 18:29:55,1934275,marrakech-bestactivities.com,payload_delivery,Unknown Loader,etherhiding
2026-09-25 18:29:55,1934276,sunnytrans.com.vn,payload_delivery,Unknown Loader,etherhiding
2026-09-25 18:29:55,1934277,tricountyroofcleaners.com,payload_delivery,Unknown Loader,etherhiding
2026-09-25 18:29:55,1934278,www.creativenation.ph,payload_delivery,Unknown Loader,etherhiding
2026-09-25 18:29:55,1934279,www.escodaadvocats.com,payload_delivery,Unknown Loader,etherhiding
2026-09-25 18:29:55,1934280,www.techaway.it,payload_delivery,Unknown Loader,etherhiding
2026-09-25 18:26:37,1934263,sdn-cloudflare-js-css.cfd,payload_delivery,Unknown Stealer,"ErrTraffic,Polygon"
2026-09-25 18:26:37,1934264,sdn-cloudflare-js.cfd,payload_delivery,Unknown Stealer,"ErrTraffic,Polygon"
2026-09-25 18:26:36,1934262,fontawesome-cdn.cfd,payload_delivery,Unknown Stealer,"ErrTraffic,Polygon"
2026-09-25 18:26:35,1934261,cdn-js-conhost.icu,payload_delivery,Unknown Stealer,"ErrTraffic,Polygon"
2026-09-25 18:13:19,1934251,jedinstvopd.com,payload_delivery,IClickFix,ClickFix
2026-09-25 18:13:19,1934252,joanperemassana.com,payload_delivery,IClickFix,ClickFix
2026-09-25 18:13:19,1934253,julianoferrari.com.br,payload_delivery,IClickFix,ClickFix
2026-09-25 18:13:19,1934254,solarcameratrailer.com,payload_delivery,IClickFix,ClickFix
2026-09-25 18:13:19,1934255,tadola.id,payload_delivery,IClickFix,ClickFix
2026-09-25 18:13:19,1934256,tandfkonyvelo.hu,payload_delivery,IClickFix,ClickFix
2026-09-25 18:13:18,1934249,de.neueonlinecasinos.co.uk,payload_delivery,IClickFix,ClickFix
2026-09-25 18:13:18,1934250,fare.marketing,payload_delivery,IClickFix,ClickFix
2026-09-25 18:10:48,1934248,g5x9r4zi.q8fr.com,payload_delivery,ClearFake,"ClearFake,mac-0x76c7,macos"
2026-09-25 18:09:54,1934247,q8fr.com,payload_delivery,ClearFake,ClearFake
2026-09-25 18:02:50,1934246,ptfesuppliers.com,payload_delivery,ClearFake,ClearFake
2026-09-25 18:01:54,1934245,xynero.xyz,payload_delivery,ClearFake,"ClearFake,ClickFix,EtherHiding"
2026-09-25 17:28:13,1934188,mesa-zaimmuen.life,payload_delivery,IClickFix,"ClickFix,Mac,MacFinger"
2026-09-25 17:26:39,1934187,nyloqaba.workers.dev,botnet_cc,php.shin_webshell,"Cloudflare,GIF,PHP,webshell,WordPress,workers.dev,wp-admin"
2026-09-25 17:18:56,1934182,otlhc61478.workers.dev,botnet_cc,php.shin_webshell,"Cloudflare,GIF,PHP,webshell,WordPress,workers.dev,wp-admin"
2026-09-25 16:50:55,1934167,vrdx99th.bet313.org,payload_delivery,ClearFake,"ClearFake,mac-0x68dc,macos"
2026-09-25 16:40:05,1934160,whitecollarmusic.com,payload_delivery,Unknown Stealer,etherhiding
2026-09-25 16:40:04,1934159,leeandyoondental.com,payload_delivery,Unknown Stealer,etherhiding
2026-09-25 16:29:56,1934139,usedspares.co.za,payload_delivery,Unknown Loader,etherhiding
2026-09-25 16:29:56,1934140,utilityss.com,payload_delivery,Unknown Loader,etherhiding
2026-09-25 16:29:56,1934141,vacationtoursbd.com,payload_delivery,Unknown Loader,etherhiding
2026-09-25 16:29:56,1934142,vestvolt.com,payload_delivery,Unknown Loader,etherhiding
2026-09-25 16:29:56,1934143,victoriabejarano.com,payload_delivery,Unknown Loader,etherhiding
2026-09-25 16:29:56,1934144,visit.in.ua,payload_delivery,Unknown Loader,etherhiding
2026-09-25 16:29:56,1934145,vocalis-coaching.de,payload_delivery,Unknown Loader,etherhiding
2026-09-25 16:29:56,1934146,vwc.co,payload_delivery,Unknown Loader,etherhiding
2026-09-25 16:29:56,1934147,wamdabeauty.com,payload_delivery,Unknown Loader,etherhiding
2026-09-25 16:29:56,1934148,ways.uy,payload_delivery,Unknown Loader,etherhiding
2026-09-25 16:29:56,1934149,womancare.com.ec,payload_delivery,Unknown Loader,etherhiding
2026-09-25 16:29:56,1934150,wychog.org,payload_delivery,Unknown Loader,etherhiding
2026-09-25 16:29:56,1934151,yaluz.it,payload_delivery,Unknown Loader,etherhiding
2026-09-25 16:29:56,1934152,yvettesalvacoaching.com,payload_delivery,Unknown Loader,etherhiding
2026-09-25 16:29:56,1934153,zanmatv.com,payload_delivery,Unknown Loader,etherhiding
2026-09-25 16:29:56,1934154,zhernandezlaw.com,payload_delivery,Unknown Loader,etherhiding
2026-09-25 16:29:56,1934155,ziarah.my,payload_delivery,Unknown Loader,etherhiding
2026-09-25 16:29:55,1934117,scannerveicoli.it,payload_delivery,Unknown Loader,etherhiding
2026-09-25 16:29:55,1934118,seattleweedsocks.com,payload_delivery,Unknown Loader,etherhiding
2026-09-25 16:29:55,1934119,seoagencynewcastle.com,payload_delivery,Unknown Loader,etherhiding
2026-09-25 16:29:55,1934120,servant-realty.com,payload_delivery,Unknown Loader,etherhiding
2026-09-25 16:29:55,1934121,shumou.com,payload_delivery,Unknown Loader,etherhiding
2026-09-25 16:29:55,1934122,slicktechies.com,payload_delivery,Unknown Loader,etherhiding
2026-09-25 16:29:55,1934123,smashtag.it,payload_delivery,Unknown Loader,etherhiding
2026-09-25 16:29:55,1934124,solarbagel.com,payload_delivery,Unknown Loader,etherhiding
2026-09-25 16:29:55,1934125,sorrisonest.in,payload_delivery,Unknown Loader,etherhiding
2026-09-25 16:29:55,1934126,spazioalternativo.com.mx,payload_delivery,Unknown Loader,etherhiding
2026-09-25 16:29:55,1934127,srmym.com,payload_delivery,Unknown Loader,etherhiding
2026-09-25 16:29:55,1934128,ssmetalbuildings.com,payload_delivery,Unknown Loader,etherhiding
2026-09-25 16:29:55,1934129,staratakashta1935.com,payload_delivery,Unknown Loader,etherhiding
2026-09-25 16:29:55,1934130,stock-talks.com,payload_delivery,Unknown Loader,etherhiding
2026-09-25 16:29:55,1934131,storylingoo.com,payload_delivery,Unknown Loader,etherhiding
2026-09-25 16:29:55,1934132,su1capital.com,payload_delivery,Unknown Loader,etherhiding
2026-09-25 16:29:55,1934133,surgepropertiesllc.com,payload_delivery,Unknown Loader,etherhiding
2026-09-25 16:29:55,1934134,taketeacher.com,payload_delivery,Unknown Loader,etherhiding
2026-09-25 16:29:55,1934135,tambortec.com.br,payload_delivery,Unknown Loader,etherhiding
2026-09-25 16:29:55,1934136,terra-property.com,payload_delivery,Unknown Loader,etherhiding
2026-09-25 16:29:55,1934137,thaicharoen.net,payload_delivery,Unknown Loader,etherhiding
2026-09-25 16:29:55,1934138,trebettravels.com,payload_delivery,Unknown Loader,etherhiding
2026-09-25 16:29:54,1934097,oconeecap.com,payload_delivery,Unknown Loader,etherhiding
2026-09-25 16:29:54,1934098,okulyapionline.com,payload_delivery,Unknown Loader,etherhiding
2026-09-25 16:29:54,1934099,orlandofilmspecialists.com,payload_delivery,Unknown Loader,etherhiding
2026-09-25 16:29:54,1934100,patisserie-riss.fr,payload_delivery,Unknown Loader,etherhiding
2026-09-25 16:29:54,1934101,perfectcaremedicalstaffing.com,payload_delivery,Unknown Loader,etherhiding
2026-09-25 16:29:54,1934102,perfectlystyled.nl,payload_delivery,Unknown Loader,etherhiding
2026-09-25 16:29:54,1934103,plairco.com,payload_delivery,Unknown Loader,etherhiding
2026-09-25 16:29:54,1934104,playludos.com,payload_delivery,Unknown Loader,etherhiding
2026-09-25 16:29:54,1934105,plazaizazaga89.com,payload_delivery,Unknown Loader,etherhiding
2026-09-25 16:29:54,1934106,powerandutility.com,payload_delivery,Unknown Loader,etherhiding
2026-09-25 16:29:54,1934107,press-die.com,payload_delivery,Unknown Loader,etherhiding
2026-09-25 16:29:54,1934108,prioritymedicalcenterpllc.com,payload_delivery,Unknown Loader,etherhiding
2026-09-25 16:29:54,1934109,projectkickstarter.com,payload_delivery,Unknown Loader,etherhiding
2026-09-25 16:29:54,1934110,putihbirulaundry.my.id,payload_delivery,Unknown Loader,etherhiding
2026-09-25 16:29:54,1934111,qariam.com,payload_delivery,Unknown Loader,etherhiding
2026-09-25 16:29:54,1934112,royalalco.com,payload_delivery,Unknown Loader,etherhiding
2026-09-25 16:29:54,1934113,rr88.cx,payload_delivery,Unknown Loader,etherhiding
2026-09-25 16:29:54,1934114,sa888.bar,payload_delivery,Unknown Loader,etherhiding
2026-09-25 16:29:54,1934115,sagahauler.com,payload_delivery,Unknown Loader,etherhiding
2026-09-25 16:29:54,1934116,saiunicorn.com,payload_delivery,Unknown Loader,etherhiding
2026-09-25 16:29:53,1934078,medjugorje.in.ua,payload_delivery,Unknown Loader,etherhiding
2026-09-25 16:29:53,1934079,mes-aides-solaires.fr,payload_delivery,Unknown Loader,etherhiding
2026-09-25 16:29:53,1934080,mesones-sacristia.com,payload_delivery,Unknown Loader,etherhiding
2026-09-25 16:29:53,1934081,messcellany.com,payload_delivery,Unknown Loader,etherhiding
2026-09-25 16:29:53,1934082,mexpertsmarketing.com,payload_delivery,Unknown Loader,etherhiding
2026-09-25 16:29:53,1934083,mfcar.com,payload_delivery,Unknown Loader,etherhiding
2026-09-25 16:29:53,1934084,mightyoakadvertising.com,payload_delivery,Unknown Loader,etherhiding
2026-09-25 16:29:53,1934085,mikhman.com,payload_delivery,Unknown Loader,etherhiding
2026-09-25 16:29:53,1934086,mintsalon.in,payload_delivery,Unknown Loader,etherhiding
2026-09-25 16:29:53,1934087,moisesgiraldo.com,payload_delivery,Unknown Loader,etherhiding
2026-09-25 16:29:53,1934088,montagnaplast.it,payload_delivery,Unknown Loader,etherhiding
2026-09-25 16:29:53,1934089,moorenewfies.net,payload_delivery,Unknown Loader,etherhiding
2026-09-25 16:29:53,1934090,myitsupport.com.mx,payload_delivery,Unknown Loader,etherhiding
2026-09-25 16:29:53,1934091,newkinetixcorp.com,payload_delivery,Unknown Loader,etherhiding
2026-09-25 16:29:53,1934092,nimatex.com,payload_delivery,Unknown Loader,etherhiding
2026-09-25 16:29:53,1934093,nobult.com,payload_delivery,Unknown Loader,etherhiding
2026-09-25 16:29:53,1934094,noelcarrelage.fr,payload_delivery,Unknown Loader,etherhiding
2026-09-25 16:29:53,1934095,nomadiccarpets.com,payload_delivery,Unknown Loader,etherhiding
2026-09-25 16:29:53,1934096,numberoneautoparts.com,payload_delivery,Unknown Loader,etherhiding
2026-09-25 16:29:52,1934061,katemogt.com,payload_delivery,Unknown Loader,etherhiding
2026-09-25 16:29:52,1934062,kejstudios.com,payload_delivery,Unknown Loader,etherhiding
2026-09-25 16:29:52,1934063,kkajdovscina.si,payload_delivery,Unknown Loader,etherhiding
2026-09-25 16:29:52,1934064,knotsecuritycheck.com,payload_delivery,Unknown Loader,etherhiding
2026-09-25 16:29:52,1934065,kpd-josiplavtizar.si,payload_delivery,Unknown Loader,etherhiding
2026-09-25 16:29:52,1934066,landsadda.com,payload_delivery,Unknown Loader,etherhiding
2026-09-25 16:29:52,1934067,latishahenry.com,payload_delivery,Unknown Loader,etherhiding
2026-09-25 16:29:52,1934068,local7.it,payload_delivery,Unknown Loader,etherhiding
2026-09-25 16:29:52,1934069,logreeks.com,payload_delivery,Unknown Loader,etherhiding
2026-09-25 16:29:52,1934070,lumenophoto.com,payload_delivery,Unknown Loader,etherhiding
2026-09-25 16:29:52,1934071,lyuhconsulting.com,payload_delivery,Unknown Loader,etherhiding
2026-09-25 16:29:52,1934072,madmonkeyscompany.com,payload_delivery,Unknown Loader,etherhiding
2026-09-25 16:29:52,1934073,makefitme.in,payload_delivery,Unknown Loader,etherhiding
2026-09-25 16:29:52,1934074,manumetal.cl,payload_delivery,Unknown Loader,etherhiding
2026-09-25 16:29:52,1934075,marcusydg.org,payload_delivery,Unknown Loader,etherhiding
2026-09-25 16:29:52,1934076,matadaren.se,payload_delivery,Unknown Loader,etherhiding
2026-09-25 16:29:52,1934077,maxxoil.com.ua,payload_delivery,Unknown Loader,etherhiding
2026-09-25 16:29:51,1934060,karachiprinter.com,payload_delivery,Unknown Loader,etherhiding
2026-09-25 16:28:20,1934044,ufa88vip.win,payload_delivery,Unknown Loader,etherhiding
2026-09-25 16:28:20,1934045,uga1.net,payload_delivery,Unknown Loader,etherhiding
2026-09-25 16:28:20,1934046,uzdiscounts.com,payload_delivery,Unknown Loader,etherhiding
2026-09-25 16:28:20,1934047,veuxstaniovallano.com,payload_delivery,Unknown Loader,etherhiding
2026-09-25 16:28:20,1934048,village-parallele.fr,payload_delivery,Unknown Loader,etherhiding
2026-09-25 16:28:20,1934049,visionxmedia.co.uk,payload_delivery,Unknown Loader,etherhiding
2026-09-25 16:28:20,1934050,wctimpact.com,payload_delivery,Unknown Loader,etherhiding
2026-09-25 16:28:20,1934051,wdami.cn,payload_delivery,Unknown Loader,etherhiding
2026-09-25 16:28:20,1934052,wikilogy.org,payload_delivery,Unknown Loader,etherhiding
2026-09-25 16:28:20,1934053,x-trane.com,payload_delivery,Unknown Loader,etherhiding
2026-09-25 16:28:20,1934054,xn--80acjbdapbp7a3ac9a2gm.com,payload_delivery,Unknown Loader,etherhiding
2026-09-25 16:28:20,1934055,yellowcarswm.co.uk,payload_delivery,Unknown Loader,etherhiding
2026-09-25 16:28:20,1934056,yomarkick.com,payload_delivery,Unknown Loader,etherhiding
2026-09-25 16:28:20,1934057,yummmier.com,payload_delivery,Unknown Loader,etherhiding
2026-09-25 16:28:19,1934026,snapshopmart.com,payload_delivery,Unknown Loader,etherhiding
2026-09-25 16:28:19,1934027,softwareautosolution.com,payload_delivery,Unknown Loader,etherhiding
2026-09-25 16:28:19,1934028,solluzenergy.eng.br,payload_delivery,Unknown Loader,etherhiding
2026-09-25 16:28:19,1934029,storamoregoods.com,payload_delivery,Unknown Loader,etherhiding
2026-09-25 16:28:19,1934030,swordpharma.com,payload_delivery,Unknown Loader,etherhiding
2026-09-25 16:28:19,1934031,synergywithiram.com,payload_delivery,Unknown Loader,etherhiding
2026-09-25 16:28:19,1934032,tactum.online,payload_delivery,Unknown Loader,etherhiding
2026-09-25 16:28:19,1934033,tamayorecuerdosdeunafamilia.es,payload_delivery,Unknown Loader,etherhiding
2026-09-25 16:28:19,1934034,tamelier.com,payload_delivery,Unknown Loader,etherhiding
2026-09-25 16:28:19,1934035,tattoolip.com,payload_delivery,Unknown Loader,etherhiding
2026-09-25 16:28:19,1934036,tawazunglobalconsulting.com,payload_delivery,Unknown Loader,etherhiding
2026-09-25 16:28:19,1934037,taxiopleidingalmere.nl,payload_delivery,Unknown Loader,etherhiding
2026-09-25 16:28:19,1934038,tcwengineering.co.uk,payload_delivery,Unknown Loader,etherhiding
2026-09-25 16:28:19,1934039,tecnobray.com.br,payload_delivery,Unknown Loader,etherhiding
2026-09-25 16:28:19,1934040,thehomestories.co.in,payload_delivery,Unknown Loader,etherhiding
2026-09-25 16:28:19,1934041,todoalrosa.com,payload_delivery,Unknown Loader,etherhiding
2026-09-25 16:28:19,1934042,transformdesign.in,payload_delivery,Unknown Loader,etherhiding
2026-09-25 16:28:19,1934043,tv-sonce.com,payload_delivery,Unknown Loader,etherhiding
2026-09-25 16:28:18,1934004,rhinofencing.co.za,payload_delivery,Unknown Loader,etherhiding
2026-09-25 16:28:18,1934005,rodrigobritoadvocacia.adv.br,payload_delivery,Unknown Loader,etherhiding
2026-09-25 16:28:18,1934006,roisoftwaresolution.com,payload_delivery,Unknown Loader,etherhiding
2026-09-25 16:28:18,1934007,saboragloria.co,payload_delivery,Unknown Loader,etherhiding
2026-09-25 16:28:18,1934008,sahil.org,payload_delivery,Unknown Loader,etherhiding
2026-09-25 16:28:18,1934009,saintpatricksanglicanchurch.org,payload_delivery,Unknown Loader,etherhiding
2026-09-25 16:28:18,1934010,salonchaletquebec.com,payload_delivery,Unknown Loader,etherhiding
2026-09-25 16:28:18,1934011,sambeetequipments.com,payload_delivery,Unknown Loader,etherhiding
2026-09-25 16:28:18,1934012,sardasolar.it,payload_delivery,Unknown Loader,etherhiding
2026-09-25 16:28:18,1934013,scentzi.com,payload_delivery,Unknown Loader,etherhiding
2026-09-25 16:28:18,1934014,scriptureunionzim.org,payload_delivery,Unknown Loader,etherhiding
2026-09-25 16:28:18,1934015,securityservicesinaurangabad.com,payload_delivery,Unknown Loader,etherhiding
2026-09-25 16:28:18,1934016,seinescalidadyproteccion.com,payload_delivery,Unknown Loader,etherhiding
2026-09-25 16:28:18,1934017,seniorsresourcehub.com,payload_delivery,Unknown Loader,etherhiding
2026-09-25 16:28:18,1934018,sens-design.fr,payload_delivery,Unknown Loader,etherhiding
2026-09-25 16:28:18,1934019,shantanuinfotech.com,payload_delivery,Unknown Loader,etherhiding
2026-09-25 16:28:18,1934020,shopnify.asia,payload_delivery,Unknown Loader,etherhiding
2026-09-25 16:28:18,1934021,shur-inc.com,payload_delivery,Unknown Loader,etherhiding
2026-09-25 16:28:18,1934022,signscape.pk,payload_delivery,Unknown Loader,etherhiding
2026-09-25 16:28:18,1934023,simple-tech-it.com,payload_delivery,Unknown Loader,etherhiding
2026-09-25 16:28:18,1934024,sistemasfgv.com,payload_delivery,Unknown Loader,etherhiding
2026-09-25 16:28:18,1934025,skyhills.in,payload_delivery,Unknown Loader,etherhiding
2026-09-25 16:28:17,1933981,orbty.com.br,payload_delivery,Unknown Loader,etherhiding
2026-09-25 16:28:17,1933982,oslgroup.in,payload_delivery,Unknown Loader,etherhiding
2026-09-25 16:28:17,1933983,otticacasarin.com,payload_delivery,Unknown Loader,etherhiding
2026-09-25 16:28:17,1933984,pamelafong.com,payload_delivery,Unknown Loader,etherhiding
2026-09-25 16:28:17,1933985,pasocero.net,payload_delivery,Unknown Loader,etherhiding
2026-09-25 16:28:17,1933986,pathwayscounselingandwellness.org,payload_delivery,Unknown Loader,etherhiding
2026-09-25 16:28:17,1933987,pcjanetwork.net,payload_delivery,Unknown Loader,etherhiding
2026-09-25 16:28:17,1933988,peham.dev,payload_delivery,Unknown Loader,etherhiding
2026-09-25 16:28:17,1933989,persianaselegant.com,payload_delivery,Unknown Loader,etherhiding
2026-09-25 16:28:17,1933990,pmaainc.com,payload_delivery,Unknown Loader,etherhiding
2026-09-25 16:28:17,1933991,pratikinfo.com.br,payload_delivery,Unknown Loader,etherhiding
2026-09-25 16:28:17,1933992,presidentialenterpriseservicesllc.com,payload_delivery,Unknown Loader,etherhiding
2026-09-25 16:28:17,1933993,primetomarks.com,payload_delivery,Unknown Loader,etherhiding
2026-09-25 16:28:17,1933994,puisaphan.com,payload_delivery,Unknown Loader,etherhiding
2026-09-25 16:28:17,1933995,quatangtaydo.com,payload_delivery,Unknown Loader,etherhiding
2026-09-25 16:28:17,1933996,quemonoteves.com.mx,payload_delivery,Unknown Loader,etherhiding
2026-09-25 16:28:17,1933997,quiromasajistafernandopr.com,payload_delivery,Unknown Loader,etherhiding
2026-09-25 16:28:17,1933998,r-berardi.it,payload_delivery,Unknown Loader,etherhiding
2026-09-25 16:28:17,1933999,randsgn.com,payload_delivery,Unknown Loader,etherhiding
2026-09-25 16:28:17,1934000,raumgestaltung-hh.de,payload_delivery,Unknown Loader,etherhiding
2026-09-25 16:28:17,1934001,rawfoodlife.com,payload_delivery,Unknown Loader,etherhiding
2026-09-25 16:28:17,1934002,rc3bbq.com,payload_delivery,Unknown Loader,etherhiding
2026-09-25 16:28:17,1934003,redtypedesign.com,payload_delivery,Unknown Loader,etherhiding
2026-09-25 16:28:16,1933959,marrutiinternational.com,payload_delivery,Unknown Loader,etherhiding
2026-09-25 16:28:16,1933960,marvil.info,payload_delivery,Unknown Loader,etherhiding
2026-09-25 16:28:16,1933961,mayurbhanjtour.com,payload_delivery,Unknown Loader,etherhiding
2026-09-25 16:28:16,1933962,mdmlease.nl,payload_delivery,Unknown Loader,etherhiding
2026-09-25 16:28:16,1933963,melodysantiquemporium.com,payload_delivery,Unknown Loader,etherhiding
2026-09-25 16:28:16,1933964,merchantshop.tech,payload_delivery,Unknown Loader,etherhiding
2026-09-25 16:28:16,1933965,merlinssolutions.com,payload_delivery,Unknown Loader,etherhiding
2026-09-25 16:28:16,1933966,mjpoints.app,payload_delivery,Unknown Loader,etherhiding
2026-09-25 16:28:16,1933967,mp-director.com,payload_delivery,Unknown Loader,etherhiding
2026-09-25 16:28:16,1933968,muhaaf.com,payload_delivery,Unknown Loader,etherhiding
2026-09-25 16:28:16,1933969,myarcaudio.com,payload_delivery,Unknown Loader,etherhiding
2026-09-25 16:28:16,1933970,myjacarandawesthoa.com,payload_delivery,Unknown Loader,etherhiding
2026-09-25 16:28:16,1933971,narodoboronprom.org,payload_delivery,Unknown Loader,etherhiding
2026-09-25 16:28:16,1933972,nashpatiprime.com,payload_delivery,Unknown Loader,etherhiding
2026-09-25 16:28:16,1933973,naturehomefarms.com,payload_delivery,Unknown Loader,etherhiding
2026-09-25 16:28:16,1933974,newlifellc.org,payload_delivery,Unknown Loader,etherhiding
2026-09-25 16:28:16,1933975,newsigarettaelettronica.it,payload_delivery,Unknown Loader,etherhiding
2026-09-25 16:28:16,1933976,nhakhoataysaigon.com,payload_delivery,Unknown Loader,etherhiding
2026-09-25 16:28:16,1933977,nicholenguyen.com,payload_delivery,Unknown Loader,etherhiding
2026-09-25 16:28:16,1933978,nodarksky.com,payload_delivery,Unknown Loader,etherhiding
2026-09-25 16:28:16,1933979,oncoredigital.com,payload_delivery,Unknown Loader,etherhiding
2026-09-25 16:28:16,1933980,onlevelretreats.com,payload_delivery,Unknown Loader,etherhiding
2026-09-25 16:28:15,1933941,kerry-777.com,payload_delivery,Unknown Loader,etherhiding
2026-09-25 16:28:15,1933942,keyswork.ca,payload_delivery,Unknown Loader,etherhiding
2026-09-25 16:28:15,1933943,kin24h.info,payload_delivery,Unknown Loader,etherhiding
2026-09-25 16:28:15,1933944,koalworld.com,payload_delivery,Unknown Loader,etherhiding
2026-09-25 16:28:15,1933945,koutia.gr,payload_delivery,Unknown Loader,etherhiding
2026-09-25 16:28:15,1933946,krebsfer.com.br,payload_delivery,Unknown Loader,etherhiding
2026-09-25 16:28:15,1933947,lacolonia-metaverse.com,payload_delivery,Unknown Loader,etherhiding
2026-09-25 16:28:15,1933948,lafantacia.com,payload_delivery,Unknown Loader,etherhiding
2026-09-25 16:28:15,1933949,larg.com,payload_delivery,Unknown Loader,etherhiding
2026-09-25 16:28:15,1933950,liquifimusic.com,payload_delivery,Unknown Loader,etherhiding
2026-09-25 16:28:15,1933951,liveandstudymalaysia.com,payload_delivery,Unknown Loader,etherhiding
2026-09-25 16:28:15,1933952,loanfixer.io,payload_delivery,Unknown Loader,etherhiding
2026-09-25 16:28:15,1933953,maiflamingo.co.za,payload_delivery,Unknown Loader,etherhiding
2026-09-25 16:28:15,1933954,maison-communication-digitale.fr,payload_delivery,Unknown Loader,etherhiding
2026-09-25 16:28:15,1933955,manaraterbiliraqi.com,payload_delivery,Unknown Loader,etherhiding
2026-09-25 16:28:15,1933956,manzl.org,payload_delivery,Unknown Loader,etherhiding
2026-09-25 16:28:15,1933957,marcrocadesign.com,payload_delivery,Unknown Loader,etherhiding
2026-09-25 16:28:15,1933958,marinamercantilemediterranea.it,payload_delivery,Unknown Loader,etherhiding
2026-09-25 16:22:24,1933940,bet303iran.com,payload_delivery,ClearFake,ClearFake
2026-09-25 16:07:40,1933935,zone56.fr,payload_delivery,Unknown Loader,"etherhiding,victim"
2026-09-25 16:07:40,1933936,zoneshub.com,payload_delivery,Unknown Loader,"etherhiding,victim"
2026-09-25 16:07:40,1933937,zoo-station.com,payload_delivery,Unknown Loader,"etherhiding,victim"
2026-09-25 16:07:40,1933938,zoukhrof.com,payload_delivery,Unknown Loader,"etherhiding,victim"
2026-09-25 16:07:40,1933939,zymekcardiology.com,payload_delivery,Unknown Loader,"etherhiding,victim"
2026-09-25 16:07:39,1933924,xleister.de,payload_delivery,Unknown Loader,"etherhiding,victim"
2026-09-25 16:07:39,1933925,xocdiaonline.cards,payload_delivery,Unknown Loader,"etherhiding,victim"
2026-09-25 16:07:39,1933926,xstorage.com.ar,payload_delivery,Unknown Loader,"etherhiding,victim"
2026-09-25 16:07:39,1933927,yankbees.com,payload_delivery,Unknown Loader,"etherhiding,victim"
2026-09-25 16:07:39,1933928,yen-coaching.fr,payload_delivery,Unknown Loader,"etherhiding,victim"
2026-09-25 16:07:39,1933929,yoruway.com,payload_delivery,Unknown Loader,"etherhiding,victim"
2026-09-25 16:07:39,1933930,yourbestbuy.nl,payload_delivery,Unknown Loader,"etherhiding,victim"
2026-09-25 16:07:39,1933931,yourwayoutbailbonds.com,payload_delivery,Unknown Loader,"etherhiding,victim"
2026-09-25 16:07:39,1933932,zaibdigital.com,payload_delivery,Unknown Loader,"etherhiding,victim"
2026-09-25 16:07:39,1933933,zazathc.com,payload_delivery,Unknown Loader,"etherhiding,victim"
2026-09-25 16:07:39,1933934,zeonperfumes.com,payload_delivery,Unknown Loader,"etherhiding,victim"
2026-09-25 16:07:38,1933911,wigreports.com,payload_delivery,Unknown Loader,"etherhiding,victim"
2026-09-25 16:07:38,1933912,wiki-tech.it,payload_delivery,Unknown Loader,"etherhiding,victim"
2026-09-25 16:07:38,1933913,wikitnews.info,payload_delivery,Unknown Loader,"etherhiding,victim"
2026-09-25 16:07:38,1933914,wiltshire.energy,payload_delivery,Unknown Loader,"etherhiding,victim"
2026-09-25 16:07:38,1933915,winelibrarybangkok.com,payload_delivery,Unknown Loader,"etherhiding,victim"
2026-09-25 16:07:38,1933916,winning-gambler.com,payload_delivery,Unknown Loader,"etherhiding,victim"
2026-09-25 16:07:38,1933917,wohtx.com,payload_delivery,Unknown Loader,"etherhiding,victim"
2026-09-25 16:07:38,1933918,wonderofreading.org,payload_delivery,Unknown Loader,"etherhiding,victim"
2026-09-25 16:07:38,1933919,worlduptoyou.com,payload_delivery,Unknown Loader,"etherhiding,victim"
2026-09-25 16:07:38,1933920,wowgifts.gr,payload_delivery,Unknown Loader,"etherhiding,victim"
2026-09-25 16:07:38,1933921,wrapstertortillas.com,payload_delivery,Unknown Loader,"etherhiding,victim"
2026-09-25 16:07:38,1933922,wsyachtteakcarpentry.com,payload_delivery,Unknown Loader,"etherhiding,victim"
2026-09-25 16:07:38,1933923,ww2.tdm-bg.org,payload_delivery,Unknown Loader,"etherhiding,victim"
2026-09-25 16:07:37,1933900,wantinstitute.org,payload_delivery,Unknown Loader,"etherhiding,victim"
2026-09-25 16:07:37,1933901,warpavfun.com,payload_delivery,Unknown Loader,"etherhiding,victim"
2026-09-25 16:07:37,1933902,washingtonclubs.org,payload_delivery,Unknown Loader,"etherhiding,victim"
2026-09-25 16:07:37,1933903,wattygo.com,payload_delivery,Unknown Loader,"etherhiding,victim"
2026-09-25 16:07:37,1933904,wcyshopb.com,payload_delivery,Unknown Loader,"etherhiding,victim"
2026-09-25 16:07:37,1933905,webdesignchamps.in,payload_delivery,Unknown Loader,"etherhiding,victim"
2026-09-25 16:07:37,1933906,websmithcloud.com,payload_delivery,Unknown Loader,"etherhiding,victim"
2026-09-25 16:07:37,1933907,webzeit.com,payload_delivery,Unknown Loader,"etherhiding,victim"
2026-09-25 16:07:37,1933908,welcareneuro.com,payload_delivery,Unknown Loader,"etherhiding,victim"
2026-09-25 16:07:37,1933909,wellingtonneighborhood.org,payload_delivery,Unknown Loader,"etherhiding,victim"
2026-09-25 16:07:37,1933910,whisperingpinespups.com,payload_delivery,Unknown Loader,"etherhiding,victim"
2026-09-25 16:07:36,1933888,violaliquore.it,payload_delivery,Unknown Loader,"etherhiding,victim"
2026-09-25 16:07:36,1933889,vishakhamouldings.com,payload_delivery,Unknown Loader,"etherhiding,victim"
2026-09-25 16:07:36,1933890,vision-project.fr,payload_delivery,Unknown Loader,"etherhiding,victim"
2026-09-25 16:07:36,1933891,vmrline.com,payload_delivery,Unknown Loader,"etherhiding,victim"
2026-09-25 16:07:36,1933892,vocacademyltd.com,payload_delivery,Unknown Loader,"etherhiding,victim"
2026-09-25 16:07:36,1933893,voertuigtaxateur.nl,payload_delivery,Unknown Loader,"etherhiding,victim"
2026-09-25 16:07:36,1933894,volkproperties.com.pk,payload_delivery,Unknown Loader,"etherhiding,victim"
2026-09-25 16:07:36,1933895,vrcbet.org,payload_delivery,Unknown Loader,"etherhiding,victim"
2026-09-25 16:07:36,1933896,vrcbet.plus,payload_delivery,Unknown Loader,"etherhiding,victim"
2026-09-25 16:07:36,1933897,vrindavanguides.com,payload_delivery,Unknown Loader,"etherhiding,victim"
2026-09-25 16:07:36,1933898,vuonvuaresort.com,payload_delivery,Unknown Loader,"etherhiding,victim"
2026-09-25 16:07:36,1933899,walmsleysafety.com,payload_delivery,Unknown Loader,"etherhiding,victim"
2026-09-25 16:07:35,1933878,vellomedia.com,payload_delivery,Unknown Loader,"etherhiding,victim"
2026-09-25 16:07:35,1933879,versidentstore.id,payload_delivery,Unknown Loader,"etherhiding,victim"
2026-09-25 16:07:35,1933880,vertisapremiumincek.com,payload_delivery,Unknown Loader,"etherhiding,victim"
2026-09-25 16:07:35,1933881,vespucciapartments.it,payload_delivery,Unknown Loader,"etherhiding,victim"
2026-09-25 16:07:35,1933882,vestirygroup.com.br,payload_delivery,Unknown Loader,"etherhiding,victim"
2026-09-25 16:07:35,1933883,vickielasher.com,payload_delivery,Unknown Loader,"etherhiding,victim"
2026-09-25 16:07:35,1933884,vieclambacninh24h.com,payload_delivery,Unknown Loader,"etherhiding,victim"
2026-09-25 16:07:35,1933885,villageonsedge.co.za,payload_delivery,Unknown Loader,"etherhiding,victim"
2026-09-25 16:07:35,1933886,villagrimelli.com,payload_delivery,Unknown Loader,"etherhiding,victim"
2026-09-25 16:07:35,1933887,vincheckerpro.com,payload_delivery,Unknown Loader,"etherhiding,victim"
2026-09-25 16:07:34,1933866,urgubgroup.com,payload_delivery,Unknown Loader,"etherhiding,victim"
2026-09-25 16:07:34,1933867,uri-news.com,payload_delivery,Unknown Loader,"etherhiding,victim"
2026-09-25 16:07:34,1933868,usdtflashingsoftwares.com,payload_delivery,Unknown Loader,"etherhiding,victim"
2026-09-25 16:07:34,1933869,uyguncep.com,payload_delivery,Unknown Loader,"etherhiding,victim"
2026-09-25 16:07:34,1933870,v3infrasol.com,payload_delivery,Unknown Loader,"etherhiding,victim"
2026-09-25 16:07:34,1933871,vakansi.co.id,payload_delivery,Unknown Loader,"etherhiding,victim"
2026-09-25 16:07:34,1933872,valleyaccidentlawyers.com,payload_delivery,Unknown Loader,"etherhiding,victim"
2026-09-25 16:07:34,1933873,vantilenj.com,payload_delivery,Unknown Loader,"etherhiding,victim"
2026-09-25 16:07:34,1933874,vavoomdesign.com,payload_delivery,Unknown Loader,"etherhiding,victim"
2026-09-25 16:07:34,1933875,vectoriplaw.com,payload_delivery,Unknown Loader,"etherhiding,victim"
2026-09-25 16:07:34,1933876,vectortek.com,payload_delivery,Unknown Loader,"etherhiding,victim"
2026-09-25 16:07:34,1933877,velasadagio.com.ar,payload_delivery,Unknown Loader,"etherhiding,victim"
2026-09-25 16:07:33,1933856,ufabet888.party,payload_delivery,Unknown Loader,"etherhiding,victim"
2026-09-25 16:07:33,1933857,ugoconcept.com,payload_delivery,Unknown Loader,"etherhiding,victim"
2026-09-25 16:07:33,1933858,uksupportedliving.co.uk,payload_delivery,Unknown Loader,"etherhiding,victim"
2026-09-25 16:07:33,1933859,unanishopbd.xyz,payload_delivery,Unknown Loader,"etherhiding,victim"
2026-09-25 16:07:33,1933860,underwearmillionaire.com,payload_delivery,Unknown Loader,"etherhiding,victim"
2026-09-25 16:07:33,1933861,universal7services.com,payload_delivery,Unknown Loader,"etherhiding,victim"
2026-09-25 16:07:33,1933862,unmistakablecreative.com,payload_delivery,Unknown Loader,"etherhiding,victim"
2026-09-25 16:07:33,1933863,unnorte.digital,payload_delivery,Unknown Loader,"etherhiding,victim"
2026-09-25 16:07:33,1933864,unscrewyourkids.com,payload_delivery,Unknown Loader,"etherhiding,victim"
2026-09-25 16:07:33,1933865,upvc-painting.uk,payload_delivery,Unknown Loader,"etherhiding,victim"
2026-09-25 16:07:32,1933846,tsg3mentertainment.com,payload_delivery,Unknown Loader,"etherhiding,victim"
2026-09-25 16:07:32,1933847,tss-network.de,payload_delivery,Unknown Loader,"etherhiding,victim"
2026-09-25 16:07:32,1933848,tuglamarket.com,payload_delivery,Unknown Loader,"etherhiding,victim"
2026-09-25 16:07:32,1933849,tus.edu.vn,payload_delivery,Unknown Loader,"etherhiding,victim"
2026-09-25 16:07:32,1933850,tutajenga.org,payload_delivery,Unknown Loader,"etherhiding,victim"
2026-09-25 16:07:32,1933851,twojparkiet.com.pl,payload_delivery,Unknown Loader,"etherhiding,victim"
2026-09-25 16:07:32,1933852,tykhea.com,payload_delivery,Unknown Loader,"etherhiding,victim"
2026-09-25 16:07:32,1933853,ufa356.gripe,payload_delivery,Unknown Loader,"etherhiding,victim"
2026-09-25 16:07:32,1933854,ufa656.best,payload_delivery,Unknown Loader,"etherhiding,victim"
2026-09-25 16:07:32,1933855,ufabet123.agency,payload_delivery,Unknown Loader,"etherhiding,victim"
2026-09-25 16:07:31,1933837,transferslovenia.com,payload_delivery,Unknown Loader,"etherhiding,victim"
2026-09-25 16:07:31,1933838,travelersnotebooks.com,payload_delivery,Unknown Loader,"etherhiding,victim"
2026-09-25 16:07:31,1933839,travelqa.com,payload_delivery,Unknown Loader,"etherhiding,victim"
2026-09-25 16:07:31,1933840,traxemsignatures.com,payload_delivery,Unknown Loader,"etherhiding,victim"
2026-09-25 16:07:31,1933841,trebadaznas.com,payload_delivery,Unknown Loader,"etherhiding,victim"
2026-09-25 16:07:31,1933842,treecitycandy.com,payload_delivery,Unknown Loader,"etherhiding,victim"
2026-09-25 16:07:31,1933843,trippias.com,payload_delivery,Unknown Loader,"etherhiding,victim"
2026-09-25 16:07:31,1933844,triunfare.com.br,payload_delivery,Unknown Loader,"etherhiding,victim"
2026-09-25 16:07:31,1933845,tsfdn.org,payload_delivery,Unknown Loader,"etherhiding,victim"
2026-09-25 16:07:30,1933827,tienda.biombos.cl,payload_delivery,Unknown Loader,"etherhiding,victim"
2026-09-25 16:07:30,1933828,timejas.lt,payload_delivery,Unknown Loader,"etherhiding,victim"
2026-09-25 16:07:30,1933829,tipsforhealthy.com,payload_delivery,Unknown Loader,"etherhiding,victim"
2026-09-25 16:07:30,1933830,titantonics.com,payload_delivery,Unknown Loader,"etherhiding,victim"
2026-09-25 16:07:30,1933831,tkevi.edu.ng,payload_delivery,Unknown Loader,"etherhiding,victim"
2026-09-25 16:07:30,1933832,tmnails.com,payload_delivery,Unknown Loader,"etherhiding,victim"
2026-09-25 16:07:30,1933833,top1tv.net,payload_delivery,Unknown Loader,"etherhiding,victim"
2026-09-25 16:07:30,1933834,topbodytrainer.com,payload_delivery,Unknown Loader,"etherhiding,victim"
2026-09-25 16:07:30,1933835,topsailstandard.com,payload_delivery,Unknown Loader,"etherhiding,victim"
2026-09-25 16:07:30,1933836,transactt.com,payload_delivery,Unknown Loader,"etherhiding,victim"
2026-09-25 16:07:29,1933818,themoon24.net,payload_delivery,Unknown Loader,"etherhiding,victim"
2026-09-25 16:07:29,1933819,themovementprinciple.com,payload_delivery,Unknown Loader,"etherhiding,victim"
2026-09-25 16:07:29,1933820,thenewparentplaybook.com,payload_delivery,Unknown Loader,"etherhiding,victim"
2026-09-25 16:07:29,1933821,theosis.site,payload_delivery,Unknown Loader,"etherhiding,victim"
2026-09-25 16:07:29,1933822,thequotecalculator.com,payload_delivery,Unknown Loader,"etherhiding,victim"
2026-09-25 16:07:29,1933823,therelatablechef.com,payload_delivery,Unknown Loader,"etherhiding,victim"
2026-09-25 16:07:29,1933824,thewashingtoninquirer.com,payload_delivery,Unknown Loader,"etherhiding,victim"
2026-09-25 16:07:29,1933825,thewindaedivision.co.uk,payload_delivery,Unknown Loader,"etherhiding,victim"
2026-09-25 16:07:29,1933826,thewmb.co.uk,payload_delivery,Unknown Loader,"etherhiding,victim"
2026-09-25 16:07:28,1933809,tharwatpress.com,payload_delivery,Unknown Loader,"etherhiding,victim"
2026-09-25 16:07:28,1933810,theatrum-mundi.org,payload_delivery,Unknown Loader,"etherhiding,victim"
2026-09-25 16:07:28,1933811,theblackfashionmovement.com,payload_delivery,Unknown Loader,"etherhiding,victim"
2026-09-25 16:07:28,1933812,thebussinbreakfast.com,payload_delivery,Unknown Loader,"etherhiding,victim"
2026-09-25 16:07:28,1933813,thecampaignfor3301.com,payload_delivery,Unknown Loader,"etherhiding,victim"
2026-09-25 16:07:28,1933814,thedermacareclinic.com,payload_delivery,Unknown Loader,"etherhiding,victim"
2026-09-25 16:07:28,1933815,thedubaiyachtrental.com,payload_delivery,Unknown Loader,"etherhiding,victim"
2026-09-25 16:07:28,1933816,thegoodecompanies.com,payload_delivery,Unknown Loader,"etherhiding,victim"
2026-09-25 16:07:28,1933817,thekeeliejones.com,payload_delivery,Unknown Loader,"etherhiding,victim"
2026-09-25 16:07:27,1933800,taylormadesolutions.ca,payload_delivery,Unknown Loader,"etherhiding,victim"
2026-09-25 16:07:27,1933801,tbdbuilders.com,payload_delivery,Unknown Loader,"etherhiding,victim"
2026-09-25 16:07:27,1933802,teachintouch.it,payload_delivery,Unknown Loader,"etherhiding,victim"
2026-09-25 16:07:27,1933803,techmediahub.com,payload_delivery,Unknown Loader,"etherhiding,victim"
2026-09-25 16:07:27,1933804,techwyre.com,payload_delivery,Unknown Loader,"etherhiding,victim"
2026-09-25 16:07:27,1933805,teenytinyom.com,payload_delivery,Unknown Loader,"etherhiding,victim"
2026-09-25 16:07:27,1933806,telepathic-medium.com,payload_delivery,Unknown Loader,"etherhiding,victim"
2026-09-25 16:07:27,1933807,telepathisches-medium.com,payload_delivery,Unknown Loader,"etherhiding,victim"
2026-09-25 16:07:27,1933808,tercasa.de,payload_delivery,Unknown Loader,"etherhiding,victim"
2026-09-25 16:07:26,1933791,sweetvalleycitrus.com,payload_delivery,Unknown Loader,"etherhiding,victim"
2026-09-25 16:07:26,1933792,synex-soft.com,payload_delivery,Unknown Loader,"etherhiding,victim"
2026-09-25 16:07:26,1933793,talentonegocios.com.br,payload_delivery,Unknown Loader,"etherhiding,victim"
2026-09-25 16:07:26,1933794,tandemparagliding.eu,payload_delivery,Unknown Loader,"etherhiding,victim"
2026-09-25 16:07:26,1933795,tanlemtechltd.com,payload_delivery,Unknown Loader,"etherhiding,victim"
2026-09-25 16:07:26,1933796,taraforgeron.com,payload_delivery,Unknown Loader,"etherhiding,victim"
2026-09-25 16:07:26,1933797,tasnimnazeer.com,payload_delivery,Unknown Loader,"etherhiding,victim"
2026-09-25 16:07:26,1933798,taswe.or.tz,payload_delivery,Unknown Loader,"etherhiding,victim"
2026-09-25 16:07:26,1933799,taxexpert.co.il,payload_delivery,Unknown Loader,"etherhiding,victim"
2026-09-25 16:07:25,1933781,steelandbone.co.za,payload_delivery,Unknown Loader,"etherhiding,victim"
2026-09-25 16:07:25,1933782,stjudes.church,payload_delivery,Unknown Loader,"etherhiding,victim"
2026-09-25 16:07:25,1933783,strechy-latocha.cz,payload_delivery,Unknown Loader,"etherhiding,victim"
2026-09-25 16:07:25,1933784,streetculture.nu,payload_delivery,Unknown Loader,"etherhiding,victim"
2026-09-25 16:07:25,1933785,studio-maisonleperse.com,payload_delivery,Unknown Loader,"etherhiding,victim"
2026-09-25 16:07:25,1933786,studiotreddi.com,payload_delivery,Unknown Loader,"etherhiding,victim"
2026-09-25 16:07:25,1933787,stursulaschool.org,payload_delivery,Unknown Loader,"etherhiding,victim"
2026-09-25 16:07:25,1933788,sulsonintl.com,payload_delivery,Unknown Loader,"etherhiding,victim"
2026-09-25 16:07:25,1933789,suncoastfitness.biz,payload_delivery,Unknown Loader,"etherhiding,victim"
2026-09-25 16:07:25,1933790,supernannyservices.com.sg,payload_delivery,Unknown Loader,"etherhiding,victim"
2026-09-25 16:07:24,1933772,solfreshlife.com,payload_delivery,Unknown Loader,"etherhiding,victim"
2026-09-25 16:07:24,1933773,sosburnout.org,payload_delivery,Unknown Loader,"etherhiding,victim"
2026-09-25 16:07:24,1933774,sphere.buzz,payload_delivery,Unknown Loader,"etherhiding,victim"
2026-09-25 16:07:24,1933775,spillets.com,payload_delivery,Unknown Loader,"etherhiding,victim"
2026-09-25 16:07:24,1933776,sqft.homes,payload_delivery,Unknown Loader,"etherhiding,victim"
2026-09-25 16:07:24,1933777,sr-institute.com,payload_delivery,Unknown Loader,"etherhiding,victim"
2026-09-25 16:07:24,1933778,srcm-sa.com,payload_delivery,Unknown Loader,"etherhiding,victim"
2026-09-25 16:07:24,1933779,starpex.tn,payload_delivery,Unknown Loader,"etherhiding,victim"
2026-09-25 16:07:24,1933780,starworldcinemas.com,payload_delivery,Unknown Loader,"etherhiding,victim"
2026-09-25 16:07:23,1933764,skyandstars.co,payload_delivery,Unknown Loader,"etherhiding,victim"
2026-09-25 16:07:23,1933765,smartandcool.online,payload_delivery,Unknown Loader,"etherhiding,victim"
2026-09-25 16:07:23,1933766,smartprintbtu.com.br,payload_delivery,Unknown Loader,"etherhiding,victim"
2026-09-25 16:07:23,1933767,smithhousecrafts.com,payload_delivery,Unknown Loader,"etherhiding,victim"
2026-09-25 16:07:23,1933768,snamimessina.org,payload_delivery,Unknown Loader,"etherhiding,victim"
2026-09-25 16:07:23,1933769,softnetonline.in,payload_delivery,Unknown Loader,"etherhiding,victim"
2026-09-25 16:07:23,1933770,softtechgh.com,payload_delivery,Unknown Loader,"etherhiding,victim"
2026-09-25 16:07:23,1933771,solarcapricornio.com.br,payload_delivery,Unknown Loader,"etherhiding,victim"
2026-09-25 16:07:22,1933757,siemenergia.it,payload_delivery,Unknown Loader,"etherhiding,victim"
2026-09-25 16:07:22,1933758,silveredgeadvisors.com,payload_delivery,Unknown Loader,"etherhiding,victim"
2026-09-25 16:07:22,1933759,sirenconstructionconsultants.com,payload_delivery,Unknown Loader,"etherhiding,victim"
2026-09-25 16:07:22,1933760,sirius.orlicemb.cz,payload_delivery,Unknown Loader,"etherhiding,victim"
2026-09-25 16:07:22,1933761,sistemkolor.com,payload_delivery,Unknown Loader,"etherhiding,victim"
2026-09-25 16:07:22,1933762,sjremodelfinder.com,payload_delivery,Unknown Loader,"etherhiding,victim"
2026-09-25 16:07:22,1933763,skinbrava.com,payload_delivery,Unknown Loader,"etherhiding,victim"
2026-09-25 16:07:21,1933747,sexalarab.online,payload_delivery,Unknown Loader,"etherhiding,victim"
2026-09-25 16:07:21,1933748,sgeninfo.co.uk,payload_delivery,Unknown Loader,"etherhiding,victim"
2026-09-25 16:07:21,1933749,sgsdigitals.com,payload_delivery,Unknown Loader,"etherhiding,victim"
2026-09-25 16:07:21,1933750,shahrekaleskeh.com,payload_delivery,Unknown Loader,"etherhiding,victim"
2026-09-25 16:07:21,1933751,shams-mu.com,payload_delivery,Unknown Loader,"etherhiding,victim"
2026-09-25 16:07:21,1933752,shirozaki.adv.br,payload_delivery,Unknown Loader,"etherhiding,victim"
2026-09-25 16:07:21,1933753,shopsavewithchelsea.com,payload_delivery,Unknown Loader,"etherhiding,victim"
2026-09-25 16:07:21,1933754,shrikrishnasaiclinic.com,payload_delivery,Unknown Loader,"etherhiding,victim"
2026-09-25 16:07:21,1933755,siargaobeachlot.com,payload_delivery,Unknown Loader,"etherhiding,victim"
2026-09-25 16:07:21,1933756,sicilystorytelling.com,payload_delivery,Unknown Loader,"etherhiding,victim"
2026-09-25 16:07:20,1933737,seaofgalileehotels.co.il,payload_delivery,Unknown Loader,"etherhiding,victim"
2026-09-25 16:07:20,1933738,sebastienfriscia.com,payload_delivery,Unknown Loader,"etherhiding,victim"
2026-09-25 16:07:20,1933739,sellermobile.com,payload_delivery,Unknown Loader,"etherhiding,victim"
2026-09-25 16:07:20,1933740,senoltekstil.com,payload_delivery,Unknown Loader,"etherhiding,victim"
2026-09-25 16:07:20,1933741,sensesbeautysalon.co.za,payload_delivery,Unknown Loader,"etherhiding,victim"
2026-09-25 16:07:20,1933742,senyamanruci.com,payload_delivery,Unknown Loader,"etherhiding,victim"
2026-09-25 16:07:20,1933743,serviettebedrucken.de,payload_delivery,Unknown Loader,"etherhiding,victim"
2026-09-25 16:07:20,1933744,servizionavettashuttlebuspalermomarsala.it,payload_delivery,Unknown Loader,"etherhiding,victim"
2026-09-25 16:07:20,1933745,sevpatik.com,payload_delivery,Unknown Loader,"etherhiding,victim"
2026-09-25 16:07:20,1933746,sewletsfaceit.co.uk,payload_delivery,Unknown Loader,"etherhiding,victim"
2026-09-25 16:07:19,1933726,saudesemfronteiras.eu,payload_delivery,Unknown Loader,"etherhiding,victim"
2026-09-25 16:07:19,1933727,savaina.com,payload_delivery,Unknown Loader,"etherhiding,victim"
2026-09-25 16:07:19,1933728,savoryhospitality.online,payload_delivery,Unknown Loader,"etherhiding,victim"
2026-09-25 16:07:19,1933729,sawanys.com,payload_delivery,Unknown Loader,"etherhiding,victim"
2026-09-25 16:07:19,1933730,sbkitchensandbathrooms.com,payload_delivery,Unknown Loader,"etherhiding,victim"
2026-09-25 16:07:19,1933731,scalpersempire.com,payload_delivery,Unknown Loader,"etherhiding,victim"
2026-09-25 16:07:19,1933732,scholarmarg.com,payload_delivery,Unknown Loader,"etherhiding,victim"
2026-09-25 16:07:19,1933733,schoolofalchemy.net,payload_delivery,Unknown Loader,"etherhiding,victim"
2026-09-25 16:07:19,1933734,scoopsquadco.com,payload_delivery,Unknown Loader,"etherhiding,victim"
2026-09-25 16:07:19,1933735,sdhmalahrastice.cz,payload_delivery,Unknown Loader,"etherhiding,victim"
2026-09-25 16:07:19,1933736,sdvalvesindia.com,payload_delivery,Unknown Loader,"etherhiding,victim"
2026-09-25 16:07:18,1933717,sagedermatology.com.ph,payload_delivery,Unknown Loader,"etherhiding,victim"
2026-09-25 16:07:18,1933718,salentorelax.com,payload_delivery,Unknown Loader,"etherhiding,victim"
2026-09-25 16:07:18,1933719,salomaoefreitas.com,payload_delivery,Unknown Loader,"etherhiding,victim"
2026-09-25 16:07:18,1933720,sanasalihabeautysalon.ae,payload_delivery,Unknown Loader,"etherhiding,victim"
2026-09-25 16:07:18,1933721,sanibelislandgo.com,payload_delivery,Unknown Loader,"etherhiding,victim"
2026-09-25 16:07:18,1933722,santaclaussays.com,payload_delivery,Unknown Loader,"etherhiding,victim"
2026-09-25 16:07:18,1933723,santenaturelledz.com,payload_delivery,Unknown Loader,"etherhiding,victim"
2026-09-25 16:07:18,1933724,santeperazzolo.it,payload_delivery,Unknown Loader,"etherhiding,victim"
2026-09-25 16:07:18,1933725,santuariodivinamisericordia.pe,payload_delivery,Unknown Loader,"etherhiding,victim"
2026-09-25 16:07:17,1933707,rollriteshop.com,payload_delivery,Unknown Loader,"etherhiding,victim"
2026-09-25 16:07:17,1933708,ronitmolko.com,payload_delivery,Unknown Loader,"etherhiding,victim"
2026-09-25 16:07:17,1933709,rosymugno.com,payload_delivery,Unknown Loader,"etherhiding,victim"
2026-09-25 16:07:17,1933710,rowshanchildcare.com,payload_delivery,Unknown Loader,"etherhiding,victim"
2026-09-25 16:07:17,1933711,rrhp.ie,payload_delivery,Unknown Loader,"etherhiding,victim"
2026-09-25 16:07:17,1933712,rsventure.in,payload_delivery,Unknown Loader,"etherhiding,victim"
2026-09-25 16:07:17,1933713,rtohomesandland.com,payload_delivery,Unknown Loader,"etherhiding,victim"
2026-09-25 16:07:17,1933714,russellcourthotel.ie,payload_delivery,Unknown Loader,"etherhiding,victim"
2026-09-25 16:07:17,1933715,rylikpoker.com,payload_delivery,Unknown Loader,"etherhiding,victim"
2026-09-25 16:07:17,1933716,sacredheart-edu.com.ng,payload_delivery,Unknown Loader,"etherhiding,victim"
2026-09-25 16:07:16,1933697,reviewmybusiness.com.au,payload_delivery,Unknown Loader,"etherhiding,victim"
2026-09-25 16:07:16,1933698,revolutions.ai,payload_delivery,Unknown Loader,"etherhiding,victim"
2026-09-25 16:07:16,1933699,rgsciencecollege.in,payload_delivery,Unknown Loader,"etherhiding,victim"
2026-09-25 16:07:16,1933700,richmonddrivinglessons.co.uk,payload_delivery,Unknown Loader,"etherhiding,victim"
2026-09-25 16:07:16,1933701,ricolicious.com,payload_delivery,Unknown Loader,"etherhiding,victim"
2026-09-25 16:07:16,1933702,rising.eco,payload_delivery,Unknown Loader,"etherhiding,victim"
2026-09-25 16:07:16,1933703,rk-boxgym.de,payload_delivery,Unknown Loader,"etherhiding,victim"
2026-09-25 16:07:16,1933704,rmbbhealth.com,payload_delivery,Unknown Loader,"etherhiding,victim"
2026-09-25 16:07:16,1933705,robertoscalco.it,payload_delivery,Unknown Loader,"etherhiding,victim"
2026-09-25 16:07:16,1933706,rockyscrownpub.com,payload_delivery,Unknown Loader,"etherhiding,victim"
2026-09-25 16:07:15,1933686,registrabrasilreurb.com.br,payload_delivery,Unknown Loader,"etherhiding,victim"
2026-09-25 16:07:15,1933687,renatajanuario.com,payload_delivery,Unknown Loader,"etherhiding,victim"
2026-09-25 16:07:15,1933688,renatusventures.com,payload_delivery,Unknown Loader,"etherhiding,victim"
2026-09-25 16:07:15,1933689,rentbeachbox.com,payload_delivery,Unknown Loader,"etherhiding,victim"
2026-09-25 16:07:15,1933690,rentclub.it,payload_delivery,Unknown Loader,"etherhiding,victim"
2026-09-25 16:07:15,1933691,renuefinancial.com,payload_delivery,Unknown Loader,"etherhiding,victim"
2026-09-25 16:07:15,1933692,requiem.llc,payload_delivery,Unknown Loader,"etherhiding,victim"
2026-09-25 16:07:15,1933693,reseau-regain.net,payload_delivery,Unknown Loader,"etherhiding,victim"
2026-09-25 16:07:15,1933694,reseaurose.ca,payload_delivery,Unknown Loader,"etherhiding,victim"
2026-09-25 16:07:15,1933695,resultfinder.in,payload_delivery,Unknown Loader,"etherhiding,victim"
2026-09-25 16:07:15,1933696,reunions-motivation.com,payload_delivery,Unknown Loader,"etherhiding,victim"
2026-09-25 16:07:14,1933674,rakeshjesadiya.com,payload_delivery,Unknown Loader,"etherhiding,victim"
2026-09-25 16:07:14,1933675,ramruay168.io,payload_delivery,Unknown Loader,"etherhiding,victim"
2026-09-25 16:07:14,1933676,rapidroutelogisticx.com,payload_delivery,Unknown Loader,"etherhiding,victim"
2026-09-25 16:07:14,1933677,realestatevideophotopros.com,payload_delivery,Unknown Loader,"etherhiding,victim"
2026-09-25 16:07:14,1933678,realestatey.com,payload_delivery,Unknown Loader,"etherhiding,victim"
2026-09-25 16:07:14,1933679,realizeunlimited.com,payload_delivery,Unknown Loader,"etherhiding,victim"
2026-09-25 16:07:14,1933680,realtroyfrancis.com,payload_delivery,Unknown Loader,"etherhiding,victim"
2026-09-25 16:07:14,1933681,rebeiroesantos.com,payload_delivery,Unknown Loader,"etherhiding,victim"
2026-09-25 16:07:14,1933682,rebellawyers.com,payload_delivery,Unknown Loader,"etherhiding,victim"
2026-09-25 16:07:14,1933683,recon-usa.org,payload_delivery,Unknown Loader,"etherhiding,victim"
2026-09-25 16:07:14,1933684,recruitmentpartnershipireland.co.uk,payload_delivery,Unknown Loader,"etherhiding,victim"
2026-09-25 16:07:14,1933685,redstella.com,payload_delivery,Unknown Loader,"etherhiding,victim"
2026-09-25 16:07:13,1933665,promotionphoenix.ca,payload_delivery,Unknown Loader,"etherhiding,victim"
2026-09-25 16:07:13,1933666,prontointerventosocialedss17.com,payload_delivery,Unknown Loader,"etherhiding,victim"
2026-09-25 16:07:13,1933667,propertyadjustingandappraisals.com,payload_delivery,Unknown Loader,"etherhiding,victim"
2026-09-25 16:07:13,1933668,prostoyrecept.com,payload_delivery,Unknown Loader,"etherhiding,victim"
2026-09-25 16:07:13,1933669,punapoison.com,payload_delivery,Unknown Loader,"etherhiding,victim"
2026-09-25 16:07:13,1933670,qbomodular.cl,payload_delivery,Unknown Loader,"etherhiding,victim"
2026-09-25 16:07:13,1933671,quetupiestudio.com,payload_delivery,Unknown Loader,"etherhiding,victim"
2026-09-25 16:07:13,1933672,radhashok.com,payload_delivery,Unknown Loader,"etherhiding,victim"
2026-09-25 16:07:13,1933673,rageexitgames.com,payload_delivery,Unknown Loader,"etherhiding,victim"
2026-09-25 16:07:12,1933656,porteravenue.com,payload_delivery,Unknown Loader,"etherhiding,victim"
2026-09-25 16:07:12,1933657,praxis-barthel.de,payload_delivery,Unknown Loader,"etherhiding,victim"
2026-09-25 16:07:12,1933658,preventnuclearholocaust.com,payload_delivery,Unknown Loader,"etherhiding,victim"
2026-09-25 16:07:12,1933659,prhasere.com,payload_delivery,Unknown Loader,"etherhiding,victim"
2026-09-25 16:07:12,1933660,primevisionbd.com,payload_delivery,Unknown Loader,"etherhiding,victim"
2026-09-25 16:07:12,1933661,profitproductivity.com,payload_delivery,Unknown Loader,"etherhiding,victim"
2026-09-25 16:07:12,1933662,profotofix.com,payload_delivery,Unknown Loader,"etherhiding,victim"
2026-09-25 16:07:12,1933663,prolocomedicina.it,payload_delivery,Unknown Loader,"etherhiding,victim"
2026-09-25 16:07:12,1933664,promotiko.it,payload_delivery,Unknown Loader,"etherhiding,victim"
2026-09-25 16:07:11,1933649,pistolerasonlineslots.com,payload_delivery,Unknown Loader,"etherhiding,victim"
2026-09-25 16:07:11,1933650,planctonmarino.com,payload_delivery,Unknown Loader,"etherhiding,victim"
2026-09-25 16:07:11,1933651,playzonehubx.com,payload_delivery,Unknown Loader,"etherhiding,victim"
2026-09-25 16:07:11,1933652,poker-station.com,payload_delivery,Unknown Loader,"etherhiding,victim"
2026-09-25 16:07:11,1933653,politolog.net,payload_delivery,Unknown Loader,"etherhiding,victim"
2026-09-25 16:07:11,1933654,poolsandspaswindlesham.co.uk,payload_delivery,Unknown Loader,"etherhiding,victim"
2026-09-25 16:07:11,1933655,porcelli.eu,payload_delivery,Unknown Loader,"etherhiding,victim"
2026-09-25 16:07:10,1933641,pepitegoodies.com,payload_delivery,Unknown Loader,"etherhiding,victim"
2026-09-25 16:07:10,1933642,peruvianhandcraftsinc.com,payload_delivery,Unknown Loader,"etherhiding,victim"
2026-09-25 16:07:10,1933643,petsupply-lb.com,payload_delivery,Unknown Loader,"etherhiding,victim"
2026-09-25 16:07:10,1933644,pezwanda.com,payload_delivery,Unknown Loader,"etherhiding,victim"
2026-09-25 16:07:10,1933645,picksneakersmn.com,payload_delivery,Unknown Loader,"etherhiding,victim"
2026-09-25 16:07:10,1933646,pienipikavippi.com,payload_delivery,Unknown Loader,"etherhiding,victim"
2026-09-25 16:07:10,1933647,pillpusher.net,payload_delivery,Unknown Loader,"etherhiding,victim"
2026-09-25 16:07:10,1933648,pioneersolon.org,payload_delivery,Unknown Loader,"etherhiding,victim"
2026-09-25 16:07:09,1933631,palosantodj.com,payload_delivery,Unknown Loader,"etherhiding,victim"
2026-09-25 16:07:09,1933632,panbrossalt.com,payload_delivery,Unknown Loader,"etherhiding,victim"
2026-09-25 16:07:09,1933633,pannaelectronics.com,payload_delivery,Unknown Loader,"etherhiding,victim"
2026-09-25 16:07:09,1933634,paramgurudev.org,payload_delivery,Unknown Loader,"etherhiding,victim"
2026-09-25 16:07:09,1933635,parkyourself.com,payload_delivery,Unknown Loader,"etherhiding,victim"
2026-09-25 16:07:09,1933636,patersonfilmmaker.com,payload_delivery,Unknown Loader,"etherhiding,victim"
2026-09-25 16:07:09,1933637,patrickmduggan.com,payload_delivery,Unknown Loader,"etherhiding,victim"
2026-09-25 16:07:09,1933638,pawparadise.site,payload_delivery,Unknown Loader,"etherhiding,victim"
2026-09-25 16:07:09,1933639,peekabooslots.com,payload_delivery,Unknown Loader,"etherhiding,victim"
2026-09-25 16:07:09,1933640,penpushers.com.ng,payload_delivery,Unknown Loader,"etherhiding,victim"
2026-09-25 16:07:08,1933621,orycan.com,payload_delivery,Unknown Loader,"etherhiding,victim"
2026-09-25 16:07:08,1933622,osmaneliyurtlari.com,payload_delivery,Unknown Loader,"etherhiding,victim"
2026-09-25 16:07:08,1933623,ottawatamilseniors.com,payload_delivery,Unknown Loader,"etherhiding,victim"
2026-09-25 16:07:08,1933624,outdoorcreationsstl.com,payload_delivery,Unknown Loader,"etherhiding,victim"
2026-09-25 16:07:08,1933625,overheadgaragedoorsnj.com,payload_delivery,Unknown Loader,"etherhiding,victim"
2026-09-25 16:07:08,1933626,ovili-benders.com,payload_delivery,Unknown Loader,"etherhiding,victim"
2026-09-25 16:07:08,1933627,oxfordbrazilebm.com,payload_delivery,Unknown Loader,"etherhiding,victim"
2026-09-25 16:07:08,1933628,oyoyinc.com,payload_delivery,Unknown Loader,"etherhiding,victim"
2026-09-25 16:07:08,1933629,padvisors.co.uk,payload_delivery,Unknown Loader,"etherhiding,victim"
2026-09-25 16:07:08,1933630,palmbeachpatio.com,payload_delivery,Unknown Loader,"etherhiding,victim"
2026-09-25 16:07:07,1933611,onlinecasinosuperclub.com,payload_delivery,Unknown Loader,"etherhiding,victim"
2026-09-25 16:07:07,1933612,onyxplatform.org,payload_delivery,Unknown Loader,"etherhiding,victim"
2026-09-25 16:07:07,1933613,openpothospitality.com,payload_delivery,Unknown Loader,"etherhiding,victim"
2026-09-25 16:07:07,1933614,opentennisfoundation.org.za,payload_delivery,Unknown Loader,"etherhiding,victim"
2026-09-25 16:07:07,1933615,operationgoldstar.org,payload_delivery,Unknown Loader,"etherhiding,victim"
2026-09-25 16:07:07,1933616,opusbrasil.eng.br,payload_delivery,Unknown Loader,"etherhiding,victim"
2026-09-25 16:07:07,1933617,oralcleanalagoas.com.br,payload_delivery,Unknown Loader,"etherhiding,victim"
2026-09-25 16:07:07,1933618,oriendahospital.com,payload_delivery,Unknown Loader,"etherhiding,victim"
2026-09-25 16:07:07,1933619,orkids.in,payload_delivery,Unknown Loader,"etherhiding,victim"
2026-09-25 16:07:07,1933620,ortecsp.com.br,payload_delivery,Unknown Loader,"etherhiding,victim"
2026-09-25 16:07:06,1933602,nxptech.co.uk,payload_delivery,Unknown Loader,"etherhiding,victim"
2026-09-25 16:07:06,1933603,nylocorporation.com,payload_delivery,Unknown Loader,"etherhiding,victim"
2026-09-25 16:07:06,1933604,oaklandabogados.com,payload_delivery,Unknown Loader,"etherhiding,victim"
2026-09-25 16:07:06,1933605,officelearner.net,payload_delivery,Unknown Loader,"etherhiding,victim"
2026-09-25 16:07:06,1933606,offslime.com,payload_delivery,Unknown Loader,"etherhiding,victim"
2026-09-25 16:07:06,1933607,oglesbycrane.com,payload_delivery,Unknown Loader,"etherhiding,victim"
2026-09-25 16:07:06,1933608,okjournals.com,payload_delivery,Unknown Loader,"etherhiding,victim"
2026-09-25 16:07:06,1933609,omra.tta.tn,payload_delivery,Unknown Loader,"etherhiding,victim"
2026-09-25 16:07:06,1933610,ondoorstep.co.uk,payload_delivery,Unknown Loader,"etherhiding,victim"
2026-09-25 16:07:05,1933588,nevisamag.ir,payload_delivery,Unknown Loader,"etherhiding,victim"
2026-09-25 16:07:05,1933589,newbankaccount.com,payload_delivery,Unknown Loader,"etherhiding,victim"
2026-09-25 16:07:05,1933590,newgardenairporthotel.com,payload_delivery,Unknown Loader,"etherhiding,victim"
2026-09-25 16:07:05,1933591,newswatchbharat.com,payload_delivery,Unknown Loader,"etherhiding,victim"
2026-09-25 16:07:05,1933592,newtaker.com,payload_delivery,Unknown Loader,"etherhiding,victim"
2026-09-25 16:07:05,1933593,nextdoorfilms.co.uk,payload_delivery,Unknown Loader,"etherhiding,victim"
2026-09-25 16:07:05,1933594,nextfleeteld.com,payload_delivery,Unknown Loader,"etherhiding,victim"
2026-09-25 16:07:05,1933595,nfskin.com,payload_delivery,Unknown Loader,"etherhiding,victim"
2026-09-25 16:07:05,1933596,njrka.lt,payload_delivery,Unknown Loader,"etherhiding,victim"
2026-09-25 16:07:05,1933597,nkezefuu.com,payload_delivery,Unknown Loader,"etherhiding,victim"
2026-09-25 16:07:05,1933598,noirouxlaw.com,payload_delivery,Unknown Loader,"etherhiding,victim"
2026-09-25 16:07:05,1933599,nomannurseryfarm.com,payload_delivery,Unknown Loader,"etherhiding,victim"
2026-09-25 16:07:05,1933600,notaria16medellin.com.co,payload_delivery,Unknown Loader,"etherhiding,victim"
2026-09-25 16:07:05,1933601,nougatine-dz.com,payload_delivery,Unknown Loader,"etherhiding,victim"
2026-09-25 16:07:04,1933577,nantunchurch.com,payload_delivery,Unknown Loader,"etherhiding,victim"
2026-09-25 16:07:04,1933578,narayanganjdairy.com,payload_delivery,Unknown Loader,"etherhiding,victim"
2026-09-25 16:07:04,1933579,natmed.id,payload_delivery,Unknown Loader,"etherhiding,victim"
2026-09-25 16:07:04,1933580,naturabizia.com,payload_delivery,Unknown Loader,"etherhiding,victim"
2026-09-25 16:07:04,1933581,naturecube.in,payload_delivery,Unknown Loader,"etherhiding,victim"
2026-09-25 16:07:04,1933582,natureragroup.online,payload_delivery,Unknown Loader,"etherhiding,victim"
2026-09-25 16:07:04,1933583,naturozbd.com,payload_delivery,Unknown Loader,"etherhiding,victim"
2026-09-25 16:07:04,1933584,nautizen.com,payload_delivery,Unknown Loader,"etherhiding,victim"
2026-09-25 16:07:04,1933585,nazliarman.net,payload_delivery,Unknown Loader,"etherhiding,victim"
2026-09-25 16:07:04,1933586,nesralbaria.com,payload_delivery,Unknown Loader,"etherhiding,victim"
2026-09-25 16:07:04,1933587,neuroevidencia.com.br,payload_delivery,Unknown Loader,"etherhiding,victim"
2026-09-25 16:07:02,1933576,myaccessgaragedoors.com,payload_delivery,Unknown Loader,"etherhiding,victim"
2026-09-25 16:07:01,1933565,moyerdesign.com,payload_delivery,Unknown Loader,"etherhiding,victim"
2026-09-25 16:07:01,1933566,mschandikhan.com,payload_delivery,Unknown Loader,"etherhiding,victim"
2026-09-25 16:07:01,1933567,msrc-cu.org,payload_delivery,Unknown Loader,"etherhiding,victim"
2026-09-25 16:07:01,1933568,mubillc.com,payload_delivery,Unknown Loader,"etherhiding,victim"
2026-09-25 16:07:01,1933569,multegen.com,payload_delivery,Unknown Loader,"etherhiding,victim"
2026-09-25 16:07:01,1933570,mundialfarma.com.pe,payload_delivery,Unknown Loader,"etherhiding,victim"
2026-09-25 16:07:01,1933571,muratortaokulu.com,payload_delivery,Unknown Loader,"etherhiding,victim"
2026-09-25 16:07:01,1933572,murfinafrica.com,payload_delivery,Unknown Loader,"etherhiding,victim"
2026-09-25 16:07:01,1933573,murzementor.com,payload_delivery,Unknown Loader,"etherhiding,victim"
2026-09-25 16:07:01,1933574,muzsik.hu,payload_delivery,Unknown Loader,"etherhiding,victim"
2026-09-25 16:07:01,1933575,mwengeifoundation.com,payload_delivery,Unknown Loader,"etherhiding,victim"
2026-09-25 16:07:00,1933557,mobile-werbelogistik.de,payload_delivery,Unknown Loader,"etherhiding,victim"
2026-09-25 16:07:00,1933558,monocafe.seebloggers.pl,payload_delivery,Unknown Loader,"etherhiding,victim"
2026-09-25 16:07:00,1933559,monoranjanroy.com,payload_delivery,Unknown Loader,"etherhiding,victim"
2026-09-25 16:07:00,1933560,monsterfightergames.com,payload_delivery,Unknown Loader,"etherhiding,victim"
2026-09-25 16:07:00,1933561,montrosedentalorthostudio.com,payload_delivery,Unknown Loader,"etherhiding,victim"
2026-09-25 16:07:00,1933562,moorejohn.com,payload_delivery,Unknown Loader,"etherhiding,victim"
2026-09-25 16:07:00,1933563,motorcycleexpeditions.com,payload_delivery,Unknown Loader,"etherhiding,victim"
2026-09-25 16:07:00,1933564,motoseduardo.com,payload_delivery,Unknown Loader,"etherhiding,victim"
2026-09-25 16:06:59,1933545,metallbau-kassel.de,payload_delivery,Unknown Loader,"etherhiding,victim"
2026-09-25 16:06:59,1933546,metro1solutions.com,payload_delivery,Unknown Loader,"etherhiding,victim"
2026-09-25 16:06:59,1933547,mightybush.com,payload_delivery,Unknown Loader,"etherhiding,victim"
2026-09-25 16:06:59,1933548,miguelangelcueto.com,payload_delivery,Unknown Loader,"etherhiding,victim"
2026-09-25 16:06:59,1933549,mimbasin.sch.id,payload_delivery,Unknown Loader,"etherhiding,victim"
2026-09-25 16:06:59,1933550,minibotmedia.com,payload_delivery,Unknown Loader,"etherhiding,victim"
2026-09-25 16:06:59,1933551,missfabz.com,payload_delivery,Unknown Loader,"etherhiding,victim"
2026-09-25 16:06:59,1933552,missnikkilane.com,payload_delivery,Unknown Loader,"etherhiding,victim"
2026-09-25 16:06:59,1933553,mizu-france.fr,payload_delivery,Unknown Loader,"etherhiding,victim"
2026-09-25 16:06:59,1933554,mjotas.lt,payload_delivery,Unknown Loader,"etherhiding,victim"
2026-09-25 16:06:59,1933555,mkgdigital.es,payload_delivery,Unknown Loader,"etherhiding,victim"
2026-09-25 16:06:59,1933556,mm-international.com,payload_delivery,Unknown Loader,"etherhiding,victim"
2026-09-25 16:06:58,1933533,mauricekerrigan.com,payload_delivery,Unknown Loader,"etherhiding,victim"
2026-09-25 16:06:58,1933534,maximesalon.com,payload_delivery,Unknown Loader,"etherhiding,victim"
2026-09-25 16:06:58,1933535,mayman.vn,payload_delivery,Unknown Loader,"etherhiding,victim"
2026-09-25 16:06:58,1933536,mazimai.com,payload_delivery,Unknown Loader,"etherhiding,victim"
2026-09-25 16:06:58,1933537,megawecare.com.bd,payload_delivery,Unknown Loader,"etherhiding,victim"
2026-09-25 16:06:58,1933538,meilaile.com,payload_delivery,Unknown Loader,"etherhiding,victim"
2026-09-25 16:06:58,1933539,meleaca.eu,payload_delivery,Unknown Loader,"etherhiding,victim"
2026-09-25 16:06:58,1933540,melroseme.net,payload_delivery,Unknown Loader,"etherhiding,victim"
2026-09-25 16:06:58,1933541,mentaloasisflorida.com,payload_delivery,Unknown Loader,"etherhiding,victim"
2026-09-25 16:06:58,1933542,mentorflix.com.br,payload_delivery,Unknown Loader,"etherhiding,victim"
2026-09-25 16:06:58,1933543,merakibakery.it,payload_delivery,Unknown Loader,"etherhiding,victim"
2026-09-25 16:06:58,1933544,metab2b.fr,payload_delivery,Unknown Loader,"etherhiding,victim"
2026-09-25 16:06:57,1933524,mariaisabelpino.com,payload_delivery,Unknown Loader,"etherhiding,victim"
2026-09-25 16:06:57,1933525,marjanvanlier.nl,payload_delivery,Unknown Loader,"etherhiding,victim"
2026-09-25 16:06:57,1933526,marketbusiness.com.au,payload_delivery,Unknown Loader,"etherhiding,victim"
2026-09-25 16:06:57,1933527,marleyscaribbeancuisine.com,payload_delivery,Unknown Loader,"etherhiding,victim"
2026-09-25 16:06:57,1933528,marquecreative.com,payload_delivery,Unknown Loader,"etherhiding,victim"
2026-09-25 16:06:57,1933529,masadvocates.com,payload_delivery,Unknown Loader,"etherhiding,victim"
2026-09-25 16:06:57,1933530,masterbuiltprojects.com,payload_delivery,Unknown Loader,"etherhiding,victim"
2026-09-25 16:06:57,1933531,materclin.com.br,payload_delivery,Unknown Loader,"etherhiding,victim"
2026-09-25 16:06:57,1933532,maui.ae,payload_delivery,Unknown Loader,"etherhiding,victim"
2026-09-25 16:06:56,1933513,lyndelworldcars.co.uk,payload_delivery,Unknown Loader,"etherhiding,victim"
2026-09-25 16:06:56,1933514,m.nohuvip.co,payload_delivery,Unknown Loader,"etherhiding,victim"
2026-09-25 16:06:56,1933515,machonediting.com,payload_delivery,Unknown Loader,"etherhiding,victim"
2026-09-25 16:06:56,1933516,maginationimages.com,payload_delivery,Unknown Loader,"etherhiding,victim"
2026-09-25 16:06:56,1933517,mahasakthiyagam.com,payload_delivery,Unknown Loader,"etherhiding,victim"
2026-09-25 16:06:56,1933518,mahertechinc.com,payload_delivery,Unknown Loader,"etherhiding,victim"
2026-09-25 16:06:56,1933519,malditopiano.com,payload_delivery,Unknown Loader,"etherhiding,victim"
2026-09-25 16:06:56,1933520,mamaandthedoc.com.au,payload_delivery,Unknown Loader,"etherhiding,victim"
2026-09-25 16:06:56,1933521,manini.fr,payload_delivery,Unknown Loader,"etherhiding,victim"
2026-09-25 16:06:56,1933522,mankan.at,payload_delivery,Unknown Loader,"etherhiding,victim"
2026-09-25 16:06:56,1933523,mapenjoyrooms.com,payload_delivery,Unknown Loader,"etherhiding,victim"
2026-09-25 16:06:55,1933503,littlephase.co.za,payload_delivery,Unknown Loader,"etherhiding,victim"
2026-09-25 16:06:55,1933504,loizena.com,payload_delivery,Unknown Loader,"etherhiding,victim"
2026-09-25 16:06:55,1933505,loomname.com,payload_delivery,Unknown Loader,"etherhiding,victim"
2026-09-25 16:06:55,1933506,loredanadinapoli.com,payload_delivery,Unknown Loader,"etherhiding,victim"
2026-09-25 16:06:55,1933507,loveurselfperu.com,payload_delivery,Unknown Loader,"etherhiding,victim"
2026-09-25 16:06:55,1933508,lppi.it,payload_delivery,Unknown Loader,"etherhiding,victim"
2026-09-25 16:06:55,1933509,luckymoneylover.com,payload_delivery,Unknown Loader,"etherhiding,victim"
2026-09-25 16:06:55,1933510,lujoexclusividad.com,payload_delivery,Unknown Loader,"etherhiding,victim"
2026-09-25 16:06:55,1933511,lumiglas.co.za,payload_delivery,Unknown Loader,"etherhiding,victim"
2026-09-25 16:06:55,1933512,lxamsstate.com,payload_delivery,Unknown Loader,"etherhiding,victim"
2026-09-25 16:06:54,1933496,letsgetmarried.cz,payload_delivery,Unknown Loader,"etherhiding,victim"
2026-09-25 16:06:54,1933497,lhmustangwrestling.com,payload_delivery,Unknown Loader,"etherhiding,victim"
2026-09-25 16:06:54,1933498,liceclinicskingwood.com,payload_delivery,Unknown Loader,"etherhiding,victim"
2026-09-25 16:06:54,1933499,lincolnepartners.it,payload_delivery,Unknown Loader,"etherhiding,victim"
2026-09-25 16:06:54,1933500,lincolnpublishers.us,payload_delivery,Unknown Loader,"etherhiding,victim"
2026-09-25 16:06:54,1933501,lintascita.net,payload_delivery,Unknown Loader,"etherhiding,victim"
2026-09-25 16:06:54,1933502,littlehopecarehomes.co.uk,payload_delivery,Unknown Loader,"etherhiding,victim"
2026-09-25 16:06:53,1933486,latinpool.net,payload_delivery,Unknown Loader,"etherhiding,victim"
2026-09-25 16:06:53,1933487,launchmind.org,payload_delivery,Unknown Loader,"etherhiding,victim"
2026-09-25 16:06:53,1933488,launchmyagencyreviews.com,payload_delivery,Unknown Loader,"etherhiding,victim"
2026-09-25 16:06:53,1933489,layyahnews.com,payload_delivery,Unknown Loader,"etherhiding,victim"
2026-09-25 16:06:53,1933490,lcmservicesllcct.com,payload_delivery,Unknown Loader,"etherhiding,victim"
2026-09-25 16:06:53,1933491,leapedia.com,payload_delivery,Unknown Loader,"etherhiding,victim"
2026-09-25 16:06:53,1933492,lebenclinic.com,payload_delivery,Unknown Loader,"etherhiding,victim"
2026-09-25 16:06:53,1933493,leeuwcare.com,payload_delivery,Unknown Loader,"etherhiding,victim"
2026-09-25 16:06:53,1933494,legacyriseenterprises.com,payload_delivery,Unknown Loader,"etherhiding,victim"
2026-09-25 16:06:53,1933495,leroyfortin.fr,payload_delivery,Unknown Loader,"etherhiding,victim"
2026-09-25 16:06:52,1933478,laconsciente.com,payload_delivery,Unknown Loader,"etherhiding,victim"
2026-09-25 16:06:52,1933479,ladellestyling.com,payload_delivery,Unknown Loader,"etherhiding,victim"
2026-09-25 16:06:52,1933480,ladyrun.net,payload_delivery,Unknown Loader,"etherhiding,victim"
2026-09-25 16:06:52,1933481,larnacabay.com,payload_delivery,Unknown Loader,"etherhiding,victim"
2026-09-25 16:06:52,1933482,laryssarocha.arq.br,payload_delivery,Unknown Loader,"etherhiding,victim"
2026-09-25 16:06:52,1933483,lasalada1963.com,payload_delivery,Unknown Loader,"etherhiding,victim"
2026-09-25 16:06:52,1933484,lashingtools.com,payload_delivery,Unknown Loader,"etherhiding,victim"
2026-09-25 16:06:52,1933485,lasonrisadebeckett.com.ar,payload_delivery,Unknown Loader,"etherhiding,victim"
2026-09-25 16:06:51,1933470,klaerende-spaziergaenge.at,payload_delivery,Unknown Loader,"etherhiding,victim"
2026-09-25 16:06:51,1933471,knowasq.com,payload_delivery,Unknown Loader,"etherhiding,victim"
2026-09-25 16:06:51,1933472,ko-games.com,payload_delivery,Unknown Loader,"etherhiding,victim"
2026-09-25 16:06:51,1933473,kpasinstronic.com,payload_delivery,Unknown Loader,"etherhiding,victim"
2026-09-25 16:06:51,1933474,kreatiendas.com,payload_delivery,Unknown Loader,"etherhiding,victim"
2026-09-25 16:06:51,1933475,kristychmura.com,payload_delivery,Unknown Loader,"etherhiding,victim"
2026-09-25 16:06:51,1933476,kumuldrop.com,payload_delivery,Unknown Loader,"etherhiding,victim"
2026-09-25 16:06:51,1933477,laboratoiresbiotech.com,payload_delivery,Unknown Loader,"etherhiding,victim"
2026-09-25 16:06:50,1933461,kd-golf.com,payload_delivery,Unknown Loader,"etherhiding,victim"
2026-09-25 16:06:50,1933462,kelbrig.com,payload_delivery,Unknown Loader,"etherhiding,victim"
2026-09-25 16:06:50,1933463,khafatrans.com,payload_delivery,Unknown Loader,"etherhiding,victim"
2026-09-25 16:06:50,1933464,kiasuplumber.com,payload_delivery,Unknown Loader,"etherhiding,victim"
2026-09-25 16:06:50,1933465,kiragu.co.ke,payload_delivery,Unknown Loader,"etherhiding,victim"
2026-09-25 16:06:50,1933466,kirsaansaathi.com,payload_delivery,Unknown Loader,"etherhiding,victim"
2026-09-25 16:06:50,1933467,kissartgroup.com,payload_delivery,Unknown Loader,"etherhiding,victim"
2026-09-25 16:06:50,1933468,kivahangruppo.com,payload_delivery,Unknown Loader,"etherhiding,victim"
2026-09-25 16:06:50,1933469,kkovin.com,payload_delivery,Unknown Loader,"etherhiding,victim"
2026-09-25 16:06:49,1933456,kapelaflash.sk,payload_delivery,Unknown Loader,"etherhiding,victim"
2026-09-25 16:06:49,1933457,karolsequeira.com,payload_delivery,Unknown Loader,"etherhiding,victim"
2026-09-25 16:06:49,1933458,katiadavanzo.it,payload_delivery,Unknown Loader,"etherhiding,victim"
2026-09-25 16:06:49,1933459,kauditfirm.com,payload_delivery,Unknown Loader,"etherhiding,victim"
2026-09-25 16:06:49,1933460,kavarnastrani.cz,payload_delivery,Unknown Loader,"etherhiding,victim"
2026-09-25 15:47:03,1933452,zocity.nl,payload_delivery,IClickFix,ClickFix
2026-09-25 15:47:03,1933453,zucchinicru.com,payload_delivery,IClickFix,ClickFix
2026-09-25 15:47:02,1933449,zendogzz.com,payload_delivery,IClickFix,ClickFix
2026-09-25 15:47:02,1933450,zesanenterprises.com,payload_delivery,IClickFix,ClickFix
2026-09-25 15:47:02,1933451,zim-h2.com,payload_delivery,IClickFix,ClickFix
2026-09-25 15:47:01,1933444,z-creations.com,payload_delivery,IClickFix,ClickFix
2026-09-25 15:47:01,1933445,zabava-artes.cz,payload_delivery,IClickFix,ClickFix
2026-09-25 15:47:01,1933446,zalphabet.com,payload_delivery,IClickFix,ClickFix
2026-09-25 15:47:01,1933447,zapalocho.com,payload_delivery,IClickFix,ClickFix
2026-09-25 15:47:01,1933448,zeaslazanky.cz,payload_delivery,IClickFix,ClickFix
2026-09-25 15:47:00,1933425,wordpress-zakelijk.strijbosch.nl,payload_delivery,IClickFix,ClickFix
2026-09-25 15:47:00,1933426,wordpress.maartendevoldere.be,payload_delivery,IClickFix,ClickFix
2026-09-25 15:47:00,1933427,wordpress.soulapp.me,payload_delivery,IClickFix,ClickFix
2026-09-25 15:47:00,1933428,work-skills-global.com,payload_delivery,IClickFix,ClickFix
2026-09-25 15:47:00,1933429,work-source.app,payload_delivery,IClickFix,ClickFix
2026-09-25 15:47:00,1933430,wowwatch.nl,payload_delivery,IClickFix,ClickFix
2026-09-25 15:47:00,1933431,wtadelden.nl,payload_delivery,IClickFix,ClickFix
2026-09-25 15:47:00,1933432,xaynhatrongoitphcm.vn,payload_delivery,IClickFix,ClickFix
2026-09-25 15:47:00,1933433,xn----3mci2aha3gqbzb.com,payload_delivery,IClickFix,ClickFix
2026-09-25 15:47:00,1933434,xn--frulein-frost-cfb.de,payload_delivery,IClickFix,ClickFix
2026-09-25 15:47:00,1933435,xn--ih3bm3h02eowa8w.com,payload_delivery,IClickFix,ClickFix
2026-09-25 15:47:00,1933436,xn--shipo-esa.com,payload_delivery,IClickFix,ClickFix
2026-09-25 15:47:00,1933437,xxl-schlemmerhaus.de,payload_delivery,IClickFix,ClickFix
2026-09-25 15:47:00,1933438,yalabigcatsafari.com,payload_delivery,IClickFix,ClickFix
2026-09-25 15:47:00,1933439,yeet.company,payload_delivery,IClickFix,ClickFix
2026-09-25 15:47:00,1933440,yelloweasel.com,payload_delivery,IClickFix,ClickFix
2026-09-25 15:47:00,1933441,yellowtreecs.com,payload_delivery,IClickFix,ClickFix
2026-09-25 15:47:00,1933442,yogacoucou.com,payload_delivery,IClickFix,ClickFix
2026-09-25 15:47:00,1933443,yourbodyisyourbestfriend.com,payload_delivery,IClickFix,ClickFix
2026-09-25 15:46:59,1933409,websitedesigncharlotte.com,payload_delivery,IClickFix,ClickFix
2026-09-25 15:46:59,1933410,websolutions.lt,payload_delivery,IClickFix,ClickFix
2026-09-25 15:46:59,1933411,weinbausuchel.at,payload_delivery,IClickFix,ClickFix
2026-09-25 15:46:59,1933413,wendyvonsosen.com,payload_delivery,IClickFix,ClickFix
2026-09-25 15:46:59,1933414,weslinc.com,payload_delivery,IClickFix,ClickFix
2026-09-25 15:46:59,1933415,whatsoninreddeer.com,payload_delivery,IClickFix,ClickFix
2026-09-25 15:46:59,1933416,whominds.com,payload_delivery,IClickFix,ClickFix
2026-09-25 15:46:59,1933417,wicked-tuff.com,payload_delivery,IClickFix,ClickFix
2026-09-25 15:46:59,1933419,widyamanggala.ac.id,payload_delivery,IClickFix,ClickFix
2026-09-25 15:46:59,1933420,wienflower.at,payload_delivery,IClickFix,ClickFix
2026-09-25 15:46:59,1933421,wildsoulssalonstudios.com,payload_delivery,IClickFix,ClickFix
2026-09-25 15:46:59,1933422,wiltonstamebudgies.com,payload_delivery,IClickFix,ClickFix
2026-09-25 15:46:59,1933423,withartemis.net,payload_delivery,IClickFix,ClickFix
2026-09-25 15:46:59,1933424,wntt.zone,payload_delivery,IClickFix,ClickFix
2026-09-25 15:46:58,1933392,visataybannha.vn,payload_delivery,IClickFix,ClickFix
2026-09-25 15:46:58,1933393,visathuysi.vn,payload_delivery,IClickFix,ClickFix
2026-09-25 15:46:58,1933394,visatrungquoc.org,payload_delivery,IClickFix,ClickFix
2026-09-25 15:46:58,1933395,vntranslink.com,payload_delivery,IClickFix,ClickFix
2026-09-25 15:46:58,1933396,vobemapolska.pl,payload_delivery,IClickFix,ClickFix
2026-09-25 15:46:58,1933397,vulcania369.com,payload_delivery,IClickFix,ClickFix
2026-09-25 15:46:58,1933399,wandzin.pl,payload_delivery,IClickFix,ClickFix
2026-09-25 15:46:58,1933400,washingtondisplay.co.uk,payload_delivery,IClickFix,ClickFix
2026-09-25 15:46:58,1933401,wasiisports.com,payload_delivery,IClickFix,ClickFix
2026-09-25 15:46:58,1933402,waterfordbanquet.com,payload_delivery,IClickFix,ClickFix
2026-09-25 15:46:58,1933404,wavetraders.org,payload_delivery,IClickFix,ClickFix
2026-09-25 15:46:58,1933405,wcuglobaledu.com,payload_delivery,IClickFix,ClickFix
2026-09-25 15:46:58,1933406,web-design-vegatrade.it,payload_delivery,IClickFix,ClickFix
2026-09-25 15:46:58,1933407,web.cervanties.com,payload_delivery,IClickFix,ClickFix
2026-09-25 15:46:58,1933408,webkinn.com,payload_delivery,IClickFix,ClickFix
2026-09-25 15:46:57,1933374,veedav.com,payload_delivery,IClickFix,ClickFix
2026-09-25 15:46:57,1933375,veemis.sk,payload_delivery,IClickFix,ClickFix
2026-09-25 15:46:57,1933376,veezee.net,payload_delivery,IClickFix,ClickFix
2026-09-25 15:46:57,1933377,vefgreining.com,payload_delivery,IClickFix,ClickFix
2026-09-25 15:46:57,1933378,velken.com.br,payload_delivery,IClickFix,ClickFix
2026-09-25 15:46:57,1933379,vihaaninnovative.in,payload_delivery,IClickFix,ClickFix
2026-09-25 15:46:57,1933380,vinayweb.tech,payload_delivery,IClickFix,ClickFix
2026-09-25 15:46:57,1933381,vinr.fr,payload_delivery,IClickFix,ClickFix
2026-09-25 15:46:57,1933382,virtualopticamedellin.com,payload_delivery,IClickFix,ClickFix
2026-09-25 15:46:57,1933383,visabalan.vn,payload_delivery,IClickFix,ClickFix
2026-09-25 15:46:57,1933384,visabi.vn,payload_delivery,IClickFix,ClickFix
2026-09-25 15:46:57,1933385,visahongkong.com.vn,payload_delivery,IClickFix,ClickFix
2026-09-25 15:46:57,1933386,visaireland.vn,payload_delivery,IClickFix,ClickFix
2026-09-25 15:46:57,1933387,visamy.org,payload_delivery,IClickFix,ClickFix
2026-09-25 15:46:57,1933388,visanga.vn,payload_delivery,IClickFix,ClickFix
2026-09-25 15:46:57,1933390,visaphanlan.com,payload_delivery,IClickFix,ClickFix
2026-09-25 15:46:57,1933391,visaschengen.vn,payload_delivery,IClickFix,ClickFix
2026-09-25 15:46:56,1933357,universalyflamenco.com,payload_delivery,IClickFix,ClickFix
2026-09-25 15:46:56,1933358,upcyclebot.com,payload_delivery,IClickFix,ClickFix
2026-09-25 15:46:56,1933359,urdu69.com,payload_delivery,IClickFix,ClickFix
2026-09-25 15:46:56,1933360,urdustoryclub.com,payload_delivery,IClickFix,ClickFix
2026-09-25 15:46:56,1933361,usahaaksigenerasi.com,payload_delivery,IClickFix,ClickFix
2026-09-25 15:46:56,1933362,uzpremium.com,payload_delivery,IClickFix,ClickFix
2026-09-25 15:46:56,1933363,v-b-t.se,payload_delivery,IClickFix,ClickFix
2026-09-25 15:46:56,1933364,vaao.lv,payload_delivery,IClickFix,ClickFix
2026-09-25 15:46:56,1933365,vaartraining.com,payload_delivery,IClickFix,ClickFix
2026-09-25 15:46:56,1933366,vaikunthastays.com,payload_delivery,IClickFix,ClickFix
2026-09-25 15:46:56,1933367,vannhacson.com,payload_delivery,IClickFix,ClickFix
2026-09-25 15:46:56,1933368,vansoho.com,payload_delivery,IClickFix,ClickFix
2026-09-25 15:46:56,1933369,vaskomsija.rs,payload_delivery,IClickFix,ClickFix
2026-09-25 15:46:56,1933370,vault55.com,payload_delivery,IClickFix,ClickFix
2026-09-25 15:46:56,1933371,vbbs.edu.vn,payload_delivery,IClickFix,ClickFix
2026-09-25 15:46:56,1933372,vc.sa,payload_delivery,IClickFix,ClickFix
2026-09-25 15:46:56,1933373,vecchioforno.mx,payload_delivery,IClickFix,ClickFix
2026-09-25 15:46:55,1933344,uberrichinfatcity.com,payload_delivery,IClickFix,ClickFix
2026-09-25 15:46:55,1933345,ubgeneraltrading.com,payload_delivery,IClickFix,ClickFix
2026-09-25 15:46:55,1933346,ucc-tr.com,payload_delivery,IClickFix,ClickFix
2026-09-25 15:46:55,1933347,ucuzpvczemin.com.tr,payload_delivery,IClickFix,ClickFix
2026-09-25 15:46:55,1933348,uesce.com,payload_delivery,IClickFix,ClickFix
2026-09-25 15:46:55,1933349,ugknives.com,payload_delivery,IClickFix,ClickFix
2026-09-25 15:46:55,1933350,ultrahi.com.br,payload_delivery,IClickFix,ClickFix
2026-09-25 15:46:55,1933351,umojn.edu.ni,payload_delivery,IClickFix,ClickFix
2026-09-25 15:46:55,1933352,unfitfilm.com,payload_delivery,IClickFix,ClickFix
2026-09-25 15:46:55,1933353,unicarsistem.com,payload_delivery,IClickFix,ClickFix
2026-09-25 15:46:55,1933354,unitedmovingusa.com,payload_delivery,IClickFix,ClickFix
2026-09-25 15:46:55,1933355,unitedpowerprojects.com,payload_delivery,IClickFix,ClickFix
2026-09-25 15:46:55,1933356,unitedtransport.co.in,payload_delivery,IClickFix,ClickFix
2026-09-25 15:46:21,1933338,troikatechservices.in,payload_delivery,IClickFix,ClickFix
2026-09-25 15:46:21,1933339,tsaair.com.au,payload_delivery,IClickFix,ClickFix
2026-09-25 15:46:21,1933340,tsgholdingsllc.com,payload_delivery,IClickFix,ClickFix
2026-09-25 15:46:21,1933341,tubo-repair.space,payload_delivery,IClickFix,ClickFix
2026-09-25 15:46:21,1933342,tulumediaok.com,payload_delivery,IClickFix,ClickFix
2026-09-25 15:46:21,1933343,uass.se,payload_delivery,IClickFix,ClickFix
2026-09-25 15:46:20,1933323,tolmacsszolgalat-zala.hu,payload_delivery,IClickFix,ClickFix
2026-09-25 15:46:20,1933324,tombeardslee.com,payload_delivery,IClickFix,ClickFix
2026-09-25 15:46:20,1933325,toolversaa.com,payload_delivery,IClickFix,ClickFix
2026-09-25 15:46:20,1933326,topindesport.be,payload_delivery,IClickFix,ClickFix
2026-09-25 15:46:20,1933327,tornadosmart.com,payload_delivery,IClickFix,ClickFix
2026-09-25 15:46:20,1933328,torrasgroup.com,payload_delivery,IClickFix,ClickFix
2026-09-25 15:46:20,1933329,toybreedspuppies.com,payload_delivery,IClickFix,ClickFix
2026-09-25 15:46:20,1933330,tqr.ro,payload_delivery,IClickFix,ClickFix
2026-09-25 15:46:20,1933331,tracymartinauthor.com,payload_delivery,IClickFix,ClickFix
2026-09-25 15:46:20,1933332,travaux-renovation-decoration.fr,payload_delivery,IClickFix,ClickFix
2026-09-25 15:46:20,1933333,trayectoriasweb.com,payload_delivery,IClickFix,ClickFix
2026-09-25 15:46:20,1933334,tremendoussports.com,payload_delivery,IClickFix,ClickFix
2026-09-25 15:46:20,1933335,trendstechhub.com,payload_delivery,IClickFix,ClickFix
2026-09-25 15:46:20,1933336,trenorehab.org,payload_delivery,IClickFix,ClickFix
2026-09-25 15:46:20,1933337,trocken.cl,payload_delivery,IClickFix,ClickFix
2026-09-25 15:46:19,1933305,thehealingbalmfoundation.org,payload_delivery,IClickFix,ClickFix
2026-09-25 15:46:19,1933306,theimperialscholarsschool.com,payload_delivery,IClickFix,ClickFix
2026-09-25 15:46:19,1933307,thename.fr,payload_delivery,IClickFix,ClickFix
2026-09-25 15:46:19,1933308,theopenporndb.net,payload_delivery,IClickFix,ClickFix
2026-09-25 15:46:19,1933309,theordinarysell.com,payload_delivery,IClickFix,ClickFix
2026-09-25 15:46:19,1933310,thepurplemonday.com,payload_delivery,IClickFix,ClickFix
2026-09-25 15:46:19,1933311,thequibscollective.com,payload_delivery,IClickFix,ClickFix
2026-09-25 15:46:19,1933312,thesarsangroup.com,payload_delivery,IClickFix,ClickFix
2026-09-25 15:46:19,1933313,thetntlab.com,payload_delivery,IClickFix,ClickFix
2026-09-25 15:46:19,1933314,thewhsc.com,payload_delivery,IClickFix,ClickFix
2026-09-25 15:46:19,1933315,theworthz.com,payload_delivery,IClickFix,ClickFix
2026-09-25 15:46:19,1933316,thewritingconsultancy.net,payload_delivery,IClickFix,ClickFix
2026-09-25 15:46:19,1933317,thfvn.com,payload_delivery,IClickFix,ClickFix
2026-09-25 15:46:19,1933318,thrivesolarmexico.com,payload_delivery,IClickFix,ClickFix
2026-09-25 15:46:19,1933319,tichert.es,payload_delivery,IClickFix,ClickFix
2026-09-25 15:46:19,1933320,tiemchachica.com,payload_delivery,IClickFix,ClickFix
2026-09-25 15:46:19,1933321,tkquatresaisons.com,payload_delivery,IClickFix,ClickFix
2026-09-25 15:46:19,1933322,tlco.com.vn,payload_delivery,IClickFix,ClickFix
2026-09-25 15:46:18,1933291,techly-fix.space,payload_delivery,IClickFix,ClickFix
2026-09-25 15:46:18,1933292,technikahq.com,payload_delivery,IClickFix,ClickFix
2026-09-25 15:46:18,1933293,technikaiprzemysl.pl,payload_delivery,IClickFix,ClickFix
2026-09-25 15:46:18,1933294,techrappy.com,payload_delivery,IClickFix,ClickFix
2026-09-25 15:46:18,1933295,tekitool.com,payload_delivery,IClickFix,ClickFix
2026-09-25 15:46:18,1933296,tekniko.ir,payload_delivery,IClickFix,ClickFix
2026-09-25 15:46:18,1933297,testwebsitejoogi.nl,payload_delivery,IClickFix,ClickFix
2026-09-25 15:46:18,1933298,texasdebtreliefusa.com,payload_delivery,IClickFix,ClickFix
2026-09-25 15:46:18,1933299,texasterrainmasters.com,payload_delivery,IClickFix,ClickFix
2026-09-25 15:46:18,1933300,thaynanmariano.com.br,payload_delivery,IClickFix,ClickFix
2026-09-25 15:46:18,1933301,thebestlifelessons.com,payload_delivery,IClickFix,ClickFix
2026-09-25 15:46:18,1933302,theconfidentcareer.com,payload_delivery,IClickFix,ClickFix
2026-09-25 15:46:18,1933303,thedigitalz.com,payload_delivery,IClickFix,ClickFix
2026-09-25 15:46:18,1933304,thehackertech.com,payload_delivery,IClickFix,ClickFix
2026-09-25 15:46:17,1933274,sustainground.com,payload_delivery,IClickFix,ClickFix
2026-09-25 15:46:17,1933275,sweetiegirl.org,payload_delivery,IClickFix,ClickFix
2026-09-25 15:46:17,1933276,synergybailbonds.com,payload_delivery,IClickFix,ClickFix
2026-09-25 15:46:17,1933277,synzuusportswears.com,payload_delivery,IClickFix,ClickFix
2026-09-25 15:46:17,1933278,systececuador.com,payload_delivery,IClickFix,ClickFix
2026-09-25 15:46:17,1933279,t3aindustry.com,payload_delivery,IClickFix,ClickFix
2026-09-25 15:46:17,1933280,tailormadeproject.com.au,payload_delivery,IClickFix,ClickFix
2026-09-25 15:46:17,1933281,tamarabarclay.ca,payload_delivery,IClickFix,ClickFix
2026-09-25 15:46:17,1933282,tamaspince.com,payload_delivery,IClickFix,ClickFix
2026-09-25 15:46:17,1933283,tangentemotors.com,payload_delivery,IClickFix,ClickFix
2026-09-25 15:46:17,1933284,tanjunghomemassage.com,payload_delivery,IClickFix,ClickFix
2026-09-25 15:46:17,1933285,tarjetadetacografo.com,payload_delivery,IClickFix,ClickFix
2026-09-25 15:46:17,1933286,tavernadeirutuli.it,payload_delivery,IClickFix,ClickFix
2026-09-25 15:46:17,1933287,tazakhobor.com,payload_delivery,IClickFix,ClickFix
2026-09-25 15:46:17,1933288,tcientertainment.com.my,payload_delivery,IClickFix,ClickFix
2026-09-25 15:46:17,1933289,teachifyph.com,payload_delivery,IClickFix,ClickFix
2026-09-25 15:46:17,1933290,teagueslawncare.com,payload_delivery,IClickFix,ClickFix
2026-09-25 15:46:16,1933258,stewarthomebuilders.com,payload_delivery,IClickFix,ClickFix
2026-09-25 15:46:16,1933259,stickerprinting.eu,payload_delivery,IClickFix,ClickFix
2026-09-25 15:46:16,1933260,stonebrand.net,payload_delivery,IClickFix,ClickFix
2026-09-25 15:46:16,1933261,strathearnmural.net,payload_delivery,IClickFix,ClickFix
2026-09-25 15:46:16,1933262,stridesj.co.uk,payload_delivery,IClickFix,ClickFix
2026-09-25 15:46:16,1933263,strikix.site,payload_delivery,IClickFix,ClickFix
2026-09-25 15:46:16,1933264,structuurfondsen.nl,payload_delivery,IClickFix,ClickFix
2026-09-25 15:46:16,1933265,studiolegaleassociatoimprota.com,payload_delivery,IClickFix,ClickFix
2026-09-25 15:46:16,1933266,sturlasanchez.com,payload_delivery,IClickFix,ClickFix
2026-09-25 15:46:16,1933267,sudsstopper.com,payload_delivery,IClickFix,ClickFix
2026-09-25 15:46:16,1933268,suitesanbiagio.com,payload_delivery,IClickFix,ClickFix
2026-09-25 15:46:16,1933269,summvia.tech,payload_delivery,IClickFix,ClickFix
2026-09-25 15:46:16,1933270,sunlitnetwork.com,payload_delivery,IClickFix,ClickFix
2026-09-25 15:46:16,1933271,support-central.se,payload_delivery,IClickFix,ClickFix
2026-09-25 15:46:16,1933272,sureshot.com.au,payload_delivery,IClickFix,ClickFix
2026-09-25 15:46:16,1933273,surveyremedy.co.uk,payload_delivery,IClickFix,ClickFix
2026-09-25 15:46:15,1933246,snittlifefestival.com,payload_delivery,IClickFix,ClickFix
2026-09-25 15:46:15,1933247,softroofwashing.com.au,payload_delivery,IClickFix,ClickFix
2026-09-25 15:46:15,1933248,solareuroperesidencial.com,payload_delivery,IClickFix,ClickFix
2026-09-25 15:46:15,1933249,solutionscomptable.com,payload_delivery,IClickFix,ClickFix
2026-09-25 15:46:15,1933250,soundsandsymbols.co.uk,payload_delivery,IClickFix,ClickFix
2026-09-25 15:46:15,1933251,spacegnomestudio.com,payload_delivery,IClickFix,ClickFix
2026-09-25 15:46:15,1933252,speedquizzing.com,payload_delivery,IClickFix,ClickFix
2026-09-25 15:46:15,1933253,spiritorganisation.com,payload_delivery,IClickFix,ClickFix
2026-09-25 15:46:15,1933254,sportugynok.hu,payload_delivery,IClickFix,ClickFix
2026-09-25 15:46:15,1933255,sservicesconsulting.com,payload_delivery,IClickFix,ClickFix
2026-09-25 15:46:15,1933256,staronesportswear.com,payload_delivery,IClickFix,ClickFix
2026-09-25 15:46:15,1933257,stevenshometeam.com,payload_delivery,IClickFix,ClickFix
2026-09-25 15:46:14,1933232,sifacare.co.uk,payload_delivery,IClickFix,ClickFix
2026-09-25 15:46:14,1933233,sign.com.co,payload_delivery,IClickFix,ClickFix
2026-09-25 15:46:14,1933234,silivriersotomotiv.com,payload_delivery,IClickFix,ClickFix
2026-09-25 15:46:14,1933235,silvioswarmehap.nl,payload_delivery,IClickFix,ClickFix
2026-09-25 15:46:14,1933236,simonepachera.it,payload_delivery,IClickFix,ClickFix
2026-09-25 15:46:14,1933237,sketchcb.com,payload_delivery,IClickFix,ClickFix
2026-09-25 15:46:14,1933238,skiadasfamily.com,payload_delivery,IClickFix,ClickFix
2026-09-25 15:46:14,1933239,skin2withinllc.com,payload_delivery,IClickFix,ClickFix
2026-09-25 15:46:14,1933240,slimbodyminceur.fr,payload_delivery,IClickFix,ClickFix
2026-09-25 15:46:14,1933241,smartreputationsystem.com,payload_delivery,IClickFix,ClickFix
2026-09-25 15:46:14,1933242,smartres.pl,payload_delivery,IClickFix,ClickFix
2026-09-25 15:46:14,1933243,smher.ca,payload_delivery,IClickFix,ClickFix
2026-09-25 15:46:14,1933244,smqualityparts.com,payload_delivery,IClickFix,ClickFix
2026-09-25 15:46:14,1933245,snapseedforpcguide.co,payload_delivery,IClickFix,ClickFix
2026-09-25 15:46:13,1933216,seralco.fr,payload_delivery,IClickFix,ClickFix
2026-09-25 15:46:13,1933217,serviceetdepannagehp.com,payload_delivery,IClickFix,ClickFix
2026-09-25 15:46:13,1933218,servrz.com,payload_delivery,IClickFix,ClickFix
2026-09-25 15:46:13,1933219,sescominfo.com,payload_delivery,IClickFix,ClickFix
2026-09-25 15:46:13,1933220,sexhebe.co.bw,payload_delivery,IClickFix,ClickFix
2026-09-25 15:46:13,1933221,sgcreativeweb.com,payload_delivery,IClickFix,ClickFix
2026-09-25 15:46:13,1933222,shakalovesyou.com,payload_delivery,IClickFix,ClickFix
2026-09-25 15:46:13,1933223,shamla.org,payload_delivery,IClickFix,ClickFix
2026-09-25 15:46:13,1933224,shayssteaksandmore.com,payload_delivery,IClickFix,ClickFix
2026-09-25 15:46:13,1933225,shelbysbarberia.com,payload_delivery,IClickFix,ClickFix
2026-09-25 15:46:13,1933226,shemagh.pk,payload_delivery,IClickFix,ClickFix
2026-09-25 15:46:13,1933227,shemsdance.com,payload_delivery,IClickFix,ClickFix
2026-09-25 15:46:13,1933228,shop.sunroom.it,payload_delivery,IClickFix,ClickFix
2026-09-25 15:46:13,1933229,showponyevents.com,payload_delivery,IClickFix,ClickFix
2026-09-25 15:46:13,1933230,shstoragellc.com,payload_delivery,IClickFix,ClickFix
2026-09-25 15:46:13,1933231,siam-cz.com,payload_delivery,IClickFix,ClickFix
2026-09-25 15:46:12,1933202,schullandheim-blankenburg.de,payload_delivery,IClickFix,ClickFix
2026-09-25 15:46:12,1933203,scopebusinessnews.com,payload_delivery,IClickFix,ClickFix
2026-09-25 15:46:12,1933204,scpharmainsights.com.br,payload_delivery,IClickFix,ClickFix
2026-09-25 15:46:12,1933205,scroltenterprise.com,payload_delivery,IClickFix,ClickFix
2026-09-25 15:46:12,1933206,scuola-inglese-opinioni.it,payload_delivery,IClickFix,ClickFix
2026-09-25 15:46:12,1933207,scuolascicampofelice.it,payload_delivery,IClickFix,ClickFix
2026-09-25 15:46:12,1933208,sdf-city.com,payload_delivery,IClickFix,ClickFix
2026-09-25 15:46:12,1933209,sdwebseo.com,payload_delivery,IClickFix,ClickFix
2026-09-25 15:46:12,1933210,searchby.app,payload_delivery,IClickFix,ClickFix
2026-09-25 15:46:12,1933211,searu.io,payload_delivery,IClickFix,ClickFix
2026-09-25 15:46:12,1933212,sebnitz-web.de,payload_delivery,IClickFix,ClickFix
2026-09-25 15:46:12,1933213,segurus.mx,payload_delivery,IClickFix,ClickFix
2026-09-25 15:46:12,1933214,sensedproject.com,payload_delivery,IClickFix,ClickFix
2026-09-25 15:46:12,1933215,sentryresearch.com,payload_delivery,IClickFix,ClickFix
2026-09-25 15:46:11,1933188,sametecairmaster.ie,payload_delivery,IClickFix,ClickFix
2026-09-25 15:46:11,1933189,samuelgarciaabogado.com,payload_delivery,IClickFix,ClickFix
2026-09-25 15:46:11,1933190,samuelgarciapsicoanalista.com,payload_delivery,IClickFix,ClickFix
2026-09-25 15:46:11,1933191,sandax.sk,payload_delivery,IClickFix,ClickFix
2026-09-25 15:46:11,1933192,sandima.net,payload_delivery,IClickFix,ClickFix
2026-09-25 15:46:11,1933193,sanjingcourt.com,payload_delivery,IClickFix,ClickFix
2026-09-25 15:46:11,1933194,saqjillani.com,payload_delivery,IClickFix,ClickFix
2026-09-25 15:46:11,1933195,sariety.com,payload_delivery,IClickFix,ClickFix
2026-09-25 15:46:11,1933196,saunabussloo.nl,payload_delivery,IClickFix,ClickFix
2026-09-25 15:46:11,1933197,savageops.org,payload_delivery,IClickFix,ClickFix
2026-09-25 15:46:11,1933198,sbhlawyers.co.za,payload_delivery,IClickFix,ClickFix
2026-09-25 15:46:11,1933199,sbobetslot.asia,payload_delivery,IClickFix,ClickFix
2026-09-25 15:46:11,1933200,scforce.com.br,payload_delivery,IClickFix,ClickFix
2026-09-25 15:46:11,1933201,schoolzenai.com,payload_delivery,IClickFix,ClickFix
2026-09-25 15:45:35,1933177,saasunivers.com,payload_delivery,IClickFix,ClickFix
2026-09-25 15:45:35,1933178,sabagriculturaltrading.com,payload_delivery,IClickFix,ClickFix
2026-09-25 15:45:35,1933179,sachsenwald-mietangebote.immomio.de,payload_delivery,IClickFix,ClickFix
2026-09-25 15:45:35,1933180,safeercars.com,payload_delivery,IClickFix,ClickFix
2026-09-25 15:45:35,1933181,safeskill.co.za,payload_delivery,IClickFix,ClickFix
2026-09-25 15:45:35,1933182,sagarfishaquarium.in,payload_delivery,IClickFix,ClickFix
2026-09-25 15:45:35,1933183,saiadamanada.com,payload_delivery,IClickFix,ClickFix
2026-09-25 15:45:35,1933184,saigona.fr,payload_delivery,IClickFix,ClickFix
2026-09-25 15:45:35,1933185,sainttripp.com,payload_delivery,IClickFix,ClickFix
2026-09-25 15:45:35,1933186,saladmasterqatar.com,payload_delivery,IClickFix,ClickFix
2026-09-25 15:45:35,1933187,salle-a-rennes.fr,payload_delivery,IClickFix,ClickFix
2026-09-25 15:45:34,1933160,ric.gov.bd,payload_delivery,IClickFix,ClickFix
2026-09-25 15:45:34,1933161,rideaux-metalliques-bordeaux.com,payload_delivery,IClickFix,ClickFix
2026-09-25 15:45:34,1933162,rideaux-metalliques-orleans.fr,payload_delivery,IClickFix,ClickFix
2026-09-25 15:45:34,1933163,rideaux-metalliques-toulouse.com,payload_delivery,IClickFix,ClickFix
2026-09-25 15:45:34,1933164,risconamira.com.br,payload_delivery,IClickFix,ClickFix
2026-09-25 15:45:34,1933165,riversandsteel.com,payload_delivery,IClickFix,ClickFix
2026-09-25 15:45:34,1933166,rkspl.in,payload_delivery,IClickFix,ClickFix
2026-09-25 15:45:34,1933167,robertamortgages.com,payload_delivery,IClickFix,ClickFix
2026-09-25 15:45:34,1933168,rocpaperscissors.com,payload_delivery,IClickFix,ClickFix
2026-09-25 15:45:34,1933169,roefeldaggemert-bakel.nl,payload_delivery,IClickFix,ClickFix
2026-09-25 15:45:34,1933170,rolloplus.com,payload_delivery,IClickFix,ClickFix
2026-09-25 15:45:34,1933171,roni-umzuege.de,payload_delivery,IClickFix,ClickFix
2026-09-25 15:45:34,1933172,roptic.org,payload_delivery,IClickFix,ClickFix
2026-09-25 15:45:34,1933173,rosedeclaire.lu,payload_delivery,IClickFix,ClickFix
2026-09-25 15:45:34,1933174,roseinjectables.com,payload_delivery,IClickFix,ClickFix
2026-09-25 15:45:34,1933175,rotary-merano.org,payload_delivery,IClickFix,ClickFix
2026-09-25 15:45:34,1933176,royalbeauty.cz,payload_delivery,IClickFix,ClickFix
2026-09-25 15:45:33,1933147,rc-hall.net,payload_delivery,IClickFix,ClickFix
2026-09-25 15:45:33,1933148,rds-music.com,payload_delivery,IClickFix,ClickFix
2026-09-25 15:45:33,1933149,realplaza.com.gt,payload_delivery,IClickFix,ClickFix
2026-09-25 15:45:33,1933150,redclaymasonry.ca,payload_delivery,IClickFix,ClickFix
2026-09-25 15:45:33,1933151,redlinerecoverytransport.co.uk,payload_delivery,IClickFix,ClickFix
2026-09-25 15:45:33,1933152,reglu.com,payload_delivery,IClickFix,ClickFix
2026-09-25 15:45:33,1933153,rehantraining.com,payload_delivery,IClickFix,ClickFix
2026-09-25 15:45:33,1933154,remitlyperks.com,payload_delivery,IClickFix,ClickFix
2026-09-25 15:45:33,1933155,renoxa-pro.space,payload_delivery,IClickFix,ClickFix
2026-09-25 15:45:33,1933156,repair-appliance-pro.site,payload_delivery,IClickFix,ClickFix
2026-09-25 15:45:33,1933157,repairo-space.space,payload_delivery,IClickFix,ClickFix
2026-09-25 15:45:33,1933158,restaurant-amigo.nl,payload_delivery,IClickFix,ClickFix
2026-09-25 15:45:33,1933159,restaurantepandemillo.es,payload_delivery,IClickFix,ClickFix
2026-09-25 15:45:32,1933132,propertymakers.in,payload_delivery,IClickFix,ClickFix
2026-09-25 15:45:32,1933133,provincedenamurtourisme.be,payload_delivery,IClickFix,ClickFix
2026-09-25 15:45:32,1933134,ptctiticaca.com,payload_delivery,IClickFix,ClickFix
2026-09-25 15:45:32,1933135,publicacionespastorales.com.ec,payload_delivery,IClickFix,ClickFix
2026-09-25 15:45:32,1933136,pullmanartsfoundation.org,payload_delivery,IClickFix,ClickFix
2026-09-25 15:45:32,1933137,pureskill.ie,payload_delivery,IClickFix,ClickFix
2026-09-25 15:45:32,1933138,queen-plast.com,payload_delivery,IClickFix,ClickFix
2026-09-25 15:45:32,1933139,qwertysistemas.com,payload_delivery,IClickFix,ClickFix
2026-09-25 15:45:32,1933140,raaijmakerstegelsensanitair.nl,payload_delivery,IClickFix,ClickFix
2026-09-25 15:45:32,1933141,radhikacosmeticgynecology.com,payload_delivery,IClickFix,ClickFix
2026-09-25 15:45:32,1933142,radiosedetnt.it,payload_delivery,IClickFix,ClickFix
2026-09-25 15:45:32,1933143,rahatabdulghaffarmc.com,payload_delivery,IClickFix,ClickFix
2026-09-25 15:45:32,1933144,raiseyourglasswinebar.com,payload_delivery,IClickFix,ClickFix
2026-09-25 15:45:32,1933145,raum-9.com,payload_delivery,IClickFix,ClickFix
2026-09-25 15:45:32,1933146,raveenasoulworks.com,payload_delivery,IClickFix,ClickFix
2026-09-25 15:45:31,1933114,popularshows.world,payload_delivery,IClickFix,ClickFix
2026-09-25 15:45:31,1933115,portal.kasco.ai,payload_delivery,IClickFix,ClickFix
2026-09-25 15:45:31,1933116,portcityjams.com,payload_delivery,IClickFix,ClickFix
2026-09-25 15:45:31,1933117,positano.se,payload_delivery,IClickFix,ClickFix
2026-09-25 15:45:31,1933118,pourmontferrier.fr,payload_delivery,IClickFix,ClickFix
2026-09-25 15:45:31,1933119,powertowin.com,payload_delivery,IClickFix,ClickFix
2026-09-25 15:45:31,1933120,prconstructionusa.com,payload_delivery,IClickFix,ClickFix
2026-09-25 15:45:31,1933121,pregnancybeyond.com,payload_delivery,IClickFix,ClickFix
2026-09-25 15:45:31,1933122,primaranders.dk,payload_delivery,IClickFix,ClickFix
2026-09-25 15:45:31,1933123,primarycarechildrenspractice.com.au,payload_delivery,IClickFix,ClickFix
2026-09-25 15:45:31,1933124,primex.co.id,payload_delivery,IClickFix,ClickFix
2026-09-25 15:45:31,1933125,priscilasabrina.com,payload_delivery,IClickFix,ClickFix
2026-09-25 15:45:31,1933126,privateladiesparty.nl,payload_delivery,IClickFix,ClickFix
2026-09-25 15:45:31,1933127,privatpodkaplickou.cz,payload_delivery,IClickFix,ClickFix
2026-09-25 15:45:31,1933128,procreo.co,payload_delivery,IClickFix,ClickFix
2026-09-25 15:45:31,1933129,producedby.se,payload_delivery,IClickFix,ClickFix
2026-09-25 15:45:31,1933130,promochecked.com,payload_delivery,IClickFix,ClickFix
2026-09-25 15:45:31,1933131,propellerclub-algeciras.es,payload_delivery,IClickFix,ClickFix
2026-09-25 15:45:30,1933099,pgspiritoftheviking.org,payload_delivery,IClickFix,ClickFix
2026-09-25 15:45:30,1933100,pharmadrills.com,payload_delivery,IClickFix,ClickFix
2026-09-25 15:45:30,1933101,photovoltaik-leipzig.com,payload_delivery,IClickFix,ClickFix
2026-09-25 15:45:30,1933102,piccoloparco.com,payload_delivery,IClickFix,ClickFix
2026-09-25 15:45:30,1933103,pipestationzebra.com,payload_delivery,IClickFix,ClickFix
2026-09-25 15:45:30,1933104,pizzacb.cz,payload_delivery,IClickFix,ClickFix
2026-09-25 15:45:30,1933105,planetcomunication.eu,payload_delivery,IClickFix,ClickFix
2026-09-25 15:45:30,1933106,platinuminvest.org,payload_delivery,IClickFix,ClickFix
2026-09-25 15:45:30,1933107,plenamoon.es,payload_delivery,IClickFix,ClickFix
2026-09-25 15:45:30,1933108,plumbingtradepartners.co.uk,payload_delivery,IClickFix,ClickFix
2026-09-25 15:45:30,1933109,pm-connect.com,payload_delivery,IClickFix,ClickFix
2026-09-25 15:45:30,1933110,pn-mold.com,payload_delivery,IClickFix,ClickFix
2026-09-25 15:45:30,1933111,pnejfoundation.org,payload_delivery,IClickFix,ClickFix
2026-09-25 15:45:30,1933112,poorren.com,payload_delivery,IClickFix,ClickFix
2026-09-25 15:45:30,1933113,popowe.studio,payload_delivery,IClickFix,ClickFix
2026-09-25 15:45:29,1933080,pasticceriatadiotto.it,payload_delivery,IClickFix,ClickFix
2026-09-25 15:45:29,1933081,patilresortkalaagrotourism.com,payload_delivery,IClickFix,ClickFix
2026-09-25 15:45:29,1933082,patricialuisabelmonte.com.br,payload_delivery,IClickFix,ClickFix
2026-09-25 15:45:29,1933083,patriotairnd.com,payload_delivery,IClickFix,ClickFix
2026-09-25 15:45:29,1933084,paulhoney.net,payload_delivery,IClickFix,ClickFix
2026-09-25 15:45:29,1933085,pauloazevedodesign.com.br,payload_delivery,IClickFix,ClickFix
2026-09-25 15:45:29,1933086,pausehere.life,payload_delivery,IClickFix,ClickFix
2026-09-25 15:45:29,1933087,pavlovski.hr,payload_delivery,IClickFix,ClickFix
2026-09-25 15:45:29,1933088,pawmypets.com,payload_delivery,IClickFix,ClickFix
2026-09-25 15:45:29,1933089,pbpickleballacademy.com,payload_delivery,IClickFix,ClickFix
2026-09-25 15:45:29,1933090,peekaboobang.co.uk,payload_delivery,IClickFix,ClickFix
2026-09-25 15:45:29,1933091,pelckmanspro.be,payload_delivery,IClickFix,ClickFix
2026-09-25 15:45:29,1933092,penmillscaffolding.co.uk,payload_delivery,IClickFix,ClickFix
2026-09-25 15:45:29,1933093,peq.com.mx,payload_delivery,IClickFix,ClickFix
2026-09-25 15:45:29,1933094,perbased.net,payload_delivery,IClickFix,ClickFix
2026-09-25 15:45:29,1933095,perfectchoicehair.com,payload_delivery,IClickFix,ClickFix
2026-09-25 15:45:29,1933096,personal-line.ch,payload_delivery,IClickFix,ClickFix
2026-09-25 15:45:29,1933097,petrcapek1.cz,payload_delivery,IClickFix,ClickFix
2026-09-25 15:45:29,1933098,petropasco.com,payload_delivery,IClickFix,ClickFix
2026-09-25 15:45:28,1933066,omaind.com,payload_delivery,IClickFix,ClickFix
2026-09-25 15:45:28,1933067,onboardjobways.com,payload_delivery,IClickFix,ClickFix
2026-09-25 15:45:28,1933068,oneshotpressurewashing.com,payload_delivery,IClickFix,ClickFix
2026-09-25 15:45:28,1933069,onlyayurved.com,payload_delivery,IClickFix,ClickFix
2026-09-25 15:45:28,1933070,open.ntnu.co,payload_delivery,IClickFix,ClickFix
2026-09-25 15:45:28,1933071,opureonline.com,payload_delivery,IClickFix,ClickFix
2026-09-25 15:45:28,1933072,orange1079fm.com,payload_delivery,IClickFix,ClickFix
2026-09-25 15:45:28,1933073,oryxfx.org,payload_delivery,IClickFix,ClickFix
2026-09-25 15:45:28,1933074,osezadelaide.com,payload_delivery,IClickFix,ClickFix
2026-09-25 15:45:28,1933075,pablovaldiviesoar.com,payload_delivery,IClickFix,ClickFix
2026-09-25 15:45:28,1933076,paellaycaviar-events.com,payload_delivery,IClickFix,ClickFix
2026-09-25 15:45:28,1933077,paideksa.com,payload_delivery,IClickFix,ClickFix
2026-09-25 15:45:28,1933078,paintballbrehy.cz,payload_delivery,IClickFix,ClickFix
2026-09-25 15:45:28,1933079,pasteleriacustodio.com,payload_delivery,IClickFix,ClickFix
2026-09-25 15:45:27,1933050,nongnghiepdialong.com,payload_delivery,IClickFix,ClickFix
2026-09-25 15:45:27,1933051,noram.be,payload_delivery,IClickFix,ClickFix
2026-09-25 15:45:27,1933052,norayasesores.com,payload_delivery,IClickFix,ClickFix
2026-09-25 15:45:27,1933053,nordensbyggteknik.se,payload_delivery,IClickFix,ClickFix
2026-09-25 15:45:27,1933054,norikokuresumi.com,payload_delivery,IClickFix,ClickFix
2026-09-25 15:45:27,1933055,novaparada.com,payload_delivery,IClickFix,ClickFix
2026-09-25 15:45:27,1933056,novatechconnections.com,payload_delivery,IClickFix,ClickFix
2026-09-25 15:45:27,1933057,novo.sk,payload_delivery,IClickFix,ClickFix
2026-09-25 15:45:27,1933058,obresvall.com,payload_delivery,IClickFix,ClickFix
2026-09-25 15:45:27,1933059,odontologianeurofocal.com,payload_delivery,IClickFix,ClickFix
2026-09-25 15:45:27,1933060,odstopdoglow.com,payload_delivery,IClickFix,ClickFix
2026-09-25 15:45:27,1933061,oemba22.com,payload_delivery,IClickFix,ClickFix
2026-09-25 15:45:27,1933062,ofertasya.cl,payload_delivery,IClickFix,ClickFix
2026-09-25 15:45:27,1933063,okava.com,payload_delivery,IClickFix,ClickFix
2026-09-25 15:45:27,1933064,okutimar.is,payload_delivery,IClickFix,ClickFix
2026-09-25 15:45:27,1933065,oldironsidesfakesph.com,payload_delivery,IClickFix,ClickFix
2026-09-25 15:45:26,1933034,nebularmc.com,payload_delivery,IClickFix,ClickFix
2026-09-25 15:45:26,1933035,nedamatian.com,payload_delivery,IClickFix,ClickFix
2026-09-25 15:45:26,1933036,nelico.ee,payload_delivery,IClickFix,ClickFix
2026-09-25 15:45:26,1933037,nemoneice.com,payload_delivery,IClickFix,ClickFix
2026-09-25 15:45:26,1933038,neteshirek.hu,payload_delivery,IClickFix,ClickFix
2026-09-25 15:45:26,1933039,newemarketing.eu,payload_delivery,IClickFix,ClickFix
2026-09-25 15:45:26,1933040,newvisionediting.com,payload_delivery,IClickFix,ClickFix
2026-09-25 15:45:26,1933041,newweb.pfarre-perchtoldsdorf.at,payload_delivery,IClickFix,ClickFix
2026-09-25 15:45:26,1933042,nextnewsvibes.com,payload_delivery,IClickFix,ClickFix
2026-09-25 15:45:26,1933043,nextradeworld.com,payload_delivery,IClickFix,ClickFix
2026-09-25 15:45:26,1933044,nhanvanauto.vn,payload_delivery,IClickFix,ClickFix
2026-09-25 15:45:26,1933045,nicksbaseline.com,payload_delivery,IClickFix,ClickFix
2026-09-25 15:45:26,1933046,nidhalkochbati.com,payload_delivery,IClickFix,ClickFix
2026-09-25 15:45:26,1933047,ninachica.com,payload_delivery,IClickFix,ClickFix
2026-09-25 15:45:26,1933048,noblextech.com,payload_delivery,IClickFix,ClickFix
2026-09-25 15:45:26,1933049,noithat.dipa.vn,payload_delivery,IClickFix,ClickFix
2026-09-25 15:45:25,1933030,nataliatorchio.com.br,payload_delivery,IClickFix,ClickFix
2026-09-25 15:45:25,1933031,nathialcorporation.com,payload_delivery,IClickFix,ClickFix
2026-09-25 15:45:25,1933032,nburgencias.com.ar,payload_delivery,IClickFix,ClickFix
2026-09-25 15:45:25,1933033,ncdoula.org,payload_delivery,IClickFix,ClickFix
2026-09-25 15:44:47,1933028,napuhanci-skocko.com,payload_delivery,IClickFix,ClickFix
2026-09-25 15:44:47,1933029,nardius.nl,payload_delivery,IClickFix,ClickFix
2026-09-25 15:44:46,1933009,mokshawellnessbali.com,payload_delivery,IClickFix,ClickFix
2026-09-25 15:44:46,1933010,monnaitalianluxe.com,payload_delivery,IClickFix,ClickFix
2026-09-25 15:44:46,1933011,montanapolicyaction.com,payload_delivery,IClickFix,ClickFix
2026-09-25 15:44:46,1933012,moonstd.com.ua,payload_delivery,IClickFix,ClickFix
2026-09-25 15:44:46,1933013,mooresoffroxton.co.uk,payload_delivery,IClickFix,ClickFix
2026-09-25 15:44:46,1933014,moparsearch.com,payload_delivery,IClickFix,ClickFix
2026-09-25 15:44:46,1933015,mosquee-cronenbourg.fr,payload_delivery,IClickFix,ClickFix
2026-09-25 15:44:46,1933016,moto-hawk.com,payload_delivery,IClickFix,ClickFix
2026-09-25 15:44:46,1933017,mouvancehappymorphose.com,payload_delivery,IClickFix,ClickFix
2026-09-25 15:44:46,1933018,moveforwardtraders.com,payload_delivery,IClickFix,ClickFix
2026-09-25 15:44:46,1933019,moxviquil.org,payload_delivery,IClickFix,ClickFix
2026-09-25 15:44:46,1933020,mpclabs.co.uk,payload_delivery,IClickFix,ClickFix
2026-09-25 15:44:46,1933021,mpp.group,payload_delivery,IClickFix,ClickFix
2026-09-25 15:44:46,1933022,mundocircular.com.br,payload_delivery,IClickFix,ClickFix
2026-09-25 15:44:46,1933023,mushroomhouseprojects.com,payload_delivery,IClickFix,ClickFix
2026-09-25 15:44:46,1933024,myusanews.co.uk,payload_delivery,IClickFix,ClickFix
2026-09-25 15:44:46,1933025,myvap.cz,payload_delivery,IClickFix,ClickFix
2026-09-25 15:44:46,1933026,nadaesloqueparece.com,payload_delivery,IClickFix,ClickFix
2026-09-25 15:44:46,1933027,namaasaudi.com,payload_delivery,IClickFix,ClickFix
2026-09-25 15:44:45,1932990,mercurybrigade.com,payload_delivery,IClickFix,ClickFix
2026-09-25 15:44:45,1932991,metdesignschool.com,payload_delivery,IClickFix,ClickFix
2026-09-25 15:44:45,1932992,meubelmagie.nl,payload_delivery,IClickFix,ClickFix
2026-09-25 15:44:45,1932993,mexderconstructora.com,payload_delivery,IClickFix,ClickFix
2026-09-25 15:44:45,1932994,mhamzacorporation.com,payload_delivery,IClickFix,ClickFix
2026-09-25 15:44:45,1932995,mia-miola.art,payload_delivery,IClickFix,ClickFix
2026-09-25 15:44:45,1932996,micefulness.com,payload_delivery,IClickFix,ClickFix
2026-09-25 15:44:45,1932997,michservice.it,payload_delivery,IClickFix,ClickFix
2026-09-25 15:44:45,1932998,migrationjam.com,payload_delivery,IClickFix,ClickFix
2026-09-25 15:44:45,1932999,mijnevent.be,payload_delivery,IClickFix,ClickFix
2026-09-25 15:44:45,1933000,mikachollection.com,payload_delivery,IClickFix,ClickFix
2026-09-25 15:44:45,1933001,milliondollaradjuster.com,payload_delivery,IClickFix,ClickFix
2026-09-25 15:44:45,1933002,mindframedubail.fr,payload_delivery,IClickFix,ClickFix
2026-09-25 15:44:45,1933003,mireiamolins.com,payload_delivery,IClickFix,ClickFix
2026-09-25 15:44:45,1933004,misequipmentsales.com,payload_delivery,IClickFix,ClickFix
2026-09-25 15:44:45,1933005,mitsubishihaiphong.com.vn,payload_delivery,IClickFix,ClickFix
2026-09-25 15:44:45,1933006,mittelaltererlebnismarkt.de,payload_delivery,IClickFix,ClickFix
2026-09-25 15:44:45,1933007,mkbfiscaal.nl,payload_delivery,IClickFix,ClickFix
2026-09-25 15:44:45,1933008,mokoenaattorneys.co.za,payload_delivery,IClickFix,ClickFix
2026-09-25 15:44:44,1932975,maverickevents.co.in,payload_delivery,IClickFix,ClickFix
2026-09-25 15:44:44,1932976,maxpcimportaciones.com,payload_delivery,IClickFix,ClickFix
2026-09-25 15:44:44,1932977,mazzart.ro,payload_delivery,IClickFix,ClickFix
2026-09-25 15:44:44,1932978,mburbanismo.com.br,payload_delivery,IClickFix,ClickFix
2026-09-25 15:44:44,1932979,me-dog.it,payload_delivery,IClickFix,ClickFix
2026-09-25 15:44:44,1932980,medefilinc.com,payload_delivery,IClickFix,ClickFix
2026-09-25 15:44:44,1932981,medicstreaming.com,payload_delivery,IClickFix,ClickFix
2026-09-25 15:44:44,1932982,medikatrans.com,payload_delivery,IClickFix,ClickFix
2026-09-25 15:44:44,1932983,medsurgical.cl,payload_delivery,IClickFix,ClickFix
2026-09-25 15:44:44,1932984,megcompany.com.tr,payload_delivery,IClickFix,ClickFix
2026-09-25 15:44:44,1932985,menaramold.com,payload_delivery,IClickFix,ClickFix
2026-09-25 15:44:44,1932986,menu.net.vn,payload_delivery,IClickFix,ClickFix
2026-09-25 15:44:44,1932987,menu.vineriadelpopolo.it,payload_delivery,IClickFix,ClickFix
2026-09-25 15:44:44,1932988,mepcoelectromechanical.com,payload_delivery,IClickFix,ClickFix
2026-09-25 15:44:44,1932989,mercadofirm.com,payload_delivery,IClickFix,ClickFix
2026-09-25 15:44:43,1932959,mannavan.in,payload_delivery,IClickFix,ClickFix
2026-09-25 15:44:43,1932960,manontrentesaux.be,payload_delivery,IClickFix,ClickFix
2026-09-25 15:44:43,1932961,mapucheturismo.tur.ar,payload_delivery,IClickFix,ClickFix
2026-09-25 15:44:43,1932962,maraccuja.sk,payload_delivery,IClickFix,ClickFix
2026-09-25 15:44:43,1932963,marcosoliva.com,payload_delivery,IClickFix,ClickFix
2026-09-25 15:44:43,1932964,mariabakopulu.gr,payload_delivery,IClickFix,ClickFix
2026-09-25 15:44:43,1932965,mariarocha.com.ar,payload_delivery,IClickFix,ClickFix
2026-09-25 15:44:43,1932966,mariayoga.co.uk,payload_delivery,IClickFix,ClickFix
2026-09-25 15:44:43,1932967,mariposaleadership.com,payload_delivery,IClickFix,ClickFix
2026-09-25 15:44:43,1932968,marlopsluthieria.com,payload_delivery,IClickFix,ClickFix
2026-09-25 15:44:43,1932969,maryamsmusic.com,payload_delivery,IClickFix,ClickFix
2026-09-25 15:44:43,1932970,maryandpharmacy.com,payload_delivery,IClickFix,ClickFix
2026-09-25 15:44:43,1932971,masankaspice.com,payload_delivery,IClickFix,ClickFix
2026-09-25 15:44:43,1932972,masartechnologies.com,payload_delivery,IClickFix,ClickFix
2026-09-25 15:44:43,1932973,mashiba.com.my,payload_delivery,IClickFix,ClickFix
2026-09-25 15:44:43,1932974,masterenfracaso.com,payload_delivery,IClickFix,ClickFix
2026-09-25 15:44:42,1932941,londonpak.com,payload_delivery,IClickFix,ClickFix
2026-09-25 15:44:42,1932942,louadby.com,payload_delivery,IClickFix,ClickFix
2026-09-25 15:44:42,1932943,loyola.ac.tz,payload_delivery,IClickFix,ClickFix
2026-09-25 15:44:42,1932944,lsconseil-immobilier.fr,payload_delivery,IClickFix,ClickFix
2026-09-25 15:44:42,1932945,lulucare.it,payload_delivery,IClickFix,ClickFix
2026-09-25 15:44:42,1932946,lyceeolinga.org,payload_delivery,IClickFix,ClickFix
2026-09-25 15:44:42,1932947,ma-trisula.sch.id,payload_delivery,IClickFix,ClickFix
2026-09-25 15:44:42,1932948,madafair.com,payload_delivery,IClickFix,ClickFix
2026-09-25 15:44:42,1932949,madeinlindesberg.se,payload_delivery,IClickFix,ClickFix
2026-09-25 15:44:42,1932950,magdalenapernak.pl,payload_delivery,IClickFix,ClickFix
2026-09-25 15:44:42,1932951,magicobiz.com,payload_delivery,IClickFix,ClickFix
2026-09-25 15:44:42,1932952,magodelpc.cloud,payload_delivery,IClickFix,ClickFix
2026-09-25 15:44:42,1932953,mahie.net,payload_delivery,IClickFix,ClickFix
2026-09-25 15:44:42,1932954,maisthaicuisinedanang.com,payload_delivery,IClickFix,ClickFix
2026-09-25 15:44:42,1932955,makenuki.com,payload_delivery,IClickFix,ClickFix
2026-09-25 15:44:42,1932956,malnadtv.com,payload_delivery,IClickFix,ClickFix
2026-09-25 15:44:42,1932957,managementliabilityplus.com.au,payload_delivery,IClickFix,ClickFix
2026-09-25 15:44:42,1932958,mannatbd.xyz,payload_delivery,IClickFix,ClickFix
2026-09-25 15:44:41,1932922,libertywm.co.uk,payload_delivery,IClickFix,ClickFix
2026-09-25 15:44:41,1932923,lighthouseboston.com,payload_delivery,IClickFix,ClickFix
2026-09-25 15:44:41,1932924,lighthousestudioroma.it,payload_delivery,IClickFix,ClickFix
2026-09-25 15:44:41,1932925,lilymavrokefalou.gr,payload_delivery,IClickFix,ClickFix
2026-09-25 15:44:41,1932926,limbaoriginals.co.za,payload_delivery,IClickFix,ClickFix
2026-09-25 15:44:41,1932927,lindesbergpot.com,payload_delivery,IClickFix,ClickFix
2026-09-25 15:44:41,1932928,lindesbergskrukan.com,payload_delivery,IClickFix,ClickFix
2026-09-25 15:44:41,1932929,lineup.vn,payload_delivery,IClickFix,ClickFix
2026-09-25 15:44:41,1932930,lionbikebox.cl,payload_delivery,IClickFix,ClickFix
2026-09-25 15:44:41,1932931,lioneev.ir,payload_delivery,IClickFix,ClickFix
2026-09-25 15:44:41,1932932,litmtransportation.com,payload_delivery,IClickFix,ClickFix
2026-09-25 15:44:41,1932933,livebyproject.com,payload_delivery,IClickFix,ClickFix
2026-09-25 15:44:41,1932934,livingwithgreens.com,payload_delivery,IClickFix,ClickFix
2026-09-25 15:44:41,1932935,lmdpowermarketing.com,payload_delivery,IClickFix,ClickFix
2026-09-25 15:44:41,1932936,lobosfm.cl,payload_delivery,IClickFix,ClickFix
2026-09-25 15:44:41,1932937,localmapcertication.com,payload_delivery,IClickFix,ClickFix
2026-09-25 15:44:41,1932938,locpilot.com,payload_delivery,IClickFix,ClickFix
2026-09-25 15:44:41,1932939,logisticatrasporticatania.it,payload_delivery,IClickFix,ClickFix
2026-09-25 15:44:41,1932940,logosolsztyn.pl,payload_delivery,IClickFix,ClickFix
2026-09-25 15:44:40,1932903,laviadelsale.info,payload_delivery,IClickFix,ClickFix
2026-09-25 15:44:40,1932904,laxnes.is,payload_delivery,IClickFix,ClickFix
2026-09-25 15:44:40,1932905,leadinghawk.com,payload_delivery,IClickFix,ClickFix
2026-09-25 15:44:40,1932906,lecebnarehabilitace.cz,payload_delivery,IClickFix,ClickFix
2026-09-25 15:44:40,1932907,legaladviceworks.org,payload_delivery,IClickFix,ClickFix
2026-09-25 15:44:40,1932908,legalfox.com.br,payload_delivery,IClickFix,ClickFix
2026-09-25 15:44:40,1932909,legendcup.net,payload_delivery,IClickFix,ClickFix
2026-09-25 15:44:40,1932910,leistungargentina.com.ar,payload_delivery,IClickFix,ClickFix
2026-09-25 15:44:40,1932911,lektira.mk,payload_delivery,IClickFix,ClickFix
2026-09-25 15:44:40,1932912,lennertz.be,payload_delivery,IClickFix,ClickFix
2026-09-25 15:44:40,1932913,lensurdistributions.com,payload_delivery,IClickFix,ClickFix
2026-09-25 15:44:40,1932914,leo.edu.pe,payload_delivery,IClickFix,ClickFix
2026-09-25 15:44:40,1932915,lepotcommun.org,payload_delivery,IClickFix,ClickFix
2026-09-25 15:44:40,1932916,lerendez-vous.tg,payload_delivery,IClickFix,ClickFix
2026-09-25 15:44:40,1932917,les-voyageuses.net,payload_delivery,IClickFix,ClickFix
2026-09-25 15:44:40,1932918,lesungnb.com,payload_delivery,IClickFix,ClickFix
2026-09-25 15:44:40,1932919,lesvraisproduitscorses.com,payload_delivery,IClickFix,ClickFix
2026-09-25 15:44:40,1932920,levelup123.com,payload_delivery,IClickFix,ClickFix
2026-09-25 15:44:40,1932921,lhemingway.com,payload_delivery,IClickFix,ClickFix
2026-09-25 15:44:39,1932887,krause-fabrik.de,payload_delivery,IClickFix,ClickFix
2026-09-25 15:44:39,1932888,krecik-wiercenie-studni.pl,payload_delivery,IClickFix,ClickFix
2026-09-25 15:44:39,1932889,krtkovanie.sk,payload_delivery,IClickFix,ClickFix
2026-09-25 15:44:39,1932890,krystelliefashion.com,payload_delivery,IClickFix,ClickFix
2026-09-25 15:44:39,1932891,kulucubs.com,payload_delivery,IClickFix,ClickFix
2026-09-25 15:44:39,1932892,kurtlaperefotografie.be,payload_delivery,IClickFix,ClickFix
2026-09-25 15:44:39,1932893,kwgardensheds.ie,payload_delivery,IClickFix,ClickFix
2026-09-25 15:44:39,1932894,kwusenshi.com,payload_delivery,IClickFix,ClickFix
2026-09-25 15:44:39,1932895,la2re.com,payload_delivery,IClickFix,ClickFix
2026-09-25 15:44:39,1932896,lagunabanus.es,payload_delivery,IClickFix,ClickFix
2026-09-25 15:44:39,1932897,lajourneedesreseaux-cci.fr,payload_delivery,IClickFix,ClickFix
2026-09-25 15:44:39,1932898,langpaircorp.com,payload_delivery,IClickFix,ClickFix
2026-09-25 15:44:39,1932899,langreinservice.de,payload_delivery,IClickFix,ClickFix
2026-09-25 15:44:39,1932900,lanperna.eus,payload_delivery,IClickFix,ClickFix
2026-09-25 15:44:39,1932901,larecamaraestudio.com,payload_delivery,IClickFix,ClickFix
2026-09-25 15:44:39,1932902,laseniora.se,payload_delivery,IClickFix,ClickFix
2026-09-25 15:44:38,1932867,kenwilson-sports.com,payload_delivery,IClickFix,ClickFix
2026-09-25 15:44:38,1932868,kevin-meng.com,payload_delivery,IClickFix,ClickFix
2026-09-25 15:44:38,1932869,kfteuta.al,payload_delivery,IClickFix,ClickFix
2026-09-25 15:44:38,1932870,khangthinhphat.net.vn,payload_delivery,IClickFix,ClickFix
2026-09-25 15:44:38,1932871,kinderarztpraxis-am-rechter.de,payload_delivery,IClickFix,ClickFix
2026-09-25 15:44:38,1932872,kinderarztpraxis-westerstede.de,payload_delivery,IClickFix,ClickFix
2026-09-25 15:44:38,1932873,kindercamp-harz.de,payload_delivery,IClickFix,ClickFix
2026-09-25 15:44:38,1932874,kisaigon.com,payload_delivery,IClickFix,ClickFix
2026-09-25 15:44:38,1932875,klosengineering.co.uk,payload_delivery,IClickFix,ClickFix
2026-09-25 15:44:38,1932876,klotzbuecher24.de,payload_delivery,IClickFix,ClickFix
2026-09-25 15:44:38,1932877,knaiertours.de,payload_delivery,IClickFix,ClickFix
2026-09-25 15:44:38,1932878,knihokraj.cz,payload_delivery,IClickFix,ClickFix
2026-09-25 15:44:38,1932879,knskielce.pl,payload_delivery,IClickFix,ClickFix
2026-09-25 15:44:38,1932880,koi-art-photography.com,payload_delivery,IClickFix,ClickFix
2026-09-25 15:44:38,1932881,koi-fotografie.de,payload_delivery,IClickFix,ClickFix
2026-09-25 15:44:38,1932882,kokonineko.com,payload_delivery,IClickFix,ClickFix
2026-09-25 15:44:38,1932883,konectado.com,payload_delivery,IClickFix,ClickFix
2026-09-25 15:44:38,1932884,koryfluckiger.com,payload_delivery,IClickFix,ClickFix
2026-09-25 15:44:38,1932885,kovactransport.de,payload_delivery,IClickFix,ClickFix
2026-09-25 15:44:38,1932886,kraftechhomes.com,payload_delivery,IClickFix,ClickFix
2026-09-25 15:44:37,1932862,kapsalon-nouveau.nl,payload_delivery,IClickFix,ClickFix
2026-09-25 15:44:37,1932863,karaokesonata.es,payload_delivery,IClickFix,ClickFix
2026-09-25 15:44:37,1932864,karentheresemusic.com,payload_delivery,IClickFix,ClickFix
2026-09-25 15:44:37,1932865,kaschula.com,payload_delivery,IClickFix,ClickFix
2026-09-25 15:44:37,1932866,kavyasports.com,payload_delivery,IClickFix,ClickFix
2026-09-25 15:23:56,1932861,3atr35a9to.workers.dev,botnet_cc,php.shin_webshell,"Cloudflare,GIF,PHP,webshell,WordPress,workers.dev,wp-admin"
2026-09-25 15:16:13,1932860,191blue.workers.dev,botnet_cc,php.shin_webshell,"Cloudflare,GIF,PHP,webshell,WordPress,workers.dev,wp-admin"
2026-09-25 15:05:45,1932855,nu.1jp88.org,botnet_cc,Vidar,vidar
2026-09-25 15:04:00,1932851,stanrdardreserve.xyz,payload_delivery,IClickFix,ClickFix
2026-09-25 14:46:08,1932850,duck.bergamonerazzurra.com,payload_delivery,IClickFix,ClickFix
2026-09-25 14:46:07,1932849,wasp.blinqueofficial.com,payload_delivery,IClickFix,ClickFix
2026-09-25 14:33:44,1932846,3flhcehm.kaarenorge.com,payload_delivery,ClearFake,"ClearFake,mac-0x0f14,macos"
2026-09-25 14:20:52,1932845,pbgz2mgx.bet303bet.bet,payload_delivery,ClearFake,"ClearFake,mac-0x68dc,macos"
2026-09-25 14:20:43,1932844,bet303bet.bet,payload_delivery,ClearFake,ClearFake
2026-09-25 14:19:33,1932843,9ciuaa7dc8.workers.dev,botnet_cc,php.shin_webshell,"Cloudflare,GIF,PHP,webshell,WordPress,workers.dev,wp-admin"
2026-09-25 14:14:40,1932842,tilovoxo.workers.dev,botnet_cc,php.shin_webshell,"Cloudflare,GIF,PHP,webshell,WordPress,workers.dev,wp-admin"
2026-09-25 14:10:34,1932840,bet303.casino,payload_delivery,ClearFake,ClearFake
2026-09-25 14:01:36,1932835,dockmemoir.co,payload_delivery,SmartApeSG,SmartApeSG
2026-09-25 14:00:00,1932832,bet303.cash,payload_delivery,ClearFake,ClearFake
2026-09-25 13:58:30,1932831,indigo-finch-misgoaen.life,payload_delivery,IClickFix,"ClickFix,Mac,MacFinger"
2026-09-25 13:33:46,1932827,bet1roulette.com,payload_delivery,ClearFake,ClearFake
2026-09-25 13:32:27,1932826,69i8pi14.tobisha.com,payload_delivery,ClearFake,"ClearFake,mac-0xdcf2,macos"
2026-09-25 13:25:11,1932824,imersion4cf.site,payload_delivery,IClickFix,ClickFix
2026-09-25 13:21:05,1932822,tinybetayni.com,payload_delivery,ClearFake,"25September2026,ClearFake,Commandline,MacOS"
2026-09-25 13:10:55,1932821,time-travel.club,payload_delivery,ClearFake,"25September2026,ClearFake,Commandline,MacOS"
2026-09-25 13:03:30,1932816,9wouxjwy.prozhedownload.shop,payload_delivery,ClearFake,"ClearFake,mac-0x76c7,macos"
2026-09-25 13:02:04,1932815,prozhedownload.shop,payload_delivery,ClearFake,ClearFake
2026-09-25 12:25:48,1932813,sapphiremallory.workers.dev,botnet_cc,php.shin_webshell,"Cloudflare,GIF,PHP,webshell,WordPress,workers.dev,wp-admin"
2026-09-25 12:16:20,1932807,jh10s83825.workers.dev,botnet_cc,php.shin_webshell,"Cloudflare,GIF,PHP,webshell,WordPress,workers.dev,wp-admin"
2026-09-25 11:47:16,1932797,a.bc.6a73dbe.www.aioperao.com,botnet_cc,Cobalt Strike,None
2026-09-25 11:34:05,1932804,yj6cuwo1.bet1betyek.bet,payload_delivery,ClearFake,"ClearFake,mac-0x68dc,macos"
2026-09-25 11:20:45,1932795,nu.234-e.com,botnet_cc,Vidar,vidar
2026-09-25 10:25:57,1932790,e5ufcx9x6e.workers.dev,botnet_cc,php.shin_webshell,"Cloudflare,GIF,PHP,webshell,WordPress,workers.dev,wp-admin"
2026-09-25 10:25:23,1932789,loganwolverin2042.webredirect.org,botnet_cc,XWorm,xworm
2026-09-25 10:19:56,1932788,pxinb13757.workers.dev,botnet_cc,php.shin_webshell,"Cloudflare,GIF,PHP,webshell,WordPress,workers.dev,wp-admin"
2026-09-25 10:16:13,1932787,rb33u1g7.jetbaz.ir,payload_delivery,ClearFake,"ClearFake,mac-0x0f14,macos"
2026-09-25 10:14:05,1932786,jetbaz.ir,payload_delivery,ClearFake,"25September2026,ClearFake,Commandline,MacOS"
2026-09-25 10:00:31,1932780,as.vbizd.sbs,botnet_cc,AsyncRAT,asyncrat
2026-09-25 10:00:30,1932778,as.quats.sbs,botnet_cc,AsyncRAT,asyncrat
2026-09-25 10:00:30,1932779,as.sxlid.sbs,botnet_cc,AsyncRAT,asyncrat
2026-09-25 10:00:29,1932775,as.zends.sbs,botnet_cc,AsyncRAT,asyncrat
2026-09-25 10:00:29,1932776,as.bulkz.sbs,botnet_cc,AsyncRAT,asyncrat
2026-09-25 10:00:29,1932777,as.wordz.sbs,botnet_cc,AsyncRAT,asyncrat
2026-09-25 10:00:28,1932774,as.viaqs.sbs,botnet_cc,AsyncRAT,asyncrat
2026-09-25 09:36:40,1932757,hqzjyi9b.bet120x.net,payload_delivery,ClearFake,"ClearFake,mac-0x68dc,macos"
2026-09-25 09:32:58,1932755,atmyworst.xyz,payload_delivery,ClearFake,"25September2026,ClearFake,Commandline,DomainShadowing,Windows"
2026-09-25 09:05:31,1932741,kirk.velyra.ru,botnet_cc,Aisuru,"airashi,aisuru,botnet,ddos,mirai"
2026-09-25 08:35:46,1932739,hj.234-e.com,botnet_cc,Vidar,vidar
2026-09-25 08:35:45,1932737,hj.1jp88.org,botnet_cc,Vidar,vidar
2026-09-25 08:34:31,1932730,esunager.net,botnet_cc,Unknown RAT,"ChainScript,EtherHiding,NodeJS-RAT,on-chain-c2,Polygon"
2026-09-25 08:34:31,1932732,dibardo.net,botnet_cc,Unknown RAT,"ChainScript,EtherHiding,NodeJS-RAT,on-chain-c2,Polygon"
2026-09-25 08:34:30,1932731,sotikan.net,botnet_cc,Unknown RAT,"ChainScript,EtherHiding,NodeJS-RAT,on-chain-c2,Polygon"
2026-09-25 08:34:30,1932733,medonaz.net,botnet_cc,Unknown RAT,"ChainScript,EtherHiding,NodeJS-RAT,on-chain-c2,Polygon"
2026-09-25 08:34:29,1932734,remuloz.net,botnet_cc,Unknown RAT,"ChainScript,EtherHiding,NodeJS-RAT,on-chain-c2,Polygon"
2026-09-25 08:34:29,1932735,giperon.net,botnet_cc,Unknown RAT,"ChainScript,EtherHiding,NodeJS-RAT,Polygon"
2026-09-25 08:32:51,1932736,zejaziri.workers.dev,botnet_cc,php.shin_webshell,"Cloudflare,GIF,PHP,webshell,WordPress,workers.dev,wp-admin"
2026-09-25 08:24:08,1932729,5yuj1m1rfv.workers.dev,botnet_cc,php.shin_webshell,"Cloudflare,GIF,PHP,webshell,WordPress,workers.dev,wp-admin"
2026-09-25 08:12:44,1932716,ai.lzgqin.cc.cd,payload_delivery,Unknown malware,ClickFix
2026-09-25 08:11:36,1932726,wss.scriptlab.cc,botnet_cc,ACR Stealer,ACRStealer
2026-09-25 08:11:27,1932725,ttabqw6x.tickett.bet,payload_delivery,ClearFake,"ClearFake,mac-0xdcf2,macos"
2026-09-25 08:11:04,1932724,sso.activeloop.cc,botnet_cc,ACR Stealer,ACRStealer
2026-09-25 08:10:33,1932723,qaqfahai.com,botnet_cc,AsyncRAT,asyncrat
2026-09-25 08:10:28,1932722,tickett.bet,payload_delivery,ClearFake,"25September2026,ClearFake,Commandline,MacOS"
2026-09-25 08:10:00,1932721,winter-finch-slaibteis.life,payload_delivery,IClickFix,"ClickFix,Mac,MacFinger"
2026-09-25 08:03:49,1932717,2ulyzvrm.professionalsports.ir,payload_delivery,ClearFake,"ClearFake,mac-0x76c7,macos"
2026-09-25 08:01:16,1932715,professionalsports.ir,payload_delivery,ClearFake,ClearFake
2026-09-25 07:59:56,1932712,thehealystrategy.com,payload_delivery,ClearFake,"25September2026,ClearFake,Commandline,MacOS"
2026-09-25 07:50:35,1932708,teknoartia.com,payload_delivery,ClearFake,"25September2026,ClearFake,Commandline,MacOS"
2026-09-25 07:34:48,1932707,2ah1xj15.bet-303.fun,payload_delivery,ClearFake,"ClearFake,mac-0x68dc,macos"
2026-09-25 07:30:39,1932706,tc-autoparts.com,payload_delivery,ClearFake,"25September2026,ClearFake,Commandline,MacOS"
2026-09-25 07:20:24,1932705,taraf303.com,payload_delivery,ClearFake,"25September2026,ClearFake,Commandline,MacOS"
2026-09-25 06:28:17,1932443,denise-rennhardkurz.ch,payload_delivery,Unknown malware,ClickFix
2026-09-25 03:46:53,1932657,i.gckni.com,botnet_cc,Cobalt Strike,"CobaltStrike,drb-ra"
2026-09-25 03:21:58,1932619,www.k-architectes.fr,payload_delivery,ClearFake,"compromised,EtherHide"
2026-09-24 22:56:34,1932493,rivistalibera.it,payload_delivery,IClickFix,"ClickFix,Polygon"
2026-09-24 22:56:34,1932495,rupertwinston.com,payload_delivery,IClickFix,"ClickFix,Polygon"
2026-09-24 22:56:34,1932502,tlssnv.com,payload_delivery,IClickFix,"ClickFix,Polygon"
2026-09-24 22:56:34,1932505,unboundcreativepodcast.com,payload_delivery,IClickFix,"ClickFix,Polygon"
2026-09-24 22:56:33,1932484,kurtvandemotter.com,payload_delivery,IClickFix,"ClickFix,Polygon"
2026-09-24 22:56:33,1932485,levijohnsonphotography.com,payload_delivery,IClickFix,"ClickFix,Polygon"
2026-09-24 22:56:33,1932486,listingmetro.com,payload_delivery,IClickFix,"ClickFix,Polygon"
2026-09-24 22:56:33,1932487,marcynunes.com,payload_delivery,IClickFix,"ClickFix,Polygon"
2026-09-24 22:56:33,1932488,markautolippstadt.de,payload_delivery,IClickFix,"ClickFix,Polygon"
2026-09-24 22:56:33,1932489,mhmdesignandbuild.com,payload_delivery,IClickFix,"ClickFix,Polygon"
2026-09-24 22:56:33,1932491,modestorecovery.com,payload_delivery,IClickFix,"ClickFix,Polygon"
2026-09-24 22:50:29,1932476,nylocal-org.electronranch.com,payload_delivery,ClearFake,"compromised,EtherHide"
2026-09-24 20:40:48,1932446,hollow-badger-moasfraum.life,payload_delivery,IClickFix,"ClickFix,MacFinger"
2026-09-24 20:40:47,1932445,ashen-kindle-ridge-pruior.life,payload_delivery,IClickFix,"ClickFix,MacFinger"
2026-09-24 18:42:13,1932382,myauroracare.com,payload_delivery,Unknown malware,ClickFix
2026-09-24 16:15:39,1932345,checkms5.cc,payload_delivery,IClickFix,"ClickFix,EtherHiding"
2026-09-24 13:48:03,1932288,178-128-196-79.sslip.io,botnet_cc,Cobalt Strike,"CobaltStrike,drb-ra"
2026-09-24 13:14:43,1932277,courtoos.icu,payload_delivery,KongTuke,KongTuke
2026-09-24 07:48:29,1932194,winsochacoon.com,payload_delivery,IClickFix,"ClickFix,GeoGated"
2026-09-24 07:48:29,1932195,wyndhamgardenzomin.com,payload_delivery,IClickFix,"ClickFix,GeoGated"
2026-09-24 07:48:28,1932191,trypzomin.com,payload_delivery,IClickFix,"ClickFix,GeoGated"
2026-09-24 07:48:28,1932193,videobuddyapk.com.in,payload_delivery,IClickFix,"ClickFix,GeoGated"
2026-09-24 07:48:27,1932188,techcloudltd.work,payload_delivery,IClickFix,"ClickFix,GeoGated"
2026-09-24 07:47:48,1932187,sync-dejavu.de,payload_delivery,IClickFix,"ClickFix,GeoGated"
2026-09-24 07:47:44,1932186,ramadaencorezomin.com,payload_delivery,IClickFix,"ClickFix,GeoGated"
2026-09-24 07:47:42,1932180,niroosalamat.com,payload_delivery,IClickFix,"ClickFix,GeoGated"
2026-09-24 07:47:42,1932181,oceandriveshipchandlers.com,payload_delivery,IClickFix,"ClickFix,GeoGated"
2026-09-24 07:47:42,1932182,oceanpromarineservices.com,payload_delivery,IClickFix,"ClickFix,GeoGated"
2026-09-24 07:47:41,1932177,multiservicios.limpiezasmartin.es,payload_delivery,IClickFix,"ClickFix,GeoGated"
2026-09-24 07:47:41,1932178,nicom-ukraine.com,payload_delivery,IClickFix,"ClickFix,GeoGated"
2026-09-24 07:47:41,1932179,nicomukraine.com,payload_delivery,IClickFix,"ClickFix,GeoGated"
2026-09-24 07:46:56,1932175,leivamosetasdecadiz.es,payload_delivery,IClickFix,"ClickFix,GeoGated"
2026-09-24 07:46:54,1932173,hielosnorteonline.com,payload_delivery,IClickFix,"ClickFix,GeoGated"
2026-09-24 07:46:52,1932172,for88.fun,payload_delivery,IClickFix,"ClickFix,GeoGated"
2026-09-24 07:46:08,1932170,ebutic.com,payload_delivery,IClickFix,"ClickFix,GeoGated"
2026-09-24 07:46:08,1932171,eduteka.co,payload_delivery,IClickFix,"ClickFix,GeoGated"
2026-09-24 07:46:07,1932169,cowboytrick.dk,payload_delivery,IClickFix,"ClickFix,GeoGated"
2026-09-24 07:46:03,1932164,alwesam.org,payload_delivery,IClickFix,"ClickFix,GeoGated"
2026-09-24 07:46:03,1932165,apttechservices.com,payload_delivery,IClickFix,"ClickFix,GeoGated"
2026-09-24 07:46:03,1932166,atladeshellenicdivers.com,payload_delivery,IClickFix,"ClickFix,GeoGated"
2026-09-24 07:46:03,1932167,bakry.me,payload_delivery,IClickFix,"ClickFix,GeoGated"
2026-09-24 07:46:02,1932163,alphasolar-lb.com,payload_delivery,IClickFix,"ClickFix,GeoGated"
2026-09-24 07:38:15,1932153,yellowboximmigration.com,payload_delivery,Unknown Loader,"etherhiding,victim"
2026-09-24 07:38:15,1932154,youngpropertypartners.com,payload_delivery,Unknown Loader,"etherhiding,victim"
2026-09-24 07:38:15,1932156,zaminu.com,payload_delivery,Unknown Loader,"etherhiding,victim"
2026-09-24 07:38:14,1932140,windoweaze.com,payload_delivery,Unknown Loader,"etherhiding,victim"
2026-09-24 07:38:14,1932141,wkupaachen.de,payload_delivery,Unknown Loader,"etherhiding,victim"
2026-09-24 07:38:14,1932142,wolfserviceco.hu,payload_delivery,Unknown Loader,"etherhiding,victim"
2026-09-24 07:38:14,1932144,worldbookies.org,payload_delivery,Unknown Loader,"etherhiding,victim"
2026-09-24 07:38:14,1932146,www-reddybook.club,payload_delivery,Unknown Loader,"etherhiding,victim"
2026-09-24 07:38:14,1932147,x-airlsa.com,payload_delivery,Unknown Loader,"etherhiding,victim"
2026-09-24 07:38:14,1932149,xifinetworks.com,payload_delivery,Unknown Loader,"etherhiding,victim"
2026-09-24 07:38:14,1932150,xn----twfbm8fm7csmhb7drd2b9ctk4i0k.com,payload_delivery,Unknown Loader,"etherhiding,victim"
2026-09-24 07:38:14,1932151,xn--viasonrie-m6a.cl,payload_delivery,Unknown Loader,"etherhiding,victim"
2026-09-24 07:38:14,1932152,yas-news.net,payload_delivery,Unknown Loader,"etherhiding,victim"
2026-09-24 07:38:13,1932127,vzlastreaming.com,payload_delivery,Unknown Loader,"etherhiding,victim"
2026-09-24 07:38:13,1932128,wagyujc.com,payload_delivery,Unknown Loader,"etherhiding,victim"
2026-09-24 07:38:13,1932130,walldecorstore.in,payload_delivery,Unknown Loader,"etherhiding,victim"
2026-09-24 07:38:13,1932132,wbhenterprises.com,payload_delivery,Unknown Loader,"etherhiding,victim"
2026-09-24 07:38:13,1932133,webenglishcenter.com,payload_delivery,Unknown Loader,"etherhiding,victim"
2026-09-24 07:38:13,1932134,webrapi.com,payload_delivery,Unknown Loader,"etherhiding,victim"
2026-09-24 07:38:13,1932135,weeklycitizen.co.ke,payload_delivery,Unknown Loader,"etherhiding,victim"
2026-09-24 07:38:13,1932136,wefixhailforfree.com,payload_delivery,Unknown Loader,"etherhiding,victim"
2026-09-24 07:38:13,1932137,wellbeingforhealth.com,payload_delivery,Unknown Loader,"etherhiding,victim"
2026-09-24 07:38:13,1932138,weltladen-aurich.de,payload_delivery,Unknown Loader,"etherhiding,victim"
2026-09-24 07:38:13,1932139,westzoneapp.com,payload_delivery,Unknown Loader,"etherhiding,victim"
2026-09-24 07:38:12,1932113,variideas.com,payload_delivery,Unknown Loader,"etherhiding,victim"
2026-09-24 07:38:12,1932114,vasitservis.cz,payload_delivery,Unknown Loader,"etherhiding,victim"
2026-09-24 07:38:12,1932115,verbainternat.com.ua,payload_delivery,Unknown Loader,"etherhiding,victim"
2026-09-24 07:38:12,1932116,versemua.com,payload_delivery,Unknown Loader,"etherhiding,victim"
2026-09-24 07:38:12,1932119,vidafit.fit,payload_delivery,Unknown Loader,"etherhiding,victim"
2026-09-24 07:38:12,1932120,vidracariakingglass.com.br,payload_delivery,Unknown Loader,"etherhiding,victim"
2026-09-24 07:38:12,1932121,villalesoliviers.fr,payload_delivery,Unknown Loader,"etherhiding,victim"
2026-09-24 07:38:12,1932123,vivalaskinandlashes.com,payload_delivery,Unknown Loader,"etherhiding,victim"
2026-09-24 07:38:12,1932124,vlijmenseboys.nl,payload_delivery,Unknown Loader,"etherhiding,victim"
2026-09-24 07:38:12,1932125,vodanza.com,payload_delivery,Unknown Loader,"etherhiding,victim"
2026-09-24 07:38:11,1932100,trustagainps.org,payload_delivery,Unknown Loader,"etherhiding,victim"
2026-09-24 07:38:11,1932101,tudosobrepnl.com,payload_delivery,Unknown Loader,"etherhiding,victim"
2026-09-24 07:38:11,1932102,tureserva.com.mx,payload_delivery,Unknown Loader,"etherhiding,victim"
2026-09-24 07:38:11,1932103,tvsulcatarinense.com.br,payload_delivery,Unknown Loader,"etherhiding,victim"
2026-09-24 07:38:11,1932104,twizz-digital.com,payload_delivery,Unknown Loader,"etherhiding,victim"
2026-09-24 07:38:11,1932105,ufabet168.enterprises,payload_delivery,Unknown Loader,"etherhiding,victim"
2026-09-24 07:38:11,1932106,uniformes.agtex.com.br,payload_delivery,Unknown Loader,"etherhiding,victim"
2026-09-24 07:38:11,1932108,universaltornillos.com,payload_delivery,Unknown Loader,"etherhiding,victim"
2026-09-24 07:38:11,1932110,vakantiewoning-vresse-sur-semois.be,payload_delivery,Unknown Loader,"etherhiding,victim"
2026-09-24 07:38:11,1932111,valura.in,payload_delivery,Unknown Loader,"etherhiding,victim"
2026-09-24 07:38:11,1932112,vanessaveloni.com.br,payload_delivery,Unknown Loader,"etherhiding,victim"
2026-09-24 07:38:10,1932096,transportecatalina.com,payload_delivery,Unknown Loader,"etherhiding,victim"
2026-09-24 07:38:10,1932097,trestinarezidence.cz,payload_delivery,Unknown Loader,"etherhiding,victim"
2026-09-24 07:38:10,1932098,triplehelixconferencebrazil.com,payload_delivery,Unknown Loader,"etherhiding,victim"
2026-09-24 07:38:10,1932099,tritonetransport.com,payload_delivery,Unknown Loader,"etherhiding,victim"
2026-09-24 07:38:09,1932073,theamericancause.org,payload_delivery,Unknown Loader,"etherhiding,victim"
2026-09-24 07:38:09,1932081,therec.co.th,payload_delivery,Unknown Loader,"etherhiding,victim"
2026-09-24 07:38:08,1932059,tcsd.at,payload_delivery,Unknown Loader,"etherhiding,victim"
2026-09-24 07:38:08,1932060,teamprovements.co,payload_delivery,Unknown Loader,"etherhiding,victim"
2026-09-24 07:38:08,1932062,techcloudltd.com,payload_delivery,Unknown Loader,"etherhiding,victim"
2026-09-24 07:38:08,1932063,technofee.com,payload_delivery,Unknown Loader,"etherhiding,victim"
2026-09-24 07:38:08,1932064,technologymiles.com,payload_delivery,Unknown Loader,"etherhiding,victim"
2026-09-24 07:38:08,1932065,techscription.us,payload_delivery,Unknown Loader,"etherhiding,victim"
2026-09-24 07:38:07,1932045,szkolamuzyczna.bobowa.pl,payload_delivery,Unknown Loader,"etherhiding,victim"
2026-09-24 07:38:07,1932046,tagseguros.com.br,payload_delivery,Unknown Loader,"etherhiding,victim"
2026-09-24 07:38:07,1932047,tajmahalmartigues.com,payload_delivery,Unknown Loader,"etherhiding,victim"
2026-09-24 07:38:07,1932048,talenthubadvisory.com,payload_delivery,Unknown Loader,"etherhiding,victim"
2026-09-24 07:38:07,1932049,tankhwa.pk,payload_delivery,Unknown Loader,"etherhiding,victim"
2026-09-24 07:38:07,1932050,tapsncorks.us,payload_delivery,Unknown Loader,"etherhiding,victim"
2026-09-24 07:38:07,1932054,taxilinares20.com,payload_delivery,Unknown Loader,"etherhiding,victim"
2026-09-24 07:38:07,1932055,taximotopremium.fr,payload_delivery,Unknown Loader,"etherhiding,victim"
2026-09-24 07:38:07,1932056,taxwizsolutions.com,payload_delivery,Unknown Loader,"etherhiding,victim"
2026-09-24 07:38:07,1932057,tayseerulquran.net,payload_delivery,Unknown Loader,"etherhiding,victim"
2026-09-24 07:38:07,1932058,tckscholarship.org,payload_delivery,Unknown Loader,"etherhiding,victim"
2026-09-24 07:38:06,1932031,strobelguimaraes.com,payload_delivery,Unknown Loader,"etherhiding,victim"
2026-09-24 07:38:06,1932033,stuckateur-reinhard.de,payload_delivery,Unknown Loader,"etherhiding,victim"
2026-09-24 07:38:06,1932037,sudattiepereira.com.br,payload_delivery,Unknown Loader,"etherhiding,victim"
2026-09-24 07:38:06,1932038,suma.com,payload_delivery,Unknown Loader,"etherhiding,victim"
2026-09-24 07:38:06,1932039,sunsetridgechalet.com,payload_delivery,Unknown Loader,"etherhiding,victim"
2026-09-24 07:38:06,1932041,svl.in,payload_delivery,Unknown Loader,"etherhiding,victim"
2026-09-24 07:38:06,1932042,swisscuttools.com,payload_delivery,Unknown Loader,"etherhiding,victim"
2026-09-24 07:38:06,1932043,swkengenharia.com.br,payload_delivery,Unknown Loader,"etherhiding,victim"
2026-09-24 07:38:06,1932044,sydneyaustraliatours.com.au,payload_delivery,Unknown Loader,"etherhiding,victim"
2026-09-24 07:38:05,1932018,stadplusevents.com,payload_delivery,Unknown Loader,"etherhiding,victim"
2026-09-24 07:38:05,1932019,stamppot-festival.nl,payload_delivery,Unknown Loader,"etherhiding,victim"
2026-09-24 07:38:05,1932020,starbrightinformationtechnology.com,payload_delivery,Unknown Loader,"etherhiding,victim"
2026-09-24 07:38:05,1932021,starsav.org,payload_delivery,Unknown Loader,"etherhiding,victim"
2026-09-24 07:38:05,1932022,stephaniestevensshow.com,payload_delivery,Unknown Loader,"etherhiding,victim"
2026-09-24 07:38:05,1932025,stilospeluqueriayestetica.es,payload_delivery,Unknown Loader,"etherhiding,victim"
2026-09-24 07:38:05,1932029,strawmansion.co.nz,payload_delivery,Unknown Loader,"etherhiding,victim"
2026-09-24 07:38:04,1932005,sommelierdeideias.com.br,payload_delivery,Unknown Loader,"etherhiding,victim"
2026-09-24 07:38:04,1932006,soon-sy.com,payload_delivery,Unknown Loader,"etherhiding,victim"
2026-09-24 07:38:04,1932007,southernoregonmovers.com,payload_delivery,Unknown Loader,"etherhiding,victim"
2026-09-24 07:38:04,1932008,souzacortes.com,payload_delivery,Unknown Loader,"etherhiding,victim"
2026-09-24 07:38:04,1932009,spestismen.com,payload_delivery,Unknown Loader,"etherhiding,victim"
2026-09-24 07:38:04,1932012,sports-revive.com,payload_delivery,Unknown Loader,"etherhiding,victim"
2026-09-24 07:38:04,1932014,sriveereswarasaisadan.com,payload_delivery,Unknown Loader,"etherhiding,victim"
2026-09-24 07:38:04,1932015,ssssecurity.co.uk,payload_delivery,Unknown Loader,"etherhiding,victim"
2026-09-24 07:38:04,1932016,stabilityisland.net,payload_delivery,Unknown Loader,"etherhiding,victim"
2026-09-24 07:38:04,1932017,staccatomoveis.com.br,payload_delivery,Unknown Loader,"etherhiding,victim"
2026-09-24 07:38:03,1932003,soleresult.com,payload_delivery,Unknown Loader,"etherhiding,victim"
2026-09-24 07:37:21,1931981,sfbayxlencylimo.com,payload_delivery,Unknown Loader,"etherhiding,victim"
2026-09-24 07:37:20,1931958,ru.berrylact.com,payload_delivery,Unknown Loader,"etherhiding,victim"
2026-09-24 07:37:20,1931959,ru.cvetox.com,payload_delivery,Unknown Loader,"etherhiding,victim"
2026-09-24 07:37:19,1931943,rivendell.nz,payload_delivery,Unknown Loader,"etherhiding,victim"
2026-09-24 07:37:19,1931944,riversuntravel.com,payload_delivery,Unknown Loader,"etherhiding,victim"
2026-09-24 07:37:19,1931946,robertsautopartswarehouse.com,payload_delivery,Unknown Loader,"etherhiding,victim"
2026-09-24 07:37:19,1931948,rodimet.net,payload_delivery,Unknown Loader,"etherhiding,victim"
2026-09-24 07:37:19,1931949,ronburman.com,payload_delivery,Unknown Loader,"etherhiding,victim"
2026-09-24 07:37:19,1931950,ronil.com.br,payload_delivery,Unknown Loader,"etherhiding,victim"
2026-09-24 07:37:19,1931951,roobooks.com,payload_delivery,Unknown Loader,"etherhiding,victim"
2026-09-24 07:37:18,1931929,relais.me,payload_delivery,Unknown Loader,"etherhiding,victim"
2026-09-24 07:37:18,1931931,renolpolychem.com,payload_delivery,Unknown Loader,"etherhiding,victim"
2026-09-24 07:37:18,1931932,rentadetorresdeiluminacion.com,payload_delivery,Unknown Loader,"etherhiding,victim"
2026-09-24 07:37:18,1931934,replacementwindowsmesa.net,payload_delivery,Unknown Loader,"etherhiding,victim"
2026-09-24 07:37:18,1931935,resolutewebdesign.com,payload_delivery,Unknown Loader,"etherhiding,victim"
2026-09-24 07:37:18,1931936,retrowood.nz,payload_delivery,Unknown Loader,"etherhiding,victim"
2026-09-24 07:37:18,1931937,revivart.fr,payload_delivery,Unknown Loader,"etherhiding,victim"
2026-09-24 07:37:18,1931938,rhconseil-travaux.com,payload_delivery,Unknown Loader,"etherhiding,victim"
2026-09-24 07:37:18,1931939,ricie.org,payload_delivery,Unknown Loader,"etherhiding,victim"
2026-09-24 07:37:18,1931940,rijndersskincare.nl,payload_delivery,Unknown Loader,"etherhiding,victim"
2026-09-24 07:37:17,1931915,radio-mix.fr,payload_delivery,Unknown Loader,"etherhiding,victim"
2026-09-24 07:37:17,1931916,rafaelalcala.com,payload_delivery,Unknown Loader,"etherhiding,victim"
2026-09-24 07:37:17,1931917,rafamecanicamultimarcas.com.br,payload_delivery,Unknown Loader,"etherhiding,victim"
2026-09-24 07:37:17,1931918,ramstudiollc.cloud,payload_delivery,Unknown Loader,"etherhiding,victim"
2026-09-24 07:37:17,1931919,rangerbuildings.com,payload_delivery,Unknown Loader,"etherhiding,victim"
2026-09-24 07:37:17,1931920,ratchets.co.nz,payload_delivery,Unknown Loader,"etherhiding,victim"
2026-09-24 07:37:17,1931921,ravikakkepadavucharitytrust.org,payload_delivery,Unknown Loader,"etherhiding,victim"
2026-09-24 07:37:17,1931922,rckirinyaga.org,payload_delivery,Unknown Loader,"etherhiding,victim"
2026-09-24 07:37:17,1931923,receitasbolonopote.com,payload_delivery,Unknown Loader,"etherhiding,victim"
2026-09-24 07:37:17,1931924,redesnac.org,payload_delivery,Unknown Loader,"etherhiding,victim"
2026-09-24 07:37:17,1931925,redoninfrapower.com,payload_delivery,Unknown Loader,"etherhiding,victim"
2026-09-24 07:37:17,1931926,reformaute.usach.cl,payload_delivery,Unknown Loader,"etherhiding,victim"
2026-09-24 07:37:17,1931927,regularizabr.com.br,payload_delivery,Unknown Loader,"etherhiding,victim"
2026-09-24 07:37:16,1931901,proostbeer.com,payload_delivery,Unknown Loader,"etherhiding,victim"
2026-09-24 07:37:16,1931902,propsim.co.za,payload_delivery,Unknown Loader,"etherhiding,victim"
2026-09-24 07:37:16,1931903,protectaboriginalheritagewa.org.au,payload_delivery,Unknown Loader,"etherhiding,victim"
2026-09-24 07:37:16,1931904,protemaxepi.com.br,payload_delivery,Unknown Loader,"etherhiding,victim"
2026-09-24 07:37:16,1931905,przychodniawkole.pl,payload_delivery,Unknown Loader,"etherhiding,victim"
2026-09-24 07:37:16,1931907,ptdistrima.co.id,payload_delivery,Unknown Loader,"etherhiding,victim"
2026-09-24 07:37:16,1931908,publident.cl,payload_delivery,Unknown Loader,"etherhiding,victim"
2026-09-24 07:37:16,1931909,purejuice.tn,payload_delivery,Unknown Loader,"etherhiding,victim"
2026-09-24 07:37:16,1931910,q1plumbing.com,payload_delivery,Unknown Loader,"etherhiding,victim"
2026-09-24 07:37:16,1931911,qacconformity.com,payload_delivery,Unknown Loader,"etherhiding,victim"
2026-09-24 07:37:16,1931912,qsi.eng.br,payload_delivery,Unknown Loader,"etherhiding,victim"
2026-09-24 07:37:16,1931913,qualityoilgroup.com,payload_delivery,Unknown Loader,"etherhiding,victim"
2026-09-24 07:37:16,1931914,racuncharlot.com,payload_delivery,Unknown Loader,"etherhiding,victim"
2026-09-24 07:37:15,1931887,poolservice.re,payload_delivery,Unknown Loader,"etherhiding,victim"
2026-09-24 07:37:15,1931888,portcomp.hu,payload_delivery,Unknown Loader,"etherhiding,victim"
2026-09-24 07:37:15,1931889,pousadaroyal.com.br,payload_delivery,Unknown Loader,"etherhiding,victim"
2026-09-24 07:37:15,1931890,powerlive.com.mx,payload_delivery,Unknown Loader,"etherhiding,victim"
2026-09-24 07:37:15,1931891,pratheksha.com,payload_delivery,Unknown Loader,"etherhiding,victim"
2026-09-24 07:37:15,1931892,praxit.am,payload_delivery,Unknown Loader,"etherhiding,victim"
2026-09-24 07:37:15,1931893,precisionicare.com.au,payload_delivery,Unknown Loader,"etherhiding,victim"
2026-09-24 07:37:15,1931894,premierprintpack.in,payload_delivery,Unknown Loader,"etherhiding,victim"
2026-09-24 07:37:15,1931896,prepbuddies.com,payload_delivery,Unknown Loader,"etherhiding,victim"
2026-09-24 07:37:15,1931897,primedinsurance.com,payload_delivery,Unknown Loader,"etherhiding,victim"
2026-09-24 07:37:15,1931898,printetiq.com,payload_delivery,Unknown Loader,"etherhiding,victim"
2026-09-24 07:37:15,1931899,procogni.com.br,payload_delivery,Unknown Loader,"etherhiding,victim"
2026-09-24 07:37:12,1931846,omgarden-shop.com,payload_delivery,Unknown Loader,"etherhiding,victim"
2026-09-24 07:37:12,1931847,opticaantofagasta.cl,payload_delivery,Unknown Loader,"etherhiding,victim"
2026-09-24 07:37:12,1931848,optimal.com.ng,payload_delivery,Unknown Loader,"etherhiding,victim"
2026-09-24 07:37:12,1931849,optinet-dresden.de,payload_delivery,Unknown Loader,"etherhiding,victim"
2026-09-24 07:37:11,1931832,newspanther.co.za,payload_delivery,Unknown Loader,"etherhiding,victim"
2026-09-24 07:37:11,1931833,nfty.pro,payload_delivery,Unknown Loader,"etherhiding,victim"
2026-09-24 07:37:11,1931835,nickermannstailor.com,payload_delivery,Unknown Loader,"etherhiding,victim"
2026-09-24 07:37:11,1931836,nicolewegg.com,payload_delivery,Unknown Loader,"etherhiding,victim"
2026-09-24 07:37:11,1931837,nightlighttutor.com,payload_delivery,Unknown Loader,"etherhiding,victim"
2026-09-24 07:37:11,1931838,northernnavetta.com,payload_delivery,Unknown Loader,"etherhiding,victim"
2026-09-24 07:37:11,1931839,novelproperties.co.uk,payload_delivery,Unknown Loader,"etherhiding,victim"
2026-09-24 07:37:11,1931840,nuventic.com,payload_delivery,Unknown Loader,"etherhiding,victim"
2026-09-24 07:37:11,1931841,nytenymalagasy.com,payload_delivery,Unknown Loader,"etherhiding,victim"
2026-09-24 07:37:11,1931843,oftenmagazine.com,payload_delivery,Unknown Loader,"etherhiding,victim"
2026-09-24 07:37:11,1931844,olimaxpecas.com,payload_delivery,Unknown Loader,"etherhiding,victim"
2026-09-24 07:37:11,1931845,olivaferreira.eng.br,payload_delivery,Unknown Loader,"etherhiding,victim"
2026-09-24 07:37:10,1931820,mybgate.com,payload_delivery,Unknown Loader,"etherhiding,victim"
2026-09-24 07:37:10,1931822,naingdev.com,payload_delivery,Unknown Loader,"etherhiding,victim"
2026-09-24 07:37:10,1931823,nawzadigroup.com,payload_delivery,Unknown Loader,"etherhiding,victim"
2026-09-24 07:37:10,1931824,needindia.org,payload_delivery,Unknown Loader,"etherhiding,victim"
2026-09-24 07:37:10,1931825,nesta-tech.com,payload_delivery,Unknown Loader,"etherhiding,victim"
2026-09-24 07:37:10,1931826,netrice.cn,payload_delivery,Unknown Loader,"etherhiding,victim"
2026-09-24 07:37:10,1931827,neumaticossevilla.com,payload_delivery,Unknown Loader,"etherhiding,victim"
2026-09-24 07:37:10,1931828,newballgrouptraining.com,payload_delivery,Unknown Loader,"etherhiding,victim"
2026-09-24 07:37:10,1931829,newevolutionproperties.ae,payload_delivery,Unknown Loader,"etherhiding,victim"
2026-09-24 07:37:10,1931830,newglobalgrocery.com,payload_delivery,Unknown Loader,"etherhiding,victim"
2026-09-24 07:37:09,1931814,mtsnparepare.my.id,payload_delivery,Unknown Loader,"etherhiding,victim"
2026-09-24 07:37:09,1931815,mushaf-zad.com,payload_delivery,Unknown Loader,"etherhiding,victim"
2026-09-24 07:37:09,1931817,mutiarakonstruksiglobal.web.id,payload_delivery,Unknown Loader,"etherhiding,victim"
2026-09-24 07:37:09,1931818,mutif.co.id,payload_delivery,Unknown Loader,"etherhiding,victim"
2026-09-24 07:36:30,1931812,mshot.sg,payload_delivery,Unknown Loader,"etherhiding,victim"
2026-09-24 07:36:29,1931798,mocattasilver.com,payload_delivery,Unknown Loader,"etherhiding,victim"
2026-09-24 07:36:29,1931799,modeldent.it,payload_delivery,Unknown Loader,"etherhiding,victim"
2026-09-24 07:36:29,1931801,modestomari.es,payload_delivery,Unknown Loader,"etherhiding,victim"
2026-09-24 07:36:29,1931802,modum.telcomitalia.eu,payload_delivery,Unknown Loader,"etherhiding,victim"
2026-09-24 07:36:29,1931805,monicamarinhopsi.com.br,payload_delivery,Unknown Loader,"etherhiding,victim"
2026-09-24 07:36:29,1931808,mosmed.su,payload_delivery,Unknown Loader,"etherhiding,victim"
2026-09-24 07:36:29,1931809,motorcyclesandtrikes.com,payload_delivery,Unknown Loader,"etherhiding,victim"
2026-09-24 07:36:29,1931810,mrharrisplumbingandhandyman.com,payload_delivery,Unknown Loader,"etherhiding,victim"
2026-09-24 07:36:29,1931811,ms68.com.mx,payload_delivery,Unknown Loader,"etherhiding,victim"
2026-09-24 07:36:28,1931787,metalcivil.com.br,payload_delivery,Unknown Loader,"etherhiding,victim"
2026-09-24 07:36:28,1931788,metessi.it,payload_delivery,Unknown Loader,"etherhiding,victim"
2026-09-24 07:36:28,1931789,miastech.com,payload_delivery,Unknown Loader,"etherhiding,victim"
2026-09-24 07:36:28,1931792,mikinkaesamulis.com,payload_delivery,Unknown Loader,"etherhiding,victim"
2026-09-24 07:36:28,1931793,miniduy.au,payload_delivery,Unknown Loader,"etherhiding,victim"
2026-09-24 07:36:28,1931794,mixsolucao.com.br,payload_delivery,Unknown Loader,"etherhiding,victim"
2026-09-24 07:36:28,1931795,mjvendingservices.com,payload_delivery,Unknown Loader,"etherhiding,victim"
2026-09-24 07:36:28,1931796,mkt4.com.br,payload_delivery,Unknown Loader,"etherhiding,victim"
2026-09-24 07:36:28,1931797,mmad.org.uk,payload_delivery,Unknown Loader,"etherhiding,victim"
2026-09-24 07:36:26,1931756,maghreb887.com,payload_delivery,Unknown Loader,"etherhiding,victim"
2026-09-24 07:36:25,1931741,lisboaforyou.com,payload_delivery,Unknown Loader,"etherhiding,victim"
2026-09-24 07:36:25,1931742,lnx.trekkingletterario.it,payload_delivery,Unknown Loader,"etherhiding,victim"
2026-09-24 07:36:25,1931743,logicbaseinteractive.com,payload_delivery,Unknown Loader,"etherhiding,victim"
2026-09-24 07:36:25,1931744,logshipping.net,payload_delivery,Unknown Loader,"etherhiding,victim"
2026-09-24 07:36:25,1931746,lordsexchange.live,payload_delivery,Unknown Loader,"etherhiding,victim"
2026-09-24 07:36:25,1931747,loudfaithlife.com,payload_delivery,Unknown Loader,"etherhiding,victim"
2026-09-24 07:36:25,1931748,love-lab.it,payload_delivery,Unknown Loader,"etherhiding,victim"
2026-09-24 07:36:25,1931749,lovetextmessages.com.ng,payload_delivery,Unknown Loader,"etherhiding,victim"
2026-09-24 07:36:25,1931750,luigimessina.com,payload_delivery,Unknown Loader,"etherhiding,victim"
2026-09-24 07:36:25,1931751,luxia.club,payload_delivery,Unknown Loader,"etherhiding,victim"
2026-09-24 07:36:25,1931752,lvt-immo.de,payload_delivery,Unknown Loader,"etherhiding,victim"
2026-09-24 07:36:25,1931753,lyonmead.ie,payload_delivery,Unknown Loader,"etherhiding,victim"
2026-09-24 07:36:25,1931754,maccheroniristoranti.it,payload_delivery,Unknown Loader,"etherhiding,victim"
2026-09-24 07:36:24,1931728,lavozdelasplataformas.eu,payload_delivery,Unknown Loader,"etherhiding,victim"
2026-09-24 07:36:24,1931729,ledjoka.fr,payload_delivery,Unknown Loader,"etherhiding,victim"
2026-09-24 07:36:24,1931730,ledotconsulting.com,payload_delivery,Unknown Loader,"etherhiding,victim"
2026-09-24 07:36:24,1931731,lefrigographique.com,payload_delivery,Unknown Loader,"etherhiding,victim"
2026-09-24 07:36:24,1931733,legacyncc.com,payload_delivery,Unknown Loader,"etherhiding,victim"
2026-09-24 07:36:24,1931734,lescuisinesafricaines.com,payload_delivery,Unknown Loader,"etherhiding,victim"
2026-09-24 07:36:24,1931735,lesgrandestables.com,payload_delivery,Unknown Loader,"etherhiding,victim"
2026-09-24 07:36:24,1931737,lhroofingbuilding.co.uk,payload_delivery,Unknown Loader,"etherhiding,victim"
2026-09-24 07:36:24,1931738,lifetimelegal.biz,payload_delivery,Unknown Loader,"etherhiding,victim"
2026-09-24 07:36:24,1931739,lightingdesignersllc.com,payload_delivery,Unknown Loader,"etherhiding,victim"
2026-09-24 07:36:23,1931719,kultojewels.com,payload_delivery,Unknown Loader,"etherhiding,victim"
2026-09-24 07:36:23,1931720,kuwaitiinvestment.com,payload_delivery,Unknown Loader,"etherhiding,victim"
2026-09-24 07:36:23,1931721,kvetyodkvety.cz,payload_delivery,Unknown Loader,"etherhiding,victim"
2026-09-24 07:36:23,1931722,la-programmation.surleweb-france.fr,payload_delivery,Unknown Loader,"etherhiding,victim"
2026-09-24 07:36:23,1931723,lafriqueenbeaute.com,payload_delivery,Unknown Loader,"etherhiding,victim"
2026-09-24 07:36:23,1931724,lagashtrading.com,payload_delivery,Unknown Loader,"etherhiding,victim"
2026-09-24 07:36:23,1931725,lampeco.co.za,payload_delivery,Unknown Loader,"etherhiding,victim"
2026-09-24 07:36:23,1931727,landingham.ir,payload_delivery,Unknown Loader,"etherhiding,victim"
2026-09-24 07:36:19,1931658,homecheapstudio.biz.id,payload_delivery,Unknown Loader,"etherhiding,victim"
2026-09-24 07:36:19,1931659,hoovensewingcenter.com,payload_delivery,Unknown Loader,"etherhiding,victim"
2026-09-24 07:36:19,1931660,hotelnippon.lk,payload_delivery,Unknown Loader,"etherhiding,victim"
2026-09-24 07:36:19,1931661,houston-hardmoney.com,payload_delivery,Unknown Loader,"etherhiding,victim"
2026-09-24 07:36:19,1931665,ihgka.com,payload_delivery,Unknown Loader,"etherhiding,victim"
2026-09-24 07:36:19,1931667,ilrehabcenter.com,payload_delivery,Unknown Loader,"etherhiding,victim"
2026-09-24 07:36:19,1931668,ilseschoeman.com,payload_delivery,Unknown Loader,"etherhiding,victim"
2026-09-24 07:36:18,1931645,habitatrenove.com,payload_delivery,Unknown Loader,"etherhiding,victim"
2026-09-24 07:36:18,1931646,haithabu-vinyl.de,payload_delivery,Unknown Loader,"etherhiding,victim"
2026-09-24 07:36:18,1931647,handgstructures.com,payload_delivery,Unknown Loader,"etherhiding,victim"
2026-09-24 07:36:18,1931648,harbourpress.com,payload_delivery,Unknown Loader,"etherhiding,victim"
2026-09-24 07:36:18,1931649,harmonyvidaesaude.com.br,payload_delivery,Unknown Loader,"etherhiding,victim"
2026-09-24 07:36:18,1931650,headge.de,payload_delivery,Unknown Loader,"etherhiding,victim"
2026-09-24 07:36:18,1931651,hearsayclinic.com,payload_delivery,Unknown Loader,"etherhiding,victim"
2026-09-24 07:36:18,1931652,helotesdentists.com,payload_delivery,Unknown Loader,"etherhiding,victim"
2026-09-24 07:36:18,1931653,heradistribution.com,payload_delivery,Unknown Loader,"etherhiding,victim"
2026-09-24 07:36:18,1931654,herbalhillswellness.com,payload_delivery,Unknown Loader,"etherhiding,victim"
2026-09-24 07:36:18,1931655,hexagonfilmfestival.com,payload_delivery,Unknown Loader,"etherhiding,victim"
2026-09-24 07:36:18,1931656,holidaylocationguide.com,payload_delivery,Unknown Loader,"etherhiding,victim"
2026-09-24 07:36:18,1931657,homeboysfoundation.com,payload_delivery,Unknown Loader,"etherhiding,victim"
2026-09-24 07:36:17,1931635,grillhousenj.com,payload_delivery,Unknown Loader,"etherhiding,victim"
2026-09-24 07:36:17,1931636,growingaware.com.au,payload_delivery,Unknown Loader,"etherhiding,victim"
2026-09-24 07:36:17,1931637,grupogamas.com.mx,payload_delivery,Unknown Loader,"etherhiding,victim"
2026-09-24 07:36:17,1931638,grupointag.com,payload_delivery,Unknown Loader,"etherhiding,victim"
2026-09-24 07:36:17,1931639,grupovladiagoncalves.com.br,payload_delivery,Unknown Loader,"etherhiding,victim"
2026-09-24 07:36:17,1931641,guido-rosch.de,payload_delivery,Unknown Loader,"etherhiding,victim"
2026-09-24 07:36:17,1931642,gunturwebdesigning.com,payload_delivery,Unknown Loader,"etherhiding,victim"
2026-09-24 07:35:34,1931629,goatfishagency.com,payload_delivery,Unknown Loader,"etherhiding,victim"
2026-09-24 07:35:34,1931630,golfmagazinet.se,payload_delivery,Unknown Loader,"etherhiding,victim"
2026-09-24 07:35:34,1931631,goughcontracting.com,payload_delivery,Unknown Loader,"etherhiding,victim"
2026-09-24 07:35:34,1931632,gporg.org,payload_delivery,Unknown Loader,"etherhiding,victim"
2026-09-24 07:35:34,1931633,graciousgetawaytravels.com,payload_delivery,Unknown Loader,"etherhiding,victim"
2026-09-24 07:35:34,1931634,graines-de-co-naissances.com,payload_delivery,Unknown Loader,"etherhiding,victim"
2026-09-24 07:35:33,1931619,georgeweissmd.com,payload_delivery,Unknown Loader,"etherhiding,victim"
2026-09-24 07:35:33,1931620,geotec262.com,payload_delivery,Unknown Loader,"etherhiding,victim"
2026-09-24 07:35:33,1931621,geriatraroma.it,payload_delivery,Unknown Loader,"etherhiding,victim"
2026-09-24 07:35:33,1931623,gilanllc.com,payload_delivery,Unknown Loader,"etherhiding,victim"
2026-09-24 07:35:33,1931624,giubileoeducazione.org,payload_delivery,Unknown Loader,"etherhiding,victim"
2026-09-24 07:35:33,1931625,giuseppealbano.com,payload_delivery,Unknown Loader,"etherhiding,victim"
2026-09-24 07:35:33,1931627,globenial.com,payload_delivery,Unknown Loader,"etherhiding,victim"
2026-09-24 07:35:33,1931628,gnocco.cz,payload_delivery,Unknown Loader,"etherhiding,victim"
2026-09-24 07:35:32,1931609,frenet.org,payload_delivery,Unknown Loader,"etherhiding,victim"
2026-09-24 07:35:32,1931610,frengenhariacivil.com.br,payload_delivery,Unknown Loader,"etherhiding,victim"
2026-09-24 07:35:32,1931612,funfairwaterpark.com,payload_delivery,Unknown Loader,"etherhiding,victim"
2026-09-24 07:35:32,1931614,gegintl.com,payload_delivery,Unknown Loader,"etherhiding,victim"
2026-09-24 07:35:32,1931616,genesio.de,payload_delivery,Unknown Loader,"etherhiding,victim"
2026-09-24 07:35:32,1931617,geniusgifted.com,payload_delivery,Unknown Loader,"etherhiding,victim"
2026-09-24 07:35:32,1931618,geohungary.com,payload_delivery,Unknown Loader,"etherhiding,victim"
2026-09-24 07:35:31,1931598,ferpina.com,payload_delivery,Unknown Loader,"etherhiding,victim"
2026-09-24 07:35:31,1931599,figo2015.org,payload_delivery,Unknown Loader,"etherhiding,victim"
2026-09-24 07:35:31,1931600,fitonyou.coach,payload_delivery,Unknown Loader,"etherhiding,victim"
2026-09-24 07:35:31,1931601,floripaprimetravel.com,payload_delivery,Unknown Loader,"etherhiding,victim"
2026-09-24 07:35:31,1931602,flow-moto.com,payload_delivery,Unknown Loader,"etherhiding,victim"
2026-09-24 07:35:31,1931603,fluxtude.com,payload_delivery,Unknown Loader,"etherhiding,victim"
2026-09-24 07:35:31,1931604,foltambiental.eco.br,payload_delivery,Unknown Loader,"etherhiding,victim"
2026-09-24 07:35:31,1931605,fontanaeventos.com.br,payload_delivery,Unknown Loader,"etherhiding,victim"
2026-09-24 07:35:31,1931606,forloveoftheamericandream.com,payload_delivery,Unknown Loader,"etherhiding,victim"
2026-09-24 07:35:31,1931607,formacan.pt,payload_delivery,Unknown Loader,"etherhiding,victim"
2026-09-24 07:35:31,1931608,fremissant.com.br,payload_delivery,Unknown Loader,"etherhiding,victim"
2026-09-24 07:35:30,1931584,ews-kanzlei.de,payload_delivery,Unknown Loader,"etherhiding,victim"
2026-09-24 07:35:30,1931585,exceptionalresources.com,payload_delivery,Unknown Loader,"etherhiding,victim"
2026-09-24 07:35:30,1931586,expressoti.com.br,payload_delivery,Unknown Loader,"etherhiding,victim"
2026-09-24 07:35:30,1931587,exquicitrus.com.ar,payload_delivery,Unknown Loader,"etherhiding,victim"
2026-09-24 07:35:30,1931588,eyccs.com,payload_delivery,Unknown Loader,"etherhiding,victim"
2026-09-24 07:35:30,1931590,fabriziobiagioli.it,payload_delivery,Unknown Loader,"etherhiding,victim"
2026-09-24 07:35:30,1931591,facilinveste.com,payload_delivery,Unknown Loader,"etherhiding,victim"
2026-09-24 07:35:30,1931592,faitconstruction.com,payload_delivery,Unknown Loader,"etherhiding,victim"
2026-09-24 07:35:30,1931593,falx4ss.com,payload_delivery,Unknown Loader,"etherhiding,victim"
2026-09-24 07:35:30,1931594,fdv-optique.fr,payload_delivery,Unknown Loader,"etherhiding,victim"
2026-09-24 07:35:30,1931595,feedho.com,payload_delivery,Unknown Loader,"etherhiding,victim"
2026-09-24 07:35:30,1931596,feelinspiredblog.com,payload_delivery,Unknown Loader,"etherhiding,victim"
2026-09-24 07:35:29,1931570,eseyewear.org,payload_delivery,Unknown Loader,"etherhiding,victim"
2026-09-24 07:35:29,1931571,eshopey.com,payload_delivery,Unknown Loader,"etherhiding,victim"
2026-09-24 07:35:29,1931572,esl-ghana.com,payload_delivery,Unknown Loader,"etherhiding,victim"
2026-09-24 07:35:29,1931573,espiaus.com,payload_delivery,Unknown Loader,"etherhiding,victim"
2026-09-24 07:35:29,1931574,esteeauto.com,payload_delivery,Unknown Loader,"etherhiding,victim"
2026-09-24 07:35:29,1931575,esvenca.com.ve,payload_delivery,Unknown Loader,"etherhiding,victim"
2026-09-24 07:35:29,1931576,eternalgraceministry.com,payload_delivery,Unknown Loader,"etherhiding,victim"
2026-09-24 07:35:29,1931577,etiquetteimageint.com,payload_delivery,Unknown Loader,"etherhiding,victim"
2026-09-24 07:35:29,1931578,etreetlireeditions.com,payload_delivery,Unknown Loader,"etherhiding,victim"
2026-09-24 07:35:29,1931579,eucaeucalipto.com,payload_delivery,Unknown Loader,"etherhiding,victim"
2026-09-24 07:35:29,1931580,everydaycupofenglish.com,payload_delivery,Unknown Loader,"etherhiding,victim"
2026-09-24 07:35:29,1931581,evsapp.nz,payload_delivery,Unknown Loader,"etherhiding,victim"
2026-09-24 07:35:29,1931582,evsglazing.com,payload_delivery,Unknown Loader,"etherhiding,victim"
2026-09-24 07:35:28,1931557,elytepropertyrenovations.co.uk,payload_delivery,Unknown Loader,"etherhiding,victim"
2026-09-24 07:35:28,1931558,emmconsult.com,payload_delivery,Unknown Loader,"etherhiding,victim"
2026-09-24 07:35:28,1931559,emotixel.com,payload_delivery,Unknown Loader,"etherhiding,victim"
2026-09-24 07:35:28,1931560,en.recomponentes.es,payload_delivery,Unknown Loader,"etherhiding,victim"
2026-09-24 07:35:28,1931561,encantamentofilmes.com.br,payload_delivery,Unknown Loader,"etherhiding,victim"
2026-09-24 07:35:28,1931562,encarnysolis.elbastion.es,payload_delivery,Unknown Loader,"etherhiding,victim"
2026-09-24 07:35:28,1931563,energianatural.srv.br,payload_delivery,Unknown Loader,"etherhiding,victim"
2026-09-24 07:35:28,1931564,energyunplugged.co.za,payload_delivery,Unknown Loader,"etherhiding,victim"
2026-09-24 07:35:28,1931565,engliture.com,payload_delivery,Unknown Loader,"etherhiding,victim"
2026-09-24 07:35:28,1931566,equalaccess.solutions,payload_delivery,Unknown Loader,"etherhiding,victim"
2026-09-24 07:35:28,1931567,erfpe.com,payload_delivery,Unknown Loader,"etherhiding,victim"
2026-09-24 07:35:28,1931568,erudite.co.ke,payload_delivery,Unknown Loader,"etherhiding,victim"
2026-09-24 07:35:28,1931569,escortsindelhie.in,payload_delivery,Unknown Loader,"etherhiding,victim"
2026-09-24 07:35:27,1931543,duhocvictoria.edu.vn,payload_delivery,Unknown Loader,"etherhiding,victim"
2026-09-24 07:35:27,1931544,duleekafc.ie,payload_delivery,Unknown Loader,"etherhiding,victim"
2026-09-24 07:35:27,1931545,dvinenaileastlake.com,payload_delivery,Unknown Loader,"etherhiding,victim"
2026-09-24 07:35:27,1931546,dwytax.com,payload_delivery,Unknown Loader,"etherhiding,victim"
2026-09-24 07:35:27,1931547,eastwisconsinshotgunsports.org,payload_delivery,Unknown Loader,"etherhiding,victim"
2026-09-24 07:35:27,1931549,ecodesignagency.com,payload_delivery,Unknown Loader,"etherhiding,victim"
2026-09-24 07:35:27,1931550,educatifheritage.com,payload_delivery,Unknown Loader,"etherhiding,victim"
2026-09-24 07:35:27,1931551,educationtrove.com,payload_delivery,Unknown Loader,"etherhiding,victim"
2026-09-24 07:35:27,1931552,egconstruction.co.zw,payload_delivery,Unknown Loader,"etherhiding,victim"
2026-09-24 07:35:27,1931553,eliananailsstudio.com,payload_delivery,Unknown Loader,"etherhiding,victim"
2026-09-24 07:35:27,1931554,elisirdelbenessere.it,payload_delivery,Unknown Loader,"etherhiding,victim"
2026-09-24 07:35:27,1931555,elmecitalia.com,payload_delivery,Unknown Loader,"etherhiding,victim"
2026-09-24 07:35:27,1931556,elnes-taxi.fr,payload_delivery,Unknown Loader,"etherhiding,victim"
2026-09-24 07:35:26,1931530,dk-av.com,payload_delivery,Unknown Loader,"etherhiding,victim"
2026-09-24 07:35:26,1931531,docareca.it,payload_delivery,Unknown Loader,"etherhiding,victim"
2026-09-24 07:35:26,1931532,dommo.lv,payload_delivery,Unknown Loader,"etherhiding,victim"
2026-09-24 07:35:26,1931533,doughriders.com,payload_delivery,Unknown Loader,"etherhiding,victim"
2026-09-24 07:35:26,1931534,draariadna.com,payload_delivery,Unknown Loader,"etherhiding,victim"
2026-09-24 07:35:26,1931535,dranadiafonseca.com,payload_delivery,Unknown Loader,"etherhiding,victim"
2026-09-24 07:35:26,1931536,drmazumdar.com,payload_delivery,Unknown Loader,"etherhiding,victim"
2026-09-24 07:35:26,1931537,droid-digital.com,payload_delivery,Unknown Loader,"etherhiding,victim"
2026-09-24 07:35:26,1931538,drpedrohenriquelino.com,payload_delivery,Unknown Loader,"etherhiding,victim"
2026-09-24 07:35:26,1931539,drpradip.com,payload_delivery,Unknown Loader,"etherhiding,victim"
2026-09-24 07:35:26,1931540,drsuryanarayanandental.com,payload_delivery,Unknown Loader,"etherhiding,victim"
2026-09-24 07:35:26,1931541,dryoutrestorations.com,payload_delivery,Unknown Loader,"etherhiding,victim"
2026-09-24 07:35:26,1931542,dugndug.com,payload_delivery,Unknown Loader,"etherhiding,victim"
2026-09-24 07:35:25,1931517,diamondrps.com,payload_delivery,Unknown Loader,"etherhiding,victim"
2026-09-24 07:35:25,1931518,diasa.com.ve,payload_delivery,Unknown Loader,"etherhiding,victim"
2026-09-24 07:35:25,1931519,diehardstudios.com,payload_delivery,Unknown Loader,"etherhiding,victim"
2026-09-24 07:35:25,1931520,diesel-plus.com,payload_delivery,Unknown Loader,"etherhiding,victim"
2026-09-24 07:35:25,1931521,dieselpower.cl,payload_delivery,Unknown Loader,"etherhiding,victim"
2026-09-24 07:35:25,1931522,digarden.com,payload_delivery,Unknown Loader,"etherhiding,victim"
2026-09-24 07:35:25,1931523,digiessa4schools.com,payload_delivery,Unknown Loader,"etherhiding,victim"
2026-09-24 07:35:25,1931524,digits-me.com,payload_delivery,Unknown Loader,"etherhiding,victim"
2026-09-24 07:35:25,1931525,diskbaterianiteroi24h.com,payload_delivery,Unknown Loader,"etherhiding,victim"
2026-09-24 07:35:25,1931526,distinctiveauto.fr,payload_delivery,Unknown Loader,"etherhiding,victim"
2026-09-24 07:35:25,1931527,diversitycrejobs.com,payload_delivery,Unknown Loader,"etherhiding,victim"
2026-09-24 07:35:25,1931528,divinecity.in,payload_delivery,Unknown Loader,"etherhiding,victim"
2026-09-24 07:35:24,1931504,damicheleviareggio.it,payload_delivery,Unknown Loader,"etherhiding,victim"
2026-09-24 07:35:24,1931505,damprod.ro,payload_delivery,Unknown Loader,"etherhiding,victim"
2026-09-24 07:35:24,1931506,danielchidiac.com,payload_delivery,Unknown Loader,"etherhiding,victim"
2026-09-24 07:35:24,1931507,danse-tamanu.com,payload_delivery,Unknown Loader,"etherhiding,victim"
2026-09-24 07:35:24,1931508,darjeelinginfotech.in,payload_delivery,Unknown Loader,"etherhiding,victim"
2026-09-24 07:35:24,1931509,datacat.name,payload_delivery,Unknown Loader,"etherhiding,victim"
2026-09-24 07:35:24,1931510,davidvinhetas.com.br,payload_delivery,Unknown Loader,"etherhiding,victim"
2026-09-24 07:35:24,1931511,dclikagency.com,payload_delivery,Unknown Loader,"etherhiding,victim"
2026-09-24 07:35:24,1931512,deckerdecks.com,payload_delivery,Unknown Loader,"etherhiding,victim"
2026-09-24 07:35:24,1931513,deeptone.com,payload_delivery,Unknown Loader,"etherhiding,victim"
2026-09-24 07:35:24,1931514,delhiescort69.com,payload_delivery,Unknown Loader,"etherhiding,victim"
2026-09-24 07:35:24,1931515,deltaconsult.fr,payload_delivery,Unknown Loader,"etherhiding,victim"
2026-09-24 07:35:24,1931516,devtaf.com,payload_delivery,Unknown Loader,"etherhiding,victim"
2026-09-24 07:35:23,1931494,cryslaindustries.com,payload_delivery,Unknown Loader,"etherhiding,victim"
2026-09-24 07:35:23,1931495,crystallines.pk,payload_delivery,Unknown Loader,"etherhiding,victim"
2026-09-24 07:35:23,1931496,crystydecor.com,payload_delivery,Unknown Loader,"etherhiding,victim"
2026-09-24 07:35:23,1931497,csogrant.bt,payload_delivery,Unknown Loader,"etherhiding,victim"
2026-09-24 07:35:23,1931498,curtigroup.it,payload_delivery,Unknown Loader,"etherhiding,victim"
2026-09-24 07:35:23,1931499,custom-4x4.com,payload_delivery,Unknown Loader,"etherhiding,victim"
2026-09-24 07:35:23,1931500,cuve-fioul-services.fr,payload_delivery,Unknown Loader,"etherhiding,victim"
2026-09-24 07:35:23,1931501,d01news.com,payload_delivery,Unknown Loader,"etherhiding,victim"
2026-09-24 07:35:23,1931502,dacapoband.fr,payload_delivery,Unknown Loader,"etherhiding,victim"
2026-09-24 07:35:23,1931503,damichelemodena.it,payload_delivery,Unknown Loader,"etherhiding,victim"
2026-09-24 07:35:22,1931481,cooltica.com,payload_delivery,Unknown Loader,"etherhiding,victim"
2026-09-24 07:35:22,1931482,corezing.com,payload_delivery,Unknown Loader,"etherhiding,victim"
2026-09-24 07:35:22,1931483,cortinaspacifico.cl,payload_delivery,Unknown Loader,"etherhiding,victim"
2026-09-24 07:35:22,1931484,counterstrikeconditioning.com,payload_delivery,Unknown Loader,"etherhiding,victim"
2026-09-24 07:35:22,1931485,cowesion.com,payload_delivery,Unknown Loader,"etherhiding,victim"
2026-09-24 07:35:22,1931486,cpsique.com,payload_delivery,Unknown Loader,"etherhiding,victim"
2026-09-24 07:35:22,1931487,creatour.pt,payload_delivery,Unknown Loader,"etherhiding,victim"
2026-09-24 07:35:22,1931488,creditofiel.com,payload_delivery,Unknown Loader,"etherhiding,victim"
2026-09-24 07:35:22,1931489,criardesign-rj.com.br,payload_delivery,Unknown Loader,"etherhiding,victim"
2026-09-24 07:35:22,1931490,cristianevarricchiopsi.com.br,payload_delivery,Unknown Loader,"etherhiding,victim"
2026-09-24 07:35:22,1931491,cruzescan.com,payload_delivery,Unknown Loader,"etherhiding,victim"
2026-09-24 07:35:22,1931492,cryptograb.org,payload_delivery,Unknown Loader,"etherhiding,victim"
2026-09-24 07:35:21,1931477,connectsurfsmile.com,payload_delivery,Unknown Loader,"etherhiding,victim"
2026-09-24 07:35:21,1931478,construfort.com.br,payload_delivery,Unknown Loader,"etherhiding,victim"
2026-09-24 07:35:21,1931479,consultadetarotbarato.es,payload_delivery,Unknown Loader,"etherhiding,victim"
2026-09-24 07:35:21,1931480,cookcountytransitplan.com,payload_delivery,Unknown Loader,"etherhiding,victim"
2026-09-24 07:34:42,1931468,codaisy.com,payload_delivery,Unknown Loader,"etherhiding,victim"
2026-09-24 07:34:42,1931469,codeicontechnologies.com,payload_delivery,Unknown Loader,"etherhiding,victim"
2026-09-24 07:34:42,1931470,cokhiquoctrung.com,payload_delivery,Unknown Loader,"etherhiding,victim"
2026-09-24 07:34:42,1931471,communityinarabic.com,payload_delivery,Unknown Loader,"etherhiding,victim"
2026-09-24 07:34:42,1931473,companytech.com.br,payload_delivery,Unknown Loader,"etherhiding,victim"
2026-09-24 07:34:42,1931475,connectingtomorrowit.com,payload_delivery,Unknown Loader,"etherhiding,victim"
2026-09-24 07:34:42,1931476,connectservicesinc.org,payload_delivery,Unknown Loader,"etherhiding,victim"
2026-09-24 07:34:41,1931453,chinesewithmjeed.com,payload_delivery,Unknown Loader,"etherhiding,victim"
2026-09-24 07:34:41,1931454,chrismikasport.com,payload_delivery,Unknown Loader,"etherhiding,victim"
2026-09-24 07:34:41,1931455,christthekingdinanagar.com,payload_delivery,Unknown Loader,"etherhiding,victim"
2026-09-24 07:34:41,1931456,ciclofog.com.br,payload_delivery,Unknown Loader,"etherhiding,victim"
2026-09-24 07:34:41,1931457,cie-unicyt.org,payload_delivery,Unknown Loader,"etherhiding,victim"
2026-09-24 07:34:41,1931458,circuscuenca.com,payload_delivery,Unknown Loader,"etherhiding,victim"
2026-09-24 07:34:41,1931459,cisr-auto-ecole.fr,payload_delivery,Unknown Loader,"etherhiding,victim"
2026-09-24 07:34:41,1931460,ciudadelcarmen.com,payload_delivery,Unknown Loader,"etherhiding,victim"
2026-09-24 07:34:41,1931461,ciza-software.at,payload_delivery,Unknown Loader,"etherhiding,victim"
2026-09-24 07:34:41,1931462,ciza.at,payload_delivery,Unknown Loader,"etherhiding,victim"
2026-09-24 07:34:41,1931463,classicdesignproject.com,payload_delivery,Unknown Loader,"etherhiding,victim"
2026-09-24 07:34:41,1931464,claudiacoppolacoach.it,payload_delivery,Unknown Loader,"etherhiding,victim"
2026-09-24 07:34:41,1931465,cloudelder.com,payload_delivery,Unknown Loader,"etherhiding,victim"
2026-09-24 07:34:41,1931467,cloudscomputer.com,payload_delivery,Unknown Loader,"etherhiding,victim"
2026-09-24 07:34:40,1931440,cclive.in,payload_delivery,Unknown Loader,"etherhiding,victim"
2026-09-24 07:34:40,1931441,ceciliamarrero.com,payload_delivery,Unknown Loader,"etherhiding,victim"
2026-09-24 07:34:40,1931442,cenasasl.es,payload_delivery,Unknown Loader,"etherhiding,victim"
2026-09-24 07:34:40,1931443,centrocinofiloperfido.com,payload_delivery,Unknown Loader,"etherhiding,victim"
2026-09-24 07:34:40,1931444,centrocommercialelafortezza.it,payload_delivery,Unknown Loader,"etherhiding,victim"
2026-09-24 07:34:40,1931445,centroneuros.com,payload_delivery,Unknown Loader,"etherhiding,victim"
2026-09-24 07:34:40,1931446,cerberusmarketingchina.com,payload_delivery,Unknown Loader,"etherhiding,victim"
2026-09-24 07:34:40,1931447,ceylona.com.au,payload_delivery,Unknown Loader,"etherhiding,victim"
2026-09-24 07:34:40,1931448,cgpconstructioncorp.com,payload_delivery,Unknown Loader,"etherhiding,victim"
2026-09-24 07:34:40,1931449,cheekbyrez.com,payload_delivery,Unknown Loader,"etherhiding,victim"
2026-09-24 07:34:40,1931450,chemspecsolutions.com,payload_delivery,Unknown Loader,"etherhiding,victim"
2026-09-24 07:34:40,1931451,chicagoconcerts.today,payload_delivery,Unknown Loader,"etherhiding,victim"
2026-09-24 07:34:40,1931452,chiffreschocs.fr,payload_delivery,Unknown Loader,"etherhiding,victim"
2026-09-24 07:34:39,1931427,camiverre.com,payload_delivery,Unknown Loader,"etherhiding,victim"
2026-09-24 07:34:39,1931428,canfont.net,payload_delivery,Unknown Loader,"etherhiding,victim"
2026-09-24 07:34:39,1931429,capdieukhien.vn,payload_delivery,Unknown Loader,"etherhiding,victim"
2026-09-24 07:34:39,1931430,carineorhema.com,payload_delivery,Unknown Loader,"etherhiding,victim"
2026-09-24 07:34:39,1931431,caro-abogados.es,payload_delivery,Unknown Loader,"etherhiding,victim"
2026-09-24 07:34:39,1931432,carolina.taxi,payload_delivery,Unknown Loader,"etherhiding,victim"
2026-09-24 07:34:39,1931433,carta.crepecatessen.com,payload_delivery,Unknown Loader,"etherhiding,victim"
2026-09-24 07:34:39,1931434,carvalhotintas.com.br,payload_delivery,Unknown Loader,"etherhiding,victim"
2026-09-24 07:34:39,1931435,casavacanza.org,payload_delivery,Unknown Loader,"etherhiding,victim"
2026-09-24 07:34:39,1931436,casfoundation.org.ng,payload_delivery,Unknown Loader,"etherhiding,victim"
2026-09-24 07:34:39,1931439,catholiccreativesng.com,payload_delivery,Unknown Loader,"etherhiding,victim"
2026-09-24 07:34:38,1931415,brcksnwealth.com,payload_delivery,Unknown Loader,"etherhiding,victim"
2026-09-24 07:34:38,1931416,brickpartners.org,payload_delivery,Unknown Loader,"etherhiding,victim"
2026-09-24 07:34:38,1931417,bsescritoriodepericias.com,payload_delivery,Unknown Loader,"etherhiding,victim"
2026-09-24 07:34:38,1931418,bubbleworld.ca,payload_delivery,Unknown Loader,"etherhiding,victim"
2026-09-24 07:34:38,1931419,bulkcontainerload.com,payload_delivery,Unknown Loader,"etherhiding,victim"
2026-09-24 07:34:38,1931420,bulldogbillboards.com,payload_delivery,Unknown Loader,"etherhiding,victim"
2026-09-24 07:34:38,1931421,by-me.tn,payload_delivery,Unknown Loader,"etherhiding,victim"
2026-09-24 07:34:38,1931422,byteenginetech.com,payload_delivery,Unknown Loader,"etherhiding,victim"
2026-09-24 07:34:38,1931423,ca.com.lb,payload_delivery,Unknown Loader,"etherhiding,victim"
2026-09-24 07:34:38,1931424,cainelearning.com,payload_delivery,Unknown Loader,"etherhiding,victim"
2026-09-24 07:34:38,1931425,cambiosvzla.com,payload_delivery,Unknown Loader,"etherhiding,victim"
2026-09-24 07:34:38,1931426,cameringazzana.adv.br,payload_delivery,Unknown Loader,"etherhiding,victim"
2026-09-24 07:34:37,1931401,bistrotdelasaulaie.fr,payload_delivery,Unknown Loader,"etherhiding,victim"
2026-09-24 07:34:37,1931402,bittner.immobilien,payload_delivery,Unknown Loader,"etherhiding,victim"
2026-09-24 07:34:37,1931403,blog.0tres.es,payload_delivery,Unknown Loader,"etherhiding,victim"
2026-09-24 07:34:37,1931404,bloodandcreed.com,payload_delivery,Unknown Loader,"etherhiding,victim"
2026-09-24 07:34:37,1931405,bmt-africa.com,payload_delivery,Unknown Loader,"etherhiding,victim"
2026-09-24 07:34:37,1931406,bnbtrani.com,payload_delivery,Unknown Loader,"etherhiding,victim"
2026-09-24 07:34:37,1931407,boabomsur.com,payload_delivery,Unknown Loader,"etherhiding,victim"
2026-09-24 07:34:37,1931408,boltonplumbingandheating.co.uk,payload_delivery,Unknown Loader,"etherhiding,victim"
2026-09-24 07:34:37,1931409,boostoxygen.nu,payload_delivery,Unknown Loader,"etherhiding,victim"
2026-09-24 07:34:37,1931410,bpnada.com,payload_delivery,Unknown Loader,"etherhiding,victim"
2026-09-24 07:34:37,1931411,braino.co.in,payload_delivery,Unknown Loader,"etherhiding,victim"
2026-09-24 07:34:37,1931412,brakesystemsinc.com,payload_delivery,Unknown Loader,"etherhiding,victim"
2026-09-24 07:34:37,1931413,brasilexpresstransp.com.br,payload_delivery,Unknown Loader,"etherhiding,victim"
2026-09-24 07:34:37,1931414,brattenbailbonds.com,payload_delivery,Unknown Loader,"etherhiding,victim"
2026-09-24 07:34:36,1931389,bazz.pk,payload_delivery,Unknown Loader,"etherhiding,victim"
2026-09-24 07:34:36,1931390,bbrainy.school,payload_delivery,Unknown Loader,"etherhiding,victim"
2026-09-24 07:34:36,1931391,be-ethics.eu,payload_delivery,Unknown Loader,"etherhiding,victim"
2026-09-24 07:34:36,1931392,bebedent.cl,payload_delivery,Unknown Loader,"etherhiding,victim"
2026-09-24 07:34:36,1931393,bebeto-tn.com,payload_delivery,Unknown Loader,"etherhiding,victim"
2026-09-24 07:34:36,1931394,benokitconsult.com,payload_delivery,Unknown Loader,"etherhiding,victim"
2026-09-24 07:34:36,1931395,bestroofs.com,payload_delivery,Unknown Loader,"etherhiding,victim"
2026-09-24 07:34:36,1931396,bestyatra.com,payload_delivery,Unknown Loader,"etherhiding,victim"
2026-09-24 07:34:36,1931397,bhagja.co.id,payload_delivery,Unknown Loader,"etherhiding,victim"
2026-09-24 07:34:36,1931398,bi-global.com.au,payload_delivery,Unknown Loader,"etherhiding,victim"
2026-09-24 07:34:36,1931399,biciosos.gal,payload_delivery,Unknown Loader,"etherhiding,victim"
2026-09-24 07:34:36,1931400,biotechhorizon.com,payload_delivery,Unknown Loader,"etherhiding,victim"
2026-09-24 07:34:35,1931378,awsel.ma,payload_delivery,Unknown Loader,"etherhiding,victim"
2026-09-24 07:34:35,1931379,azapcreation.fr,payload_delivery,Unknown Loader,"etherhiding,victim"
2026-09-24 07:34:35,1931380,azteka.com.pl,payload_delivery,Unknown Loader,"etherhiding,victim"
2026-09-24 07:34:35,1931381,bach.mx,payload_delivery,Unknown Loader,"etherhiding,victim"
2026-09-24 07:34:35,1931382,balticprojects.eu,payload_delivery,Unknown Loader,"etherhiding,victim"
2026-09-24 07:34:35,1931383,baltimoretowing.com,payload_delivery,Unknown Loader,"etherhiding,victim"
2026-09-24 07:34:35,1931384,barcasavictor.es,payload_delivery,Unknown Loader,"etherhiding,victim"
2026-09-24 07:34:35,1931385,bateriasmaksul.com.br,payload_delivery,Unknown Loader,"etherhiding,victim"
2026-09-24 07:34:35,1931386,baumschulen-nrw.de,payload_delivery,Unknown Loader,"etherhiding,victim"
2026-09-24 07:34:35,1931387,bayarealimousine.com,payload_delivery,Unknown Loader,"etherhiding,victim"
2026-09-24 07:34:34,1931363,armourtt.com,payload_delivery,Unknown Loader,"etherhiding,victim"
2026-09-24 07:34:34,1931364,art-now.it,payload_delivery,Unknown Loader,"etherhiding,victim"
2026-09-24 07:34:34,1931365,art-transport.net,payload_delivery,Unknown Loader,"etherhiding,victim"
2026-09-24 07:34:34,1931366,arthasrl.it,payload_delivery,Unknown Loader,"etherhiding,victim"
2026-09-24 07:34:34,1931367,asc-21.com,payload_delivery,Unknown Loader,"etherhiding,victim"
2026-09-24 07:34:34,1931368,ashokbpatel.com,payload_delivery,Unknown Loader,"etherhiding,victim"
2026-09-24 07:34:34,1931369,asiacore.co.uk,payload_delivery,Unknown Loader,"etherhiding,victim"
2026-09-24 07:34:34,1931370,asppicz.it,payload_delivery,Unknown Loader,"etherhiding,victim"
2026-09-24 07:34:34,1931372,atalantasportsclub.nl,payload_delivery,Unknown Loader,"etherhiding,victim"
2026-09-24 07:34:34,1931373,atelierivanildafranca.com.br,payload_delivery,Unknown Loader,"etherhiding,victim"
2026-09-24 07:34:34,1931374,athenaconsultancygroup.co.uk,payload_delivery,Unknown Loader,"etherhiding,victim"
2026-09-24 07:34:34,1931375,atlasfermetures.com,payload_delivery,Unknown Loader,"etherhiding,victim"
2026-09-24 07:34:34,1931377,avologic.rs,payload_delivery,Unknown Loader,"etherhiding,victim"
2026-09-24 07:34:33,1931350,ambulancejaures.fr,payload_delivery,Unknown Loader,"etherhiding,victim"
2026-09-24 07:34:33,1931353,anag.pt,payload_delivery,Unknown Loader,"etherhiding,victim"
2026-09-24 07:34:33,1931357,appuoc.com,payload_delivery,Unknown Loader,"etherhiding,victim"
2026-09-24 07:34:33,1931358,arabiafriendly.com,payload_delivery,Unknown Loader,"etherhiding,victim"
2026-09-24 07:34:33,1931359,arabtelemediaseries.com,payload_delivery,Unknown Loader,"etherhiding,victim"
2026-09-24 07:34:33,1931361,aramondi.it,payload_delivery,Unknown Loader,"etherhiding,victim"
2026-09-24 07:34:33,1931362,ardemo.it,payload_delivery,Unknown Loader,"etherhiding,victim"
2026-09-24 07:34:32,1931338,aipas.fit,payload_delivery,Unknown Loader,"etherhiding,victim"
2026-09-24 07:34:31,1931325,abbinkbeschermingsbewind.nl,payload_delivery,Unknown Loader,"etherhiding,victim"
2026-09-24 07:34:31,1931329,acure.com.br,payload_delivery,Unknown Loader,"etherhiding,victim"
2026-09-24 07:34:31,1931330,adatewithhoney.com,payload_delivery,Unknown Loader,"etherhiding,victim"
2026-09-24 07:34:31,1931336,ahtoman.com,payload_delivery,Unknown Loader,"etherhiding,victim"
2026-09-24 07:34:30,1931322,3d-company.com,payload_delivery,Unknown Loader,"etherhiding,victim"
2026-09-24 07:34:30,1931324,aashirvaadtrustngo.org,payload_delivery,Unknown Loader,"etherhiding,victim"
2026-09-24 04:57:46,1931148,idcool.codes,payload_delivery,ClearFake,"ClearFake,EtherHiding"
2026-09-24 03:47:19,1931242,ccc.0101011010010111001.com,botnet_cc,Cobalt Strike,"CobaltStrike,drb-ra"
2026-09-24 02:49:22,1931214,cookwithlina.com,payload_delivery,ClearFake,"compromised,EtherHide"
2026-09-23 22:03:28,1931079,misty-whirl-beacon-doa.life,payload_delivery,IClickFix,"ClickFix,Mac,MacFinger"
2026-09-23 16:44:26,1930848,ashen-trace-zephyr-draeix.life,payload_delivery,IClickFix,"ClickFix,Mac,MacFinger"
2026-09-23 16:44:26,1930850,mesa-braior-k3w3b.life,payload_delivery,IClickFix,"ClickFix,Mac,MacFinger"
2026-09-23 16:40:25,1930831,gertlerlawoffice.com,payload_delivery,Unknown Loader,etherhiding
2026-09-23 16:38:54,1930824,designer-mailbox.com,payload_delivery,Unknown Loader,etherhiding
2026-09-23 16:38:54,1930825,dksb-oschatz.de,payload_delivery,Unknown Loader,etherhiding
2026-09-23 16:38:54,1930826,gpfestas.com.br,payload_delivery,Unknown Loader,etherhiding
2026-09-23 16:38:53,1930817,bezopasnost-hik.ru,payload_delivery,Unknown Loader,etherhiding
2026-09-23 16:38:53,1930818,bluvision.ph,payload_delivery,Unknown Loader,etherhiding
2026-09-23 16:38:53,1930819,cautre.vn,payload_delivery,Unknown Loader,etherhiding
2026-09-23 16:38:53,1930820,cedarlakecamp.org,payload_delivery,Unknown Loader,etherhiding
2026-09-23 16:38:53,1930821,citycirca.com,payload_delivery,Unknown Loader,etherhiding
2026-09-23 16:38:53,1930822,cosadesidera.it,payload_delivery,Unknown Loader,etherhiding
2026-09-23 16:38:53,1930823,desarrollosurbanos.com.ar,payload_delivery,Unknown Loader,etherhiding
2026-09-23 16:38:52,1930816,apmedia.asia,payload_delivery,Unknown Loader,etherhiding
2026-09-23 16:28:24,1930804,benzina.com.au,payload_delivery,Unknown Loader,etherhiding
2026-09-23 16:14:19,1930797,irsproblems.com,payload_delivery,Unknown Loader,"etherhiding,victim"
2026-09-23 16:14:18,1930788,hunglongarowanatech.com,payload_delivery,Unknown Loader,"etherhiding,victim"
2026-09-23 16:14:18,1930789,hyprathletics.com,payload_delivery,Unknown Loader,"etherhiding,victim"
2026-09-23 16:14:18,1930790,ictnetteam.com,payload_delivery,Unknown Loader,"etherhiding,victim"
2026-09-23 16:14:18,1930791,ilithalelanga.com,payload_delivery,Unknown Loader,"etherhiding,victim"
2026-09-23 16:14:18,1930792,infidu.com,payload_delivery,Unknown Loader,"etherhiding,victim"
2026-09-23 16:14:18,1930794,initiumventures.com,payload_delivery,Unknown Loader,"etherhiding,victim"
2026-09-23 16:14:18,1930795,inteleccorporate.com,payload_delivery,Unknown Loader,"etherhiding,victim"
2026-09-23 16:14:18,1930796,iptvdk.net,payload_delivery,Unknown Loader,"etherhiding,victim"
2026-09-23 16:14:17,1930779,haivenu-vietnam.com,payload_delivery,Unknown Loader,"etherhiding,victim"
2026-09-23 16:14:17,1930780,harmonyandharvest.org,payload_delivery,Unknown Loader,"etherhiding,victim"
2026-09-23 16:14:17,1930781,haverhillplumber.co.uk,payload_delivery,Unknown Loader,"etherhiding,victim"
2026-09-23 16:14:17,1930782,hidrafilter.com,payload_delivery,Unknown Loader,"etherhiding,victim"
2026-09-23 16:14:17,1930783,hiramossiel.com,payload_delivery,Unknown Loader,"etherhiding,victim"
2026-09-23 16:14:17,1930784,hometrustservice.com,payload_delivery,Unknown Loader,"etherhiding,victim"
2026-09-23 16:14:17,1930785,honorroofingok.com,payload_delivery,Unknown Loader,"etherhiding,victim"
2026-09-23 16:14:17,1930787,huggyandhutch.com,payload_delivery,Unknown Loader,"etherhiding,victim"
2026-09-23 16:14:16,1930771,globaltransportlines.com,payload_delivery,Unknown Loader,"etherhiding,victim"
2026-09-23 16:14:16,1930773,goldenstackher.com,payload_delivery,Unknown Loader,"etherhiding,victim"
2026-09-23 16:14:16,1930776,gratec-gmbh.de,payload_delivery,Unknown Loader,"etherhiding,victim"
2026-09-23 16:14:16,1930777,hairexty.com,payload_delivery,Unknown Loader,"etherhiding,victim"
2026-09-23 16:14:16,1930778,hairsystem4men.com,payload_delivery,Unknown Loader,"etherhiding,victim"
2026-09-23 16:14:15,1930759,epcca-assistance.com,payload_delivery,Unknown Loader,"etherhiding,victim"
2026-09-23 16:14:15,1930760,eprpourbtp.com,payload_delivery,Unknown Loader,"etherhiding,victim"
2026-09-23 16:14:15,1930761,exclusivescentsgh.com,payload_delivery,Unknown Loader,"etherhiding,victim"
2026-09-23 16:14:15,1930762,fembodystudiobackup.com,payload_delivery,Unknown Loader,"etherhiding,victim"
2026-09-23 16:14:15,1930763,fetahi.com,payload_delivery,Unknown Loader,"etherhiding,victim"
2026-09-23 16:14:15,1930765,finishmove.com,payload_delivery,Unknown Loader,"etherhiding,victim"
2026-09-23 16:14:15,1930766,fishinsupply.com,payload_delivery,Unknown Loader,"etherhiding,victim"
2026-09-23 16:14:15,1930769,gdgoenkapatelnagar.com,payload_delivery,Unknown Loader,"etherhiding,victim"
2026-09-23 16:14:15,1930770,ginaguddat.com,payload_delivery,Unknown Loader,"etherhiding,victim"
2026-09-23 16:14:14,1930747,drcourtneyjones.com,payload_delivery,Unknown Loader,"etherhiding,victim"
2026-09-23 16:14:14,1930748,drmorelorthodontiechelles.com,payload_delivery,Unknown Loader,"etherhiding,victim"
2026-09-23 16:14:14,1930749,dulajweerasinghe.com,payload_delivery,Unknown Loader,"etherhiding,victim"
2026-09-23 16:14:14,1930750,ecovita.life,payload_delivery,Unknown Loader,"etherhiding,victim"
2026-09-23 16:14:14,1930751,ecs.ie,payload_delivery,Unknown Loader,"etherhiding,victim"
2026-09-23 16:14:14,1930752,eettitech.com,payload_delivery,Unknown Loader,"etherhiding,victim"
2026-09-23 16:14:14,1930753,el-soto-de-marbella.com,payload_delivery,Unknown Loader,"etherhiding,victim"
2026-09-23 16:14:14,1930754,eleganthomesbedding.com,payload_delivery,Unknown Loader,"etherhiding,victim"
2026-09-23 16:14:14,1930755,element-cle.fr,payload_delivery,Unknown Loader,"etherhiding,victim"
2026-09-23 16:14:14,1930757,elmoh-modern.com,payload_delivery,Unknown Loader,"etherhiding,victim"
2026-09-23 16:14:14,1930758,elpoderdedios.org,payload_delivery,Unknown Loader,"etherhiding,victim"
2026-09-23 16:14:13,1930741,degazage-cuve-fioul.fr,payload_delivery,Unknown Loader,"etherhiding,victim"
2026-09-23 16:14:13,1930742,directsourcetaxsolutions.com,payload_delivery,Unknown Loader,"etherhiding,victim"
2026-09-23 16:14:13,1930743,disaster-consult.com,payload_delivery,Unknown Loader,"etherhiding,victim"
2026-09-23 16:14:13,1930744,divyagokulnath.com,payload_delivery,Unknown Loader,"etherhiding,victim"
2026-09-23 16:14:13,1930745,dkprestige.fr,payload_delivery,Unknown Loader,"etherhiding,victim"
2026-09-23 16:14:13,1930746,dlekonomi.se,payload_delivery,Unknown Loader,"etherhiding,victim"
2026-09-23 16:14:12,1930731,carmartec.de,payload_delivery,Unknown Loader,"etherhiding,victim"
2026-09-23 16:14:12,1930732,ccvrtw.com,payload_delivery,Unknown Loader,"etherhiding,victim"
2026-09-23 16:14:12,1930733,citygraph.cz,payload_delivery,Unknown Loader,"etherhiding,victim"
2026-09-23 16:14:12,1930734,claudefit.com,payload_delivery,Unknown Loader,"etherhiding,victim"
2026-09-23 16:14:12,1930735,cmacare.shop,payload_delivery,Unknown Loader,"etherhiding,victim"
2026-09-23 16:14:12,1930736,communityofimmanuel.net,payload_delivery,Unknown Loader,"etherhiding,victim"
2026-09-23 16:14:12,1930737,courseplanet.org,payload_delivery,Unknown Loader,"etherhiding,victim"
2026-09-23 16:14:12,1930739,dalisdergisi.com,payload_delivery,Unknown Loader,"etherhiding,victim"
2026-09-23 16:14:12,1930740,danilessa.com.br,payload_delivery,Unknown Loader,"etherhiding,victim"
2026-09-23 16:14:11,1930723,bigtime-entertainment.co.za,payload_delivery,Unknown Loader,"etherhiding,victim"
2026-09-23 16:14:11,1930724,bitgeyser.com,payload_delivery,Unknown Loader,"etherhiding,victim"
2026-09-23 16:14:11,1930725,bowie2001.com,payload_delivery,Unknown Loader,"etherhiding,victim"
2026-09-23 16:14:11,1930726,boxtelcustompackaging.com,payload_delivery,Unknown Loader,"etherhiding,victim"
2026-09-23 16:14:11,1930727,bremse-hupe-licht.de,payload_delivery,Unknown Loader,"etherhiding,victim"
2026-09-23 16:14:11,1930728,c4secure.co.uk,payload_delivery,Unknown Loader,"etherhiding,victim"
2026-09-23 16:14:11,1930729,cameronpinegar.com,payload_delivery,Unknown Loader,"etherhiding,victim"
2026-09-23 16:14:11,1930730,careernation.com,payload_delivery,Unknown Loader,"etherhiding,victim"
2026-09-23 16:14:10,1930713,axseven.com,payload_delivery,Unknown Loader,"etherhiding,victim"
2026-09-23 16:14:10,1930714,aydenlincoln.org,payload_delivery,Unknown Loader,"etherhiding,victim"
2026-09-23 16:14:10,1930715,baligraphsolutions.com,payload_delivery,Unknown Loader,"etherhiding,victim"
2026-09-23 16:14:10,1930716,baynemedia.ca,payload_delivery,Unknown Loader,"etherhiding,victim"
2026-09-23 16:14:10,1930717,beachlineproperty.com,payload_delivery,Unknown Loader,"etherhiding,victim"
2026-09-23 16:14:10,1930718,beatrizmontes.com,payload_delivery,Unknown Loader,"etherhiding,victim"
2026-09-23 16:14:10,1930719,bellagiointeriors.it,payload_delivery,Unknown Loader,"etherhiding,victim"
2026-09-23 16:14:10,1930721,bertulino.com.br,payload_delivery,Unknown Loader,"etherhiding,victim"
2026-09-23 16:14:10,1930722,bettr-projects.be,payload_delivery,Unknown Loader,"etherhiding,victim"
2026-09-23 16:14:09,1930705,alfredotorrejon.com,payload_delivery,Unknown Loader,"etherhiding,victim"
2026-09-23 16:14:09,1930706,alglala.com,payload_delivery,Unknown Loader,"etherhiding,victim"
2026-09-23 16:14:09,1930707,ambikgroup.com,payload_delivery,Unknown Loader,"etherhiding,victim"
2026-09-23 16:14:09,1930708,annievegas.com,payload_delivery,Unknown Loader,"etherhiding,victim"
2026-09-23 16:14:09,1930710,aroundwrld.com,payload_delivery,Unknown Loader,"etherhiding,victim"
2026-09-23 16:14:09,1930711,asiavoila.cn,payload_delivery,Unknown Loader,"etherhiding,victim"
2026-09-23 16:14:09,1930712,autoricambigalluzzi.it,payload_delivery,Unknown Loader,"etherhiding,victim"
2026-09-23 16:14:08,1930696,a-casabianca.fr,payload_delivery,Unknown Loader,"etherhiding,victim"
2026-09-23 16:14:08,1930697,absolutesound.co.za,payload_delivery,Unknown Loader,"etherhiding,victim"
2026-09-23 16:14:08,1930698,activatedcarbon.in,payload_delivery,Unknown Loader,"etherhiding,victim"
2026-09-23 16:14:08,1930701,akademiavm.sk,payload_delivery,Unknown Loader,"etherhiding,victim"
2026-09-23 16:14:08,1930703,alanabrayboy.com,payload_delivery,Unknown Loader,"etherhiding,victim"
2026-09-23 16:10:15,1930688,integralrisk.global,payload_delivery,IClickFix,ClickFix
2026-09-23 16:10:15,1930690,ioelche.com,payload_delivery,IClickFix,ClickFix
2026-09-23 16:10:15,1930691,ioninsurance.com.tr,payload_delivery,IClickFix,ClickFix
2026-09-23 16:10:15,1930693,islam-info.be,payload_delivery,IClickFix,ClickFix
2026-09-23 16:10:14,1930684,influxjuice.com,payload_delivery,IClickFix,ClickFix
2026-09-23 16:10:14,1930685,insitu-hotel.com,payload_delivery,IClickFix,ClickFix
2026-09-23 16:10:13,1930676,improntasostenibile.it,payload_delivery,IClickFix,ClickFix
2026-09-23 16:10:13,1930678,inclean.sk,payload_delivery,IClickFix,ClickFix
2026-09-23 16:10:13,1930679,indodrama.my.id,payload_delivery,IClickFix,ClickFix
2026-09-23 16:10:13,1930680,industrialwonders.com,payload_delivery,IClickFix,ClickFix
2026-09-23 16:10:12,1930671,immobiliareimpicciatore.it,payload_delivery,IClickFix,ClickFix
2026-09-23 16:10:12,1930673,imoriwellness.com,payload_delivery,IClickFix,ClickFix
2026-09-23 16:10:12,1930674,impactchurchgso.com,payload_delivery,IClickFix,ClickFix
2026-09-23 16:10:11,1930668,igorguidotti.it,payload_delivery,IClickFix,ClickFix
2026-09-23 16:10:10,1930663,hyvalor.com,payload_delivery,IClickFix,ClickFix
2026-09-23 16:10:09,1930656,homeza-fix.website,payload_delivery,IClickFix,ClickFix
2026-09-23 16:10:09,1930657,homix-repair.website,payload_delivery,IClickFix,ClickFix
2026-09-23 16:10:09,1930659,hotelvalaska.cz,payload_delivery,IClickFix,ClickFix
2026-09-23 16:10:08,1930652,hno-silberhorn.de,payload_delivery,IClickFix,ClickFix
2026-09-23 16:10:08,1930654,home-fix-solutions.space,payload_delivery,IClickFix,ClickFix
2026-09-23 16:10:08,1930655,home-service-fix.site,payload_delivery,IClickFix,ClickFix
2026-09-23 16:10:06,1930649,hikarie.lk,payload_delivery,IClickFix,ClickFix
2026-09-23 16:10:01,1930648,hibccpakistan.org,payload_delivery,IClickFix,ClickFix
2026-09-23 16:10:00,1930644,heatingsolutionsni.com,payload_delivery,IClickFix,ClickFix
2026-09-23 16:09:59,1930636,haarsalon-tonina.de,payload_delivery,IClickFix,ClickFix
2026-09-23 16:09:59,1930637,haberinolsunaydin.com,payload_delivery,IClickFix,ClickFix
2026-09-23 16:09:59,1930638,halicenneti.com,payload_delivery,IClickFix,ClickFix
2026-09-23 16:09:59,1930641,harrabycommunitycentre.co.uk,payload_delivery,IClickFix,ClickFix
2026-09-23 16:09:59,1930642,harrabytheatre.co.uk,payload_delivery,IClickFix,ClickFix
2026-09-23 16:09:58,1930631,grupotrevisan.com.br,payload_delivery,IClickFix,ClickFix
2026-09-23 16:09:58,1930635,h2onero.com,payload_delivery,IClickFix,ClickFix
2026-09-23 16:09:56,1930612,gislina.is,payload_delivery,IClickFix,ClickFix
2026-09-23 16:09:56,1930617,goldrateuae.ae,payload_delivery,IClickFix,ClickFix
2026-09-23 16:09:55,1930602,genovahealthcare.in,payload_delivery,IClickFix,ClickFix
2026-09-23 16:09:55,1930610,gharbethay.com,payload_delivery,IClickFix,ClickFix
2026-09-23 16:09:54,1930590,gabisteiner.de,payload_delivery,IClickFix,ClickFix
2026-09-23 16:09:54,1930591,gabrielayarnaldo.com,payload_delivery,IClickFix,ClickFix
2026-09-23 16:09:54,1930596,galleryart.eu,payload_delivery,IClickFix,ClickFix
2026-09-23 16:09:54,1930598,gangavilas.com,payload_delivery,IClickFix,ClickFix
2026-09-23 16:09:53,1930586,fundacioncasasdelossuenos.org,payload_delivery,IClickFix,ClickFix
2026-09-23 16:09:53,1930588,futurabox.it,payload_delivery,IClickFix,ClickFix
2026-09-23 16:09:52,1930573,fintryafc.co.uk,payload_delivery,IClickFix,ClickFix
2026-09-23 16:09:52,1930575,fktlomas.com,payload_delivery,IClickFix,ClickFix
2026-09-23 16:09:51,1930563,fashionistaforge.com,payload_delivery,IClickFix,ClickFix
2026-09-23 16:09:51,1930564,fdcreditmanagement.com,payload_delivery,IClickFix,ClickFix
2026-09-23 16:09:51,1930565,femrev.com,payload_delivery,IClickFix,ClickFix
2026-09-23 16:09:51,1930568,fetishexpo.net,payload_delivery,IClickFix,ClickFix
2026-09-23 16:09:49,1930547,erazer-kleenerz.com,payload_delivery,IClickFix,ClickFix
2026-09-23 16:09:49,1930548,eriksmustonen.com,payload_delivery,IClickFix,ClickFix
2026-09-23 16:09:48,1930534,elbierestaurant.com,payload_delivery,IClickFix,ClickFix
2026-09-23 16:09:48,1930536,elden.cl,payload_delivery,IClickFix,ClickFix
2026-09-23 16:09:48,1930539,emara-afrilight.com,payload_delivery,IClickFix,ClickFix
2026-09-23 16:09:05,1930518,drecruitment.com,payload_delivery,IClickFix,ClickFix
2026-09-23 16:09:05,1930519,drevovyroba-zahradka.cz,payload_delivery,IClickFix,ClickFix
2026-09-23 16:09:01,1930512,dobrykelner.pl,payload_delivery,IClickFix,ClickFix
2026-09-23 16:09:01,1930514,dogxercise.co.uk,payload_delivery,IClickFix,ClickFix
2026-09-23 16:09:00,1930504,diduerestaurant.it,payload_delivery,IClickFix,ClickFix
2026-09-23 16:08:56,1930489,dailydhakasangbad.com,payload_delivery,IClickFix,ClickFix
2026-09-23 16:08:55,1930477,cropcare.es,payload_delivery,IClickFix,ClickFix
2026-09-23 16:08:55,1930481,cuatudongsaigon.com.vn,payload_delivery,IClickFix,ClickFix
2026-09-23 16:08:55,1930483,cursocinst.com.br,payload_delivery,IClickFix,ClickFix
2026-09-23 16:08:54,1930466,collors.ind.br,payload_delivery,IClickFix,ClickFix
2026-09-23 16:08:52,1930454,cinemasdaujourdhui.com,payload_delivery,IClickFix,ClickFix
2026-09-23 16:08:51,1930445,chabad.de,payload_delivery,IClickFix,ClickFix
2026-09-23 16:08:50,1930443,centronutrizionebalance.it,payload_delivery,IClickFix,ClickFix
2026-09-23 16:08:49,1930436,caicrivierabahia.com,payload_delivery,IClickFix,ClickFix
2026-09-23 16:08:49,1930437,campusdonbosco.it,payload_delivery,IClickFix,ClickFix
2026-09-23 16:08:48,1930423,builditright.ca,payload_delivery,IClickFix,ClickFix
2026-09-23 16:08:48,1930424,bulatutemuratov.fr,payload_delivery,IClickFix,ClickFix
2026-09-23 16:08:48,1930426,burakgloballogisticsllc.com,payload_delivery,IClickFix,ClickFix
2026-09-23 16:08:47,1930416,bowiebeautyspa.com.ar,payload_delivery,IClickFix,ClickFix
2026-09-23 16:08:47,1930418,brakorealestate.com,payload_delivery,IClickFix,ClickFix
2026-09-23 16:08:11,1930394,beecroftbuddies.com.au,payload_delivery,IClickFix,ClickFix
2026-09-23 16:08:09,1930383,avontreecareltd.co.uk,payload_delivery,IClickFix,ClickFix
2026-09-23 16:08:09,1930384,avukatneslihankocakaya.com,payload_delivery,IClickFix,ClickFix
2026-09-23 16:08:09,1930385,awakenedagency.com,payload_delivery,IClickFix,ClickFix
2026-09-23 16:08:02,1930362,altitude-recruitment.co.uk,payload_delivery,IClickFix,ClickFix
2026-09-23 16:07:59,1930351,agruban.com.br,payload_delivery,IClickFix,ClickFix
2026-09-23 16:07:59,1930353,aiartsdesign.com,payload_delivery,IClickFix,ClickFix
2026-09-23 16:00:31,1930329,entireiseverything.com,payload_delivery,IClickFix,ClickFix
2026-09-23 15:26:04,1930307,innovazione2020.it,payload_delivery,IClickFix,ClickFix
2026-09-23 15:26:04,1930309,integrativemedicineconsortium.com,payload_delivery,IClickFix,ClickFix
2026-09-23 15:26:04,1930312,intervalla.com,payload_delivery,IClickFix,ClickFix
2026-09-23 15:26:03,1930305,innconcert.ca,payload_delivery,IClickFix,ClickFix
2026-09-23 15:26:01,1930291,ilovelibya.net,payload_delivery,IClickFix,ClickFix
2026-09-23 15:26:00,1930282,ibericadedanza.es,payload_delivery,IClickFix,ClickFix
2026-09-23 15:26:00,1930288,ikki.hamburg,payload_delivery,IClickFix,ClickFix
2026-09-23 15:25:59,1930271,hospitalhlbaja.com,payload_delivery,IClickFix,ClickFix
2026-09-23 15:25:58,1930257,hill88bet.kr,payload_delivery,IClickFix,ClickFix
2026-09-23 15:25:58,1930264,hollywoodhairloss.com,payload_delivery,IClickFix,ClickFix
2026-09-23 15:25:57,1930248,hecherhaus.at,payload_delivery,IClickFix,ClickFix
2026-09-23 15:25:57,1930253,hi-francky.com,payload_delivery,IClickFix,ClickFix
2026-09-23 15:25:56,1930227,groennebro.dk,payload_delivery,IClickFix,ClickFix
2026-09-23 15:25:56,1930234,guiding.tw,payload_delivery,IClickFix,ClickFix
2026-09-23 15:25:56,1930239,h-noise.com,payload_delivery,IClickFix,ClickFix
2026-09-23 15:25:54,1930206,giuliafarrauto.com,payload_delivery,IClickFix,ClickFix
2026-09-23 15:25:53,1930189,gamblingwatch.ca,payload_delivery,IClickFix,ClickFix
2026-09-23 15:25:53,1930190,gamergyrl.com,payload_delivery,IClickFix,ClickFix
2026-09-23 15:25:53,1930192,gandot.fr,payload_delivery,IClickFix,ClickFix
2026-09-23 15:25:52,1930176,fortressgrcit.com,payload_delivery,IClickFix,ClickFix
2026-09-23 15:25:52,1930184,futuredesignpainting.com,payload_delivery,IClickFix,ClickFix
2026-09-23 15:25:52,1930185,fvp-studio.com,payload_delivery,IClickFix,ClickFix
2026-09-23 15:25:52,1930187,gabrieleslizyte.com,payload_delivery,IClickFix,ClickFix
2026-09-23 15:25:51,1930162,firstpointtrad.com,payload_delivery,IClickFix,ClickFix
2026-09-23 15:25:51,1930169,floreer.nu,payload_delivery,IClickFix,ClickFix
2026-09-23 15:25:50,1930154,fbmedia.uk,payload_delivery,IClickFix,ClickFix
2026-09-23 15:25:12,1930141,eveningofodds.com,payload_delivery,IClickFix,ClickFix
2026-09-23 15:25:10,1930125,epium.net,payload_delivery,IClickFix,ClickFix
2026-09-23 15:25:08,1930112,elafa.gr,payload_delivery,IClickFix,ClickFix
2026-09-23 15:25:07,1930105,efecadults.cat,payload_delivery,IClickFix,ClickFix
2026-09-23 15:25:06,1930089,drpaolacarannante.it,payload_delivery,IClickFix,ClickFix
2026-09-23 15:25:05,1930077,dongygiatruyenxuantho.com,payload_delivery,IClickFix,ClickFix
2026-09-23 15:25:04,1930071,digital-plus.tech,payload_delivery,IClickFix,ClickFix
2026-09-23 15:25:04,1930072,dimdimsum.wpenginepowered.com,payload_delivery,IClickFix,ClickFix
2026-09-23 15:25:04,1930075,dlfestudiocreativo.com,payload_delivery,IClickFix,ClickFix
2026-09-23 15:25:01,1930066,df999.nl,payload_delivery,IClickFix,ClickFix
2026-09-23 15:25:00,1930062,despertareaprender.com.br,payload_delivery,IClickFix,ClickFix
2026-09-23 15:24:59,1930045,cyberoism.com,payload_delivery,IClickFix,ClickFix
2026-09-23 15:24:59,1930050,dayaquest.com,payload_delivery,IClickFix,ClickFix
2026-09-23 15:24:59,1930051,decantdelparaiso.cl,payload_delivery,IClickFix,ClickFix
2026-09-23 15:24:59,1930053,defanti-elettronica.com,payload_delivery,IClickFix,ClickFix
2026-09-23 15:24:58,1930037,cristinasalgado.com,payload_delivery,IClickFix,ClickFix
2026-09-23 15:24:58,1930038,crocdesk.com,payload_delivery,IClickFix,ClickFix
2026-09-23 15:24:58,1930042,cryptomorrow.com,payload_delivery,IClickFix,ClickFix
2026-09-23 15:24:58,1930043,cuadrante7.mx,payload_delivery,IClickFix,ClickFix
2026-09-23 15:24:57,1930021,condominiojavieracarrera.cl,payload_delivery,IClickFix,ClickFix
2026-09-23 15:24:57,1930030,cosmotools.es,payload_delivery,IClickFix,ClickFix
2026-09-23 15:24:56,1930005,cleanix-service.de,payload_delivery,IClickFix,ClickFix
2026-09-23 15:24:56,1930009,clubjupitercasino.com,payload_delivery,IClickFix,ClickFix
2026-09-23 15:24:56,1930012,cocrotterdam.nl,payload_delivery,IClickFix,ClickFix
2026-09-23 15:24:55,1929996,chilepokertour2011.com,payload_delivery,IClickFix,ClickFix
2026-09-23 15:24:54,1929983,catechesebouake.org,payload_delivery,IClickFix,ClickFix
2026-09-23 15:24:54,1929984,catherinelepetz.com,payload_delivery,IClickFix,ClickFix
2026-09-23 15:24:54,1929985,ccllanomall.com,payload_delivery,IClickFix,ClickFix
2026-09-23 15:24:54,1929987,centralcctv.co.uk,payload_delivery,IClickFix,ClickFix
2026-09-23 15:24:53,1929975,captamkt.com,payload_delivery,IClickFix,ClickFix
2026-09-23 15:24:53,1929977,care-wellness360.com,payload_delivery,IClickFix,ClickFix
2026-09-23 15:24:53,1929978,carpinteriagerman.com,payload_delivery,IClickFix,ClickFix
2026-09-23 15:24:17,1929953,bowman-painting.com,payload_delivery,IClickFix,ClickFix
2026-09-23 15:24:17,1929963,byyakoba.com,payload_delivery,IClickFix,ClickFix
2026-09-23 15:24:16,1929948,bonagro.eu,payload_delivery,IClickFix,ClickFix
2026-09-23 15:24:15,1929928,biathlon-idee.de,payload_delivery,IClickFix,ClickFix
2026-09-23 15:24:14,1929915,beauty-dastaa.com,payload_delivery,IClickFix,ClickFix
2026-09-23 15:24:14,1929916,bebetelavida.es,payload_delivery,IClickFix,ClickFix
2026-09-23 15:24:14,1929918,beeli.fr,payload_delivery,IClickFix,ClickFix
2026-09-23 15:24:14,1929921,benoitblein.net,payload_delivery,IClickFix,ClickFix
2026-09-23 15:24:14,1929925,betting-horseracing.com,payload_delivery,IClickFix,ClickFix
2026-09-23 15:24:13,1929905,avocetsafaris.com,payload_delivery,IClickFix,ClickFix
2026-09-23 15:24:13,1929908,baccaratuniversity.com,payload_delivery,IClickFix,ClickFix
2026-09-23 15:24:12,1929899,aussievisas.net,payload_delivery,IClickFix,ClickFix
2026-09-23 15:24:12,1929900,autosy.se,payload_delivery,IClickFix,ClickFix
2026-09-23 15:24:10,1929877,americell.com,payload_delivery,IClickFix,ClickFix
2026-09-23 15:24:09,1929870,alssada.org,payload_delivery,IClickFix,ClickFix
2026-09-23 15:24:07,1929850,adventuretravel.store,payload_delivery,IClickFix,ClickFix
2026-09-23 15:24:06,1929840,aaplaawajnews.com,payload_delivery,IClickFix,ClickFix
2026-09-23 15:08:04,1929816,birtutkum.com,payload_delivery,ClearFake,"compromised,EtherHide"
2026-09-23 15:04:35,1929810,forsanshrqia.com,payload_delivery,Unknown Loader,"etherhiding,victim"
2026-09-23 15:01:45,1929783,elitetransmissions.co.uk,payload_delivery,Unknown Loader,"etherhiding,victim"
2026-09-23 15:01:01,1929780,isabelcocinaaldisco.com,payload_delivery,Unknown Loader,"etherhiding,victim"
2026-09-23 15:01:00,1929776,impala-sa.com,payload_delivery,Unknown Loader,"etherhiding,victim"
2026-09-23 15:01:00,1929777,innovysolutions.com,payload_delivery,Unknown Loader,"etherhiding,victim"
2026-09-23 15:01:00,1929778,invira.click,payload_delivery,Unknown Loader,"etherhiding,victim"
2026-09-23 15:00:59,1929771,harmonyinart.com,payload_delivery,Unknown Loader,"etherhiding,victim"
2026-09-23 15:00:59,1929772,henricasrestaurants.com,payload_delivery,Unknown Loader,"etherhiding,victim"
2026-09-23 15:00:59,1929773,holistic-humans.com,payload_delivery,Unknown Loader,"etherhiding,victim"
2026-09-23 15:00:59,1929774,hudsonliving.org,payload_delivery,Unknown Loader,"etherhiding,victim"
2026-09-23 15:00:59,1929775,idflmobile.com,payload_delivery,Unknown Loader,"etherhiding,victim"
2026-09-23 15:00:58,1929769,guonggiaco.com,payload_delivery,Unknown Loader,"etherhiding,victim"
2026-09-23 15:00:58,1929770,haltonsummercamps.com,payload_delivery,Unknown Loader,"etherhiding,victim"
2026-09-23 15:00:57,1929767,gotwin.fr,payload_delivery,Unknown Loader,"etherhiding,victim"
2026-09-23 15:00:57,1929768,grandview-gardens.com,payload_delivery,Unknown Loader,"etherhiding,victim"
2026-09-23 15:00:56,1929763,gaspacksmoke.com,payload_delivery,Unknown Loader,"etherhiding,victim"
2026-09-23 15:00:56,1929766,goldenvac.com.mx,payload_delivery,Unknown Loader,"etherhiding,victim"
2026-09-23 15:00:55,1929762,frasemusic.ca,payload_delivery,Unknown Loader,"etherhiding,victim"
2026-09-23 15:00:54,1929759,fiabiblecollege.org,payload_delivery,Unknown Loader,"etherhiding,victim"
2026-09-23 15:00:54,1929760,flowinds.com,payload_delivery,Unknown Loader,"etherhiding,victim"
2026-09-23 15:00:53,1929756,evolveperformance.fit,payload_delivery,Unknown Loader,"etherhiding,victim"
2026-09-23 15:00:53,1929758,feedcaicara.com.br,payload_delivery,Unknown Loader,"etherhiding,victim"
2026-09-23 15:00:52,1929753,elitebeatevents.com,payload_delivery,Unknown Loader,"etherhiding,victim"
2026-09-23 15:00:52,1929754,embopatchbadge.com,payload_delivery,Unknown Loader,"etherhiding,victim"
2026-09-23 15:00:41,1929726,cms-lmcv13.zaptest.nl,payload_delivery,Unknown Loader,"etherhiding,victim"
2026-09-23 14:57:56,1929685,chicagowushu.com,payload_delivery,IClickFix,ClickFix
2026-09-23 14:57:55,1929682,casinola.net,payload_delivery,IClickFix,ClickFix
2026-09-23 13:20:38,1929647,betvictorth.info,payload_delivery,ClearFake,"compromised,EtherHide"
2026-09-23 09:45:10,1929590,velvet-otter-glagceis.life,payload_delivery,IClickFix,"ClickFix,Mac,MacFinger"
2026-09-23 09:44:01,1929587,hollow-forge-rook-guiyn.life,payload_delivery,IClickFix,"ClickFix,Mac,MacFinger"
2026-09-23 08:28:16,1929515,nomadtrick.com,payload_delivery,Unknown Loader,etherhiding
2026-09-23 08:28:16,1929516,novapost.com.br,payload_delivery,Unknown Loader,etherhiding
2026-09-23 08:28:16,1929517,obenginetech.com,payload_delivery,Unknown Loader,etherhiding
2026-09-23 08:28:16,1929518,otcrypto.com,payload_delivery,Unknown Loader,etherhiding
2026-09-23 08:28:16,1929519,pwa.com.au,payload_delivery,Unknown Loader,etherhiding
2026-09-23 08:28:16,1929520,quickcamps.com.au,payload_delivery,Unknown Loader,etherhiding
2026-09-23 08:28:16,1929521,rightbrainiq.com,payload_delivery,Unknown Loader,etherhiding
2026-09-23 08:28:16,1929522,saroutbladi.com,payload_delivery,Unknown Loader,etherhiding
2026-09-23 08:28:16,1929523,shogi-pineapple.com,payload_delivery,Unknown Loader,etherhiding
2026-09-23 08:28:16,1929524,stagiimedicale.econyouth.ro,payload_delivery,Unknown Loader,etherhiding
2026-09-23 08:28:16,1929525,swiftwalve.com,payload_delivery,Unknown Loader,etherhiding
2026-09-23 08:28:16,1929526,teamdkskarate.com,payload_delivery,Unknown Loader,etherhiding
2026-09-23 08:28:16,1929527,themespartner.com,payload_delivery,Unknown Loader,etherhiding
2026-09-23 08:28:16,1929528,villamaribor.com,payload_delivery,Unknown Loader,etherhiding
2026-09-23 08:28:16,1929529,vincenzomigliaccio.com,payload_delivery,Unknown Loader,etherhiding
2026-09-23 08:28:16,1929530,weadvocacy.fr,payload_delivery,Unknown Loader,etherhiding
2026-09-23 08:28:16,1929531,wordfluxa.com,payload_delivery,Unknown Loader,etherhiding
2026-09-23 08:28:16,1929532,yassinemoujan.com,payload_delivery,Unknown Loader,etherhiding
2026-09-23 08:28:16,1929533,zikrulbestari.co.id,payload_delivery,Unknown Loader,etherhiding
2026-09-23 08:28:15,1929508,kmmlf.com,payload_delivery,Unknown Loader,etherhiding
2026-09-23 08:28:15,1929509,lap-box.com,payload_delivery,Unknown Loader,etherhiding
2026-09-23 08:28:15,1929510,lb-arc.co.il,payload_delivery,Unknown Loader,etherhiding
2026-09-23 08:28:15,1929511,manojtextilemathura.com,payload_delivery,Unknown Loader,etherhiding
2026-09-23 08:28:15,1929512,marissalloyd.com,payload_delivery,Unknown Loader,etherhiding
2026-09-23 08:28:15,1929513,maurobrunettimusica.com,payload_delivery,Unknown Loader,etherhiding
2026-09-23 08:28:15,1929514,moderncraz.com,payload_delivery,Unknown Loader,etherhiding
2026-09-23 07:32:01,1928931,masnet.org,payload_delivery,IClickFix,ClickFix
2026-09-23 04:06:53,1928372,barbarblacksheepslots.com,payload_delivery,ClearFake,"compromised,EtherHide"
2026-09-23 04:06:52,1928371,aymsaludinfantil.com,payload_delivery,ClearFake,"compromised,EtherHide"
2026-09-23 04:06:50,1928366,barrosmarizereboucas.com.br,payload_delivery,ClearFake,"compromised,EtherHide"
2026-09-23 04:06:49,1928363,baikurus.com,payload_delivery,ClearFake,"compromised,EtherHide"
2026-09-23 03:44:15,1928353,www.attars.ca,payload_delivery,ClearFake,"compromised,EtherHide"
2026-09-23 02:27:01,1928245,atvnaweb.com.br,payload_delivery,ClearFake,"compromised,EtherHide"
2026-09-23 02:26:58,1928238,ascenderadventures.com,payload_delivery,ClearFake,"compromised,EtherHide"
2026-09-23 02:16:49,1928232,atas88.ai,payload_delivery,ClearFake,"compromised,EtherHide"
2026-09-23 01:51:33,1928219,arra-btp.com,payload_delivery,ClearFake,"compromised,EtherHide"
2026-09-23 00:23:19,1928128,angelaniagrimensura.com.ar,payload_delivery,ClearFake,"compromised,EtherHide"
2026-09-22 23:00:05,1928083,teachark.com,payload_delivery,ClearFake,ClearFake
2026-09-22 22:55:07,1928081,www.allyouwant-webshop.nl,payload_delivery,ClearFake,"compromised,EtherHide"
2026-09-22 22:40:04,1928075,ailab42.com,payload_delivery,ClearFake,"compromised,EtherHide"
2026-09-22 22:18:59,1928057,aliciavzdesign.com,payload_delivery,ClearFake,"compromised,EtherHide"
2026-09-22 22:18:58,1928053,www.alessandrocugola.com,payload_delivery,ClearFake,"compromised,EtherHide"
2026-09-22 22:18:58,1928055,alkarimvoyagetravel.com,payload_delivery,ClearFake,"compromised,EtherHide"
2026-09-22 21:48:41,1928032,alberguevillanua.es,payload_delivery,ClearFake,"compromised,EtherHide"
2026-09-22 21:47:07,1928029,barthvertex.com,botnet_cc,Cobalt Strike,"CobaltStrike,drb-ra"
2026-09-22 21:00:11,1928002,risk.com.sg,payload_delivery,ClearFake,ClearFake
2026-09-22 20:55:43,1928001,agence-teambuilding-rennes.fr,payload_delivery,ClearFake,"compromised,EtherHide"
2026-09-22 20:00:23,1927939,acerosmarsal.com.mx,payload_delivery,ClearFake,"compromised,EtherHide"
2026-09-22 20:00:23,1927940,adriaknjigovodstvo.hr,payload_delivery,ClearFake,"compromised,EtherHide"
2026-09-22 20:00:22,1927936,acomacrio.com.br,payload_delivery,ClearFake,"compromised,EtherHide"
2026-09-22 20:00:22,1927938,affiliate.bwa.id,payload_delivery,ClearFake,"compromised,EtherHide"
2026-09-22 19:44:49,1927925,adeotukomayafoundation.org,payload_delivery,ClearFake,"compromised,EtherHide"
2026-09-22 19:44:48,1927923,adaptivetransport.net,payload_delivery,ClearFake,"compromised,EtherHide"
2026-09-22 19:14:42,1927878,99yak-z.com,payload_delivery,ClearFake,"compromised,EtherHide"
2026-09-22 19:04:41,1927870,16mconseil.fr,payload_delivery,ClearFake,"compromised,EtherHide"
2026-09-22 18:59:00,1927861,crms.pro,payload_delivery,ClearFake,ClearFake
2026-09-22 18:54:37,1927859,1stchoicecleaning.co.nz,payload_delivery,ClearFake,"compromised,EtherHide"
2026-09-22 18:42:57,1927770,vancouvertopautosales.com,payload_delivery,IClickFix,"ClickFix,etherhiding,Polygon"
2026-09-22 18:42:57,1927771,veloperformance.cc,payload_delivery,IClickFix,"ClickFix,etherhiding,Polygon"
2026-09-22 18:42:57,1927772,whitesborodental.com,payload_delivery,IClickFix,"ClickFix,etherhiding,Polygon"
2026-09-22 18:42:57,1927773,yourmarshal.com,payload_delivery,IClickFix,"ClickFix,etherhiding,Polygon"
2026-09-22 18:42:56,1927762,smwsignprint.co.uk,payload_delivery,IClickFix,"ClickFix,etherhiding,Polygon"
2026-09-22 18:42:56,1927764,suveworks.com,payload_delivery,IClickFix,"ClickFix,etherhiding,Polygon"
2026-09-22 18:42:56,1927765,teemushell.com,payload_delivery,IClickFix,"ClickFix,etherhiding,Polygon"
2026-09-22 18:42:56,1927766,tehrandigit.com,payload_delivery,IClickFix,"ClickFix,etherhiding,Polygon"
2026-09-22 18:42:56,1927767,top-beds.net,payload_delivery,IClickFix,"ClickFix,etherhiding,Polygon"
2026-09-22 18:42:56,1927768,united-iraq.com,payload_delivery,IClickFix,"ClickFix,etherhiding,Polygon"
2026-09-22 18:42:56,1927769,utsarabia.com,payload_delivery,IClickFix,"ClickFix,etherhiding,Polygon"
2026-09-22 18:42:55,1927754,photographe.bzh,payload_delivery,IClickFix,"ClickFix,etherhiding,Polygon"
2026-09-22 18:42:55,1927756,riangraphy.com,payload_delivery,IClickFix,"ClickFix,etherhiding,Polygon"
2026-09-22 18:42:55,1927757,rkdesign.shop,payload_delivery,IClickFix,"ClickFix,etherhiding,Polygon"
2026-09-22 18:42:55,1927760,sebastianhamboeck.at,payload_delivery,IClickFix,"ClickFix,etherhiding,Polygon"
2026-09-22 18:42:54,1927745,madsocksau.com,payload_delivery,IClickFix,"ClickFix,etherhiding,Polygon"
2026-09-22 18:42:54,1927746,mckay.co.ke,payload_delivery,IClickFix,"ClickFix,etherhiding,Polygon"
2026-09-22 18:42:54,1927747,medicalcardio.es,payload_delivery,IClickFix,"ClickFix,etherhiding,Polygon"
2026-09-22 18:42:54,1927748,meerk.com.br,payload_delivery,IClickFix,"ClickFix,etherhiding,Polygon"
2026-09-22 18:42:54,1927749,mobilefarhang.ir,payload_delivery,IClickFix,"ClickFix,etherhiding,Polygon"
2026-09-22 18:42:54,1927750,neethidevadhai.com,payload_delivery,IClickFix,"ClickFix,etherhiding,Polygon"
2026-09-22 18:42:54,1927751,obaidfashion.com,payload_delivery,IClickFix,"ClickFix,etherhiding,Polygon"
2026-09-22 18:42:54,1927752,onlinecasinovista.com,payload_delivery,IClickFix,"ClickFix,etherhiding,Polygon"
2026-09-22 18:42:54,1927753,onlinesocialmarketing.nl,payload_delivery,IClickFix,"ClickFix,etherhiding,Polygon"
2026-09-22 18:42:53,1927739,lab2lead.fr,payload_delivery,IClickFix,"ClickFix,etherhiding,Polygon"
2026-09-22 18:42:53,1927741,lefroidnordique.fr,payload_delivery,IClickFix,"ClickFix,etherhiding,Polygon"
2026-09-22 18:42:53,1927742,lexcac.com,payload_delivery,IClickFix,"ClickFix,etherhiding,Polygon"
2026-09-22 18:42:53,1927743,liceocristiano.edu.ec,payload_delivery,IClickFix,"ClickFix,etherhiding,Polygon"
2026-09-22 16:35:44,1927573,oleadelyssa.fr,payload_delivery,IClickFix,"ClickFix,Mac"
2026-09-22 16:35:44,1927578,smkktb-timika.sch.id,payload_delivery,IClickFix,"ClickFix,Mac"
2026-09-22 16:35:44,1927585,venturi-aero.fr,payload_delivery,IClickFix,"ClickFix,Mac"
2026-09-22 16:35:43,1927557,armoniaebenesserediester.it,payload_delivery,IClickFix,"ClickFix,Mac"
2026-09-22 16:35:43,1927559,bostansafi.com,payload_delivery,IClickFix,"ClickFix,Mac"
2026-09-22 16:35:43,1927560,browningconsultingtexas.com,payload_delivery,IClickFix,"ClickFix,Mac"
2026-09-22 16:35:43,1927562,cenepol.com,payload_delivery,IClickFix,"ClickFix,Mac"
2026-09-22 16:35:43,1927563,clinicaincluir.com.br,payload_delivery,IClickFix,"ClickFix,Mac"
2026-09-22 16:35:43,1927564,colourstravel.co.uk,payload_delivery,IClickFix,"ClickFix,Mac"
2026-09-22 16:35:43,1927565,contentcareer.com,payload_delivery,IClickFix,"ClickFix,Mac"
2026-09-22 16:35:43,1927566,deiyeuwma-group.com,payload_delivery,IClickFix,"ClickFix,Mac"
2026-09-22 16:35:43,1927567,driftwoodresortmn.com,payload_delivery,IClickFix,"ClickFix,Mac"
2026-09-22 16:35:43,1927568,ecovacshome.com,payload_delivery,IClickFix,"ClickFix,Mac"
2026-09-22 16:28:06,1927536,cirkoborpi.life,payload_delivery,IClickFix,"ClickFix,Mac"
2026-09-22 16:28:06,1927537,fern-crane-ziankroaum.life,payload_delivery,IClickFix,"ClickFix,Mac,MacFinger"
2026-09-22 16:21:30,1927530,www.lautoscatto.com,payload_delivery,Unknown Loader,"etherhiding,victim"
2026-09-22 16:09:41,1927506,blackjackburgers.com.au,payload_delivery,ClearFake,"22September2026,ClearFake,Commandline,MacOS"
2026-09-22 13:48:48,1927377,betyek.bet,payload_delivery,ClearFake,ClearFake
2026-09-22 13:47:44,1927371,meritphilips.fans,botnet_cc,Cobalt Strike,"CobaltStrike,drb-ra"
2026-09-22 13:39:54,1927369,bet303.bio,payload_delivery,ClearFake,ClearFake
2026-09-21 21:49:17,1926876,remnantbooks.org,payload_delivery,vSkimmer,"skimming,victim"
2026-09-21 21:49:16,1926868,mcdowellsemporium.com,payload_delivery,vSkimmer,"skimming,victim"
2026-09-21 16:08:42,1926627,luxurybagsbd.com,payload_delivery,ClearFake,"compromised,EtherHide"
2026-09-21 15:54:30,1926603,thematchtheory.com,payload_delivery,IClickFix,"ClickFix,Mac"
2026-09-21 15:54:29,1926590,norcom.com.ar,payload_delivery,IClickFix,"ClickFix,Mac"
2026-09-21 15:54:28,1926577,exprorich.com,payload_delivery,IClickFix,"ClickFix,Mac"
2026-09-21 15:54:28,1926578,fayyazfayzi.com,payload_delivery,IClickFix,"ClickFix,Mac"
2026-09-21 15:54:28,1926580,happyweddings.in,payload_delivery,IClickFix,"ClickFix,Mac"
2026-09-21 15:54:28,1926583,instavirus.shop,payload_delivery,IClickFix,"ClickFix,Mac"
2026-09-21 15:54:27,1926569,canyongreens.in,payload_delivery,IClickFix,"ClickFix,Mac"
2026-09-21 15:54:27,1926570,citybnb.ca,payload_delivery,IClickFix,"ClickFix,Mac"
2026-09-21 15:54:27,1926572,dewaaromfabriek.nl,payload_delivery,IClickFix,"ClickFix,Mac"
2026-09-21 15:54:27,1926573,dreamzfashion.co.in,payload_delivery,IClickFix,"ClickFix,Mac"
2026-09-21 15:54:27,1926574,emorocho.com,payload_delivery,IClickFix,"ClickFix,Mac"
2026-09-21 15:54:27,1926575,endowafrica.net,payload_delivery,IClickFix,"ClickFix,Mac"
2026-09-21 15:54:27,1926576,etigroup.in,payload_delivery,IClickFix,"ClickFix,Mac"
2026-09-21 15:54:26,1926564,bbeln.com,payload_delivery,IClickFix,"ClickFix,Mac"
2026-09-21 15:54:26,1926566,biuronatalia.pl,payload_delivery,IClickFix,"ClickFix,Mac"
2026-09-21 15:54:26,1926567,bts-limited.com,payload_delivery,IClickFix,"ClickFix,Mac"
2026-09-21 15:07:47,1926511,mail.techstac.cc,botnet_cc,AnimateClipper,"AnimateClipper,ClearFake,ClickFix"
2026-09-21 15:07:46,1926510,res.gridstack.cc,botnet_cc,AnimateClipper,"AnimateClipper,ClearFake,ClickFix"
2026-09-21 12:05:59,1926464,850cm.net,payload_delivery,ClearFake,"compromised,EtherHide"
2026-09-21 03:30:27,1926271,entry-code-cdn.codes,payload_delivery,ClearFake,"ClearFake,ClickFix,ErrTraffic,EtherHiding"
2026-09-21 00:00:14,1926146,obranuevaenvigo.com,payload_delivery,ClearFake,"compromised,EtherHide"
2026-09-21 00:00:14,1926147,takeactioncanada.ca,payload_delivery,ClearFake,"compromised,EtherHide"
2026-09-21 00:00:13,1926144,snalspisa.com,payload_delivery,ClearFake,"compromised,EtherHide"
2026-09-21 00:00:13,1926145,keirachenergy.com,payload_delivery,ClearFake,"compromised,EtherHide"
2026-09-20 22:59:10,1926131,bigrockbronze.com,payload_delivery,ClearFake,"compromised,EtherHide"
2026-09-20 22:19:11,1926127,skaedbraearaquiet.life,payload_delivery,IClickFix,"Amos,ClickFix,Mac"
2026-09-20 21:50:41,1926062,yhc-aromarte.com,payload_delivery,Unknown Loader,etherhiding
2026-09-20 21:50:40,1926052,lafinajoyeria.com,payload_delivery,Unknown Loader,etherhiding
2026-09-20 21:50:40,1926054,medstom.pl,payload_delivery,Unknown Loader,etherhiding
2026-09-20 21:50:40,1926056,rwenzoriluxurysuites.com,payload_delivery,Unknown Loader,etherhiding
2026-09-20 14:06:03,1924912,cabskaiyn-crane.life,payload_delivery,IClickFix,ClickFix
2026-09-20 13:47:35,1924902,complianceportals.com,botnet_cc,Cobalt Strike,"CobaltStrike,drb-ra"
2026-09-20 12:02:36,1924867,websitesuccessguy.com,payload_delivery,ClearFake,"compromised,EtherHide"
2026-09-20 11:22:29,1924866,res.cloudleb.cc,botnet_cc,AnimateClipper,"AnimateClipper,ClearFake,ClickFix"
2026-09-20 01:55:57,1924734,tsgrecordsco.com,payload_delivery,ClearFake,"compromised,EtherHide"
2026-09-19 15:46:33,1924561,www.framework-css-styles-js.beer,payload_delivery,IClickFix,"ClickFix,EtherHide,LenAI"
2026-09-19 15:46:24,1924583,umwmuseumancmedcultures.org,payload_delivery,IClickFix,"ClickFix,EtherHide,LenAI"
2026-09-19 13:53:48,1924508,changingthesalesgame.com,payload_delivery,ClearFake,"compromised,EtherHide"
2026-09-19 13:47:56,1924503,api.microsoftstorapi.com,botnet_cc,Cobalt Strike,"CobaltStrike,drb-ra"
2026-09-19 09:06:06,1924393,kiln-skioi-c29up.com,payload_delivery,IClickFix,"ClickFix,Mac"
2026-09-19 04:29:07,1924338,wmicconfidance.info,payload_delivery,ClearFake,"ClearFake,ClickFix,ErrTraffic,EtherHiding"
2026-09-18 21:00:12,1924233,plantup.ie,payload_delivery,ClearFake,"compromised,EtherHide"
2026-09-18 21:00:12,1924234,ayyappantemplekknagar.org,payload_delivery,ClearFake,"compromised,EtherHide"
2026-09-18 20:43:17,1924231,coral-weave-wren-veis.com,payload_delivery,IClickFix,"ClickFix,Mac"
2026-09-18 20:10:08,1924224,www.larabobbio.it,payload_delivery,ClearFake,"compromised,EtherHide"
2026-09-18 13:32:10,1923958,synton.ch,payload_delivery,ClearFake,"compromised,EtherHide"
2026-09-18 04:33:56,1923803,omrents.com,payload_delivery,ClearFake,"compromised,EtherHide"
2026-09-18 03:53:45,1923792,newskapital.com,payload_delivery,ClearFake,"compromised,EtherHide"
2026-09-17 11:19:50,1923107,13win5y.com,payload_delivery,IClickFix,"ClickFix,etherhiding,Polygon"
2026-09-17 09:41:30,1922836,www.sudeepdalela.com,payload_delivery,Unknown Loader,"basenet,etherhiding"
2026-09-17 09:41:28,1922814,trip2balkan.com,payload_delivery,Unknown Loader,"basenet,etherhiding"
2026-09-17 09:41:27,1922805,politicalgastronomica.com,payload_delivery,Unknown Loader,"basenet,etherhiding"
2026-09-17 09:22:35,1922643,zentzbyzee.com.au,payload_delivery,IClickFix,"ClickFix,Mac"
2026-09-17 09:22:35,1922644,zimmerei-ruhland.de,payload_delivery,IClickFix,"ClickFix,Mac"
2026-09-17 09:22:34,1922636,shop.tarela.lt,payload_delivery,IClickFix,"ClickFix,Mac"
2026-09-17 09:22:33,1922628,demyras.nexastrive.uk,payload_delivery,IClickFix,"ClickFix,Mac"
2026-09-17 09:22:33,1922630,goldenprowrestling.com,payload_delivery,IClickFix,"ClickFix,Mac"
2026-09-17 09:22:33,1922631,hojemaringa.com.br,payload_delivery,IClickFix,"ClickFix,Mac"
2026-09-17 09:22:33,1922634,rapjuve.com,payload_delivery,IClickFix,"ClickFix,Mac"
2026-09-17 09:22:32,1922625,citizenhomecares.com,payload_delivery,IClickFix,"ClickFix,Mac"
2026-09-17 09:12:31,1922619,delta-grafica.com,payload_delivery,ClearFake,"compromised,EtherHide"
2026-09-17 09:02:29,1922611,multiculturalpartners.com,payload_delivery,ClearFake,"compromised,EtherHide"
2026-09-17 09:02:28,1922610,dataplaysolutions.com,payload_delivery,ClearFake,"compromised,EtherHide"
2026-09-17 08:00:52,1922582,strongerpi921.life,payload_delivery,IClickFix,"actor-infra,ClickFix,Mac,MacFinger"
2026-09-17 08:00:51,1922580,quiet-ridge-slaikdoaen.com,payload_delivery,IClickFix,"actor-infra,ClickFix,Mac,MacFinger"
2026-09-17 08:00:50,1922577,fern-trace-anvil-meoix.live,payload_delivery,IClickFix,"actor-infra,ClickFix,Mac,MacFinger"
2026-09-17 03:47:45,1921455,candxai.com,botnet_cc,Cobalt Strike,"CobaltStrike,drb-ra"
2026-09-16 22:57:27,1921383,oakandstoneproperty.com,payload_delivery,ClearFake,"compromised,EtherHide"
2026-09-16 21:01:35,1921338,andrewsenterprises.org,payload_delivery,ClearFake,"compromised,EtherHide"
2026-09-16 11:16:53,1921088,updates.rootwave.cc,botnet_cc,AnimateClipper,"AnimateClipper,ClearFake,ClickFix"
2026-09-16 11:16:52,1921087,stream.echovale.cc,botnet_cc,AnimateClipper,"AnimateClipper,ClearFake,ClickFix"
2026-09-16 09:56:42,1921033,trueform.cn,payload_delivery,IClickFix,"ClickFix,Mac"
2026-09-16 09:56:41,1921021,muninn.nl,payload_delivery,IClickFix,"ClickFix,Mac"
2026-09-16 09:56:41,1921025,prontohandymanllc.com,payload_delivery,IClickFix,"ClickFix,Mac"
2026-09-16 09:56:41,1921026,skill-cert.com,payload_delivery,IClickFix,"ClickFix,Mac"
2026-09-16 09:56:41,1921027,spairobeauty.com,payload_delivery,IClickFix,"ClickFix,Mac"
2026-09-16 09:56:40,1921010,hoshizouen.co.jp,payload_delivery,IClickFix,"ClickFix,Mac"
2026-09-16 09:56:40,1921011,innoventservices.com,payload_delivery,IClickFix,"ClickFix,Mac"
2026-09-16 09:56:40,1921012,iocky.com,payload_delivery,IClickFix,"ClickFix,Mac"
2026-09-16 09:56:40,1921014,latacoyota.com,payload_delivery,IClickFix,"ClickFix,Mac"
2026-09-16 09:56:40,1921017,makerman.in,payload_delivery,IClickFix,"ClickFix,Mac"
2026-09-16 09:56:40,1921019,mrpiccam.com,payload_delivery,IClickFix,"ClickFix,Mac"
2026-09-16 09:56:39,1921000,bunnybathco.com,payload_delivery,IClickFix,"ClickFix,Mac"
2026-09-16 09:56:39,1921003,davariyabrothers.com,payload_delivery,IClickFix,"ClickFix,Mac"
2026-09-16 09:56:39,1921005,evisa-e-govkg.com,payload_delivery,IClickFix,"ClickFix,Mac"
2026-09-16 09:56:39,1921006,flyersholding.com,payload_delivery,IClickFix,"ClickFix,Mac"
2026-09-16 09:56:39,1921008,geneparks.com,payload_delivery,IClickFix,"ClickFix,Mac"
2026-09-16 09:56:39,1921009,greendrive.bg,payload_delivery,IClickFix,"ClickFix,Mac"
2026-09-16 09:55:55,1920988,speedpi12321.xyz,payload_delivery,IClickFix,"attacker-infra,ClickFix,Mac,MacFinger"
2026-09-16 06:24:35,1920900,tftp2.sh,botnet_cc,Mirai,None
2026-09-15 22:03:29,1920672,tradeshowguy.net,payload_delivery,ClearFake,"compromised,EtherHide"
2026-09-15 20:39:53,1920655,xn--q3cxt4bxc8b.com,payload_delivery,IClickFix,"ClickFix,Mac"
2026-09-15 20:39:52,1920634,softgenics.net,payload_delivery,IClickFix,"ClickFix,Mac"
2026-09-15 20:39:51,1920616,ledys-architecte.com,payload_delivery,IClickFix,"ClickFix,Mac"
2026-09-15 20:39:51,1920620,mesacontractingpa.com,payload_delivery,IClickFix,"ClickFix,Mac"
2026-09-15 20:39:50,1920601,designbrains.be,payload_delivery,IClickFix,"ClickFix,Mac"
2026-09-15 20:39:50,1920604,enviroforest.com,payload_delivery,IClickFix,"ClickFix,Mac"
2026-09-15 20:39:50,1920605,estacaoideia.com.br,payload_delivery,IClickFix,"ClickFix,Mac"
2026-09-15 20:39:50,1920607,francismclaren.co.uk,payload_delivery,IClickFix,"ClickFix,Mac"
2026-09-15 20:39:50,1920608,fresh-rx.com,payload_delivery,IClickFix,"ClickFix,Mac"
2026-09-15 20:39:50,1920611,homebleachers.com,payload_delivery,IClickFix,"ClickFix,Mac"
2026-09-15 20:39:49,1920590,bdgplaying.com,payload_delivery,IClickFix,"ClickFix,Mac"
2026-09-15 20:39:49,1920591,bettina-pittaluga.com,payload_delivery,IClickFix,"ClickFix,Mac"
2026-09-15 20:39:49,1920593,bragpc.com,payload_delivery,IClickFix,"ClickFix,Mac"
2026-09-15 20:39:49,1920594,btdesigns.nl,payload_delivery,IClickFix,"ClickFix,Mac"
2026-09-15 20:39:49,1920596,cartagena.consulado.gob.ve,payload_delivery,IClickFix,"ClickFix,Mac"
2026-09-15 20:39:49,1920598,clarity-photobooth.com,payload_delivery,IClickFix,"ClickFix,Mac"
2026-09-15 20:39:49,1920599,concept2project.com,payload_delivery,IClickFix,"ClickFix,Mac"
2026-09-15 20:39:14,1920575,buysypi831.life,payload_delivery,IClickFix,"ClickFix,Mac"
2026-09-14 23:09:14,1918290,www.videografiko.com,payload_delivery,IClickFix,ClickFix
2026-09-14 23:09:13,1918279,www.rhiannonsarahphotography.com,payload_delivery,IClickFix,ClickFix
2026-09-14 23:09:13,1918281,www.shadeeselim.com,payload_delivery,IClickFix,ClickFix
2026-09-14 23:09:13,1918283,www.strappete.it,payload_delivery,IClickFix,ClickFix
2026-09-14 23:09:13,1918287,www.taherbombiaconsulting.it,payload_delivery,IClickFix,ClickFix
2026-09-14 23:09:10,1918261,spectrespast.com,payload_delivery,IClickFix,ClickFix
2026-09-14 22:59:10,1918227,www.sapir-eng.com,payload_delivery,ClearFake,"compromised,EtherHide"
2026-09-14 22:59:10,1918228,www.nextre.it,payload_delivery,ClearFake,"compromised,EtherHide"
2026-09-14 22:29:08,1918222,www.avoiceyoucantrust.org,payload_delivery,ClearFake,"compromised,EtherHide"
2026-09-14 22:29:07,1918221,www.muisneste.co.za,payload_delivery,ClearFake,"compromised,EtherHide"
2026-09-14 22:08:59,1918194,whataresteroids.com,payload_delivery,ClearFake,"compromised,EtherHide"
2026-09-14 22:08:58,1918191,www.metrotechnologiespr.com,payload_delivery,ClearFake,"compromised,EtherHide"
2026-09-14 21:28:52,1918166,oxymetholon.com,payload_delivery,ClearFake,"compromised,EtherHide"
2026-09-14 21:28:51,1918163,toremfine.com,payload_delivery,ClearFake,"compromised,EtherHide"
2026-09-14 21:18:47,1918143,sm-dr.art,payload_delivery,ClearFake,"compromised,EtherHide"
2026-09-14 21:08:45,1918139,publishingsolutionsgroup.com,payload_delivery,ClearFake,"compromised,EtherHide"
2026-09-14 20:58:39,1918114,orionrush.com,payload_delivery,ClearFake,"compromised,EtherHide"
2026-09-14 20:31:15,1918105,nadine-bernspitz-fotografie.de,payload_delivery,ClearFake,"compromised,EtherHide"
2026-09-14 20:31:14,1918103,lottehawley.com,payload_delivery,ClearFake,"compromised,EtherHide"
2026-09-14 19:39:18,1918003,aaomm.org.ar,payload_delivery,ClearFake,"compromised,EtherHide"
2026-09-14 17:58:09,1917928,financesnewsonline.com,payload_delivery,ClearFake,"compromised,EtherHide"
2026-09-14 16:55:13,1917903,kachadigital.com,payload_delivery,IClickFix,"ClickFix,Mac"
2026-09-14 16:55:09,1917902,freehence.com,payload_delivery,IClickFix,"ClickFix,Mac"
2026-09-14 16:53:24,1917889,moss-froggaee.space,payload_delivery,IClickFix,"ClickFix,inject-domain,Mac,MacFinger"
2026-09-14 16:53:24,1917890,norkapi41.icu,payload_delivery,IClickFix,"ClickFix,inject-domain,Mac,MacFinger"
2026-09-14 16:53:24,1917891,norrykilu231.digital,payload_delivery,IClickFix,"ClickFix,inject-domain,Mac,MacFinger"
2026-09-14 16:53:24,1917893,rokkyho32.life,payload_delivery,IClickFix,"ClickFix,inject-domain,Mac,MacFinger"
2026-09-14 16:53:24,1917894,trokuni412.icu,payload_delivery,IClickFix,"ClickFix,inject-domain,Mac,MacFinger"
2026-09-14 16:53:24,1917895,usual-pixx12.digital,payload_delivery,IClickFix,"ClickFix,inject-domain,Mac,MacFinger"
2026-09-14 16:53:23,1917881,carwowk872.life,payload_delivery,IClickFix,"ClickFix,inject-domain,Mac,MacFinger"
2026-09-14 16:53:23,1917882,closegate21.xyz,payload_delivery,IClickFix,"ClickFix,inject-domain,Mac,MacFinger"
2026-09-14 16:53:23,1917883,evrything-pix.icu,payload_delivery,IClickFix,"ClickFix,inject-domain,Mac,MacFinger"
2026-09-14 16:53:23,1917885,girlsonpi823.life,payload_delivery,IClickFix,"ClickFix,inject-domain,Mac,MacFinger"
2026-09-14 16:53:22,1917877,analyze-me3.buzz,payload_delivery,IClickFix,"ClickFix,inject-domain,Mac,MacFinger"
2026-09-14 11:05:55,1917323,aleverifocation.beer,payload_delivery,IClickFix,ClickFix
2026-09-14 06:20:03,1917123,logs.primebyte.cc,botnet_cc,ACR Stealer,ClearFake
2026-09-14 06:18:59,1917122,mail.novaform.cc,botnet_cc,ACR Stealer,ClearFake
2026-09-13 13:00:44,1916611,tulipstone.cc,botnet_cc,ACR Stealer,ACRStealer
2026-09-13 12:10:20,1916596,www.tixi.it,payload_delivery,IClickFix,"ClickFix,Mac"
2026-09-13 12:10:19,1916563,wellbeingaddicts.com,payload_delivery,IClickFix,"ClickFix,Mac"
2026-09-13 12:10:19,1916564,writersghana.com,payload_delivery,IClickFix,"ClickFix,Mac"
2026-09-13 12:10:19,1916575,www.findmyperfecthome.co.uk,payload_delivery,IClickFix,"ClickFix,Mac"
2026-09-13 12:10:19,1916581,www.makmigroup.com,payload_delivery,IClickFix,"ClickFix,Mac"
2026-09-13 12:10:19,1916582,www.marriagebook.org,payload_delivery,IClickFix,"ClickFix,Mac"
2026-09-13 12:10:18,1916544,startrakinvestments.com,payload_delivery,IClickFix,"ClickFix,Mac"
2026-09-13 12:10:18,1916548,tasteoflouisianautah.com,payload_delivery,IClickFix,"ClickFix,Mac"
2026-09-13 12:10:18,1916561,w3foru.net,payload_delivery,IClickFix,"ClickFix,Mac"
2026-09-13 12:10:18,1916562,web.aloha-hk.com,payload_delivery,IClickFix,"ClickFix,Mac"
2026-09-13 12:10:17,1916513,peachylub.com,payload_delivery,IClickFix,"ClickFix,Mac"
2026-09-13 12:10:17,1916516,prema.agr.br,payload_delivery,IClickFix,"ClickFix,Mac"
2026-09-13 12:10:17,1916518,proswpppstg.wpenginepowered.com,payload_delivery,IClickFix,"ClickFix,Mac"
2026-09-13 12:10:17,1916531,sarahbir.com,payload_delivery,IClickFix,"ClickFix,Mac"
2026-09-13 12:10:17,1916533,sbobrand.com,payload_delivery,IClickFix,"ClickFix,Mac"
2026-09-13 12:10:16,1916492,lydigital.com.br,payload_delivery,IClickFix,"ClickFix,Mac"
2026-09-13 12:10:16,1916493,ma-nova.de,payload_delivery,IClickFix,"ClickFix,Mac"
2026-09-13 12:10:16,1916494,martamero.es,payload_delivery,IClickFix,"ClickFix,Mac"
2026-09-13 12:10:16,1916496,medellin.consulado.gob.ve,payload_delivery,IClickFix,"ClickFix,Mac"
2026-09-13 12:10:16,1916497,medisums.com,payload_delivery,IClickFix,"ClickFix,Mac"
2026-09-13 12:10:16,1916499,misshoustonpageant.com,payload_delivery,IClickFix,"ClickFix,Mac"
2026-09-13 12:10:16,1916501,mxgrupoperusac.com,payload_delivery,IClickFix,"ClickFix,Mac"
2026-09-13 12:10:16,1916503,nvhstudios.com,payload_delivery,IClickFix,"ClickFix,Mac"
2026-09-13 12:10:15,1916456,electromovement.gr,payload_delivery,IClickFix,"ClickFix,Mac"
2026-09-13 12:10:15,1916457,elitegrouplosangeles.com,payload_delivery,IClickFix,"ClickFix,Mac"
2026-09-13 12:10:15,1916458,ernaehrung-und-therapie.de,payload_delivery,IClickFix,"ClickFix,Mac"
2026-09-13 12:10:15,1916462,fombord.com,payload_delivery,IClickFix,"ClickFix,Mac"
2026-09-13 12:10:15,1916463,formazione.agriservizi-castellana.it,payload_delivery,IClickFix,"ClickFix,Mac"
2026-09-13 12:10:15,1916464,fosterhealthco.com,payload_delivery,IClickFix,"ClickFix,Mac"
2026-09-13 12:10:15,1916465,freebets.io,payload_delivery,IClickFix,"ClickFix,Mac"
2026-09-13 12:10:15,1916466,funchal.consulado.gob.ve,payload_delivery,IClickFix,"ClickFix,Mac"
2026-09-13 12:10:15,1916467,fusionise.co.uk,payload_delivery,IClickFix,"ClickFix,Mac"
2026-09-13 12:10:15,1916469,geafilms.com,payload_delivery,IClickFix,"ClickFix,Mac"
2026-09-13 12:10:15,1916472,greenpaintingco.com,payload_delivery,IClickFix,"ClickFix,Mac"
2026-09-13 12:10:15,1916474,havistaventures.com,payload_delivery,IClickFix,"ClickFix,Mac"
2026-09-13 12:10:15,1916477,imajenme.com,payload_delivery,IClickFix,"ClickFix,Mac"
2026-09-13 12:10:15,1916478,infinitoproperty.pl,payload_delivery,IClickFix,"ClickFix,Mac"
2026-09-13 12:10:15,1916481,inovaseal.com,payload_delivery,IClickFix,"ClickFix,Mac"
2026-09-13 12:10:15,1916482,intellixuae.com,payload_delivery,IClickFix,"ClickFix,Mac"
2026-09-13 12:10:14,1916433,blog.planneo.pl,payload_delivery,IClickFix,"ClickFix,Mac"
2026-09-13 12:10:14,1916434,blueluna.com.mx,payload_delivery,IClickFix,"ClickFix,Mac"
2026-09-13 12:10:14,1916435,bodypleasurepiercing.com,payload_delivery,IClickFix,"ClickFix,Mac"
2026-09-13 12:10:14,1916436,bookshelfplaza.com,payload_delivery,IClickFix,"ClickFix,Mac"
2026-09-13 12:10:14,1916438,cajianconsulting.com,payload_delivery,IClickFix,"ClickFix,Mac"
2026-09-13 12:10:14,1916439,capecoralburrowingowls.com,payload_delivery,IClickFix,"ClickFix,Mac"
2026-09-13 12:10:14,1916444,colombia.embajada.gob.ve,payload_delivery,IClickFix,"ClickFix,Mac"
2026-09-13 12:10:14,1916448,cuba.embajada.gob.ve,payload_delivery,IClickFix,"ClickFix,Mac"
2026-09-13 12:10:14,1916450,dekroonkinderpsychiatrie.nl,payload_delivery,IClickFix,"ClickFix,Mac"
2026-09-13 12:10:14,1916451,delightdigitalphotography.com,payload_delivery,IClickFix,"ClickFix,Mac"
2026-09-13 12:10:14,1916453,draamandarego.com,payload_delivery,IClickFix,"ClickFix,Mac"
2026-09-13 12:10:14,1916454,drarungarg.com,payload_delivery,IClickFix,"ClickFix,Mac"
2026-09-13 12:09:12,1916414,workworm1412.buzz,payload_delivery,IClickFix,"ClickFix,Mac,MacFinger,payload-infra"
2026-09-13 12:09:11,1916408,longslimpi.life,payload_delivery,IClickFix,"ClickFix,Mac,MacFinger,payload-infra"
2026-09-13 12:09:11,1916412,sable-orbit-wren-fiayn.live,payload_delivery,IClickFix,"ClickFix,Mac,MacFinger,payload-infra"
2026-09-13 12:00:36,1916398,vollderklang.de,payload_delivery,ClearFake,"compromised,EtherHide"
2026-09-13 12:00:35,1916396,pakshoes.pk,payload_delivery,ClearFake,"compromised,EtherHide"
2026-09-13 11:09:13,1916275,hopewoodholistichealth.com,payload_delivery,ClearFake,"compromised,EtherHide"
2026-09-13 11:09:12,1916272,linepro.tv.br,payload_delivery,ClearFake,"compromised,EtherHide"
2026-09-13 11:09:11,1916271,hopehelphappiness.com,payload_delivery,ClearFake,"compromised,EtherHide"
2026-09-13 10:59:08,1916201,longitudeconstruction.com,payload_delivery,ClearFake,"compromised,EtherHide"
2026-09-13 10:08:13,1916190,carmencitaclub.org,payload_delivery,ClearFake,"compromised,EtherHide"
2026-09-13 10:08:13,1916191,dev-coastal-road-repair.pantheonsite.io,payload_delivery,ClearFake,"compromised,EtherHide"
2026-09-12 14:36:08,1915690,deltawood.cc,botnet_cc,ACR Stealer,ACRStealer
2026-09-12 14:30:48,1915689,login.nimbusforge.cc,botnet_cc,ACR Stealer,ACRStealer
2026-09-12 04:09:48,1915535,cdn-rcs-cloud.beer,payload_delivery,ClearFake,"ClearFake,ClickFix,ErrTraffic,EtherHiding"
2026-09-12 03:47:11,1915523,networkness.com,botnet_cc,Cobalt Strike,"CobaltStrike,drb-ra"
2026-09-11 22:12:27,1912941,edge.apricotrun.cc,botnet_cc,ACR Stealer,ClearFake
2026-09-11 22:01:56,1912877,monzato.com,payload_delivery,Unknown Loader,etherhiding
2026-09-11 22:01:54,1912843,ferienwohnung-fuschlsee.com,payload_delivery,Unknown Loader,etherhiding
2026-09-11 19:31:04,1912759,www.pizza-capri.fr,payload_delivery,ClearFake,"compromised,EtherHide"
2026-09-11 18:09:50,1912732,zenpetnutrition.com,payload_delivery,IClickFix,"ClickFix,nochain"
2026-09-11 18:09:49,1912729,www.yappy-pets.com,payload_delivery,IClickFix,"ClickFix,nochain"
2026-09-11 18:09:48,1912708,www.qovalent.com,payload_delivery,IClickFix,"ClickFix,nochain"
2026-09-11 18:09:48,1912715,www.sharkeysfranchisingcompany.com,payload_delivery,IClickFix,"ClickFix,nochain"
2026-09-11 18:09:48,1912719,www.taifled.com,payload_delivery,IClickFix,"ClickFix,nochain"
2026-09-11 18:09:44,1912655,vkotobacco.com,payload_delivery,IClickFix,"ClickFix,nochain"
2026-09-11 18:09:44,1912657,watermelonwarriors.io,payload_delivery,IClickFix,"ClickFix,nochain"
2026-09-11 18:09:44,1912658,wballianceservices.com,payload_delivery,IClickFix,"ClickFix,nochain"
2026-09-11 18:09:43,1912646,travelingjudi.com,payload_delivery,IClickFix,"ClickFix,nochain"
2026-09-11 18:09:43,1912650,turanabol.net,payload_delivery,IClickFix,"ClickFix,nochain"
2026-09-11 18:09:43,1912652,vdhauss.com,payload_delivery,IClickFix,"ClickFix,nochain"
2026-09-11 18:09:07,1912632,sspurie.com.tw,payload_delivery,IClickFix,"ClickFix,nochain"
2026-09-11 18:09:07,1912640,teutonia-nuernberg.de,payload_delivery,IClickFix,"ClickFix,nochain"
2026-09-11 18:09:06,1912626,salbutamol.net,payload_delivery,IClickFix,"ClickFix,nochain"
2026-09-11 18:09:05,1912607,oraltren.com,payload_delivery,IClickFix,"ClickFix,nochain"
2026-09-11 18:09:05,1912610,pendleartstudio.com,payload_delivery,IClickFix,"ClickFix,nochain"
2026-09-11 18:09:04,1912587,medien-marketing-meinsen.de,payload_delivery,IClickFix,"ClickFix,nochain"
2026-09-11 18:09:04,1912592,mimoneuro.org,payload_delivery,IClickFix,"ClickFix,nochain"
2026-09-11 18:09:03,1912581,littlemarcothebook.com,payload_delivery,IClickFix,"ClickFix,nochain"
2026-09-11 18:09:01,1912576,kutiax.net,payload_delivery,IClickFix,"ClickFix,nochain"
2026-09-11 14:13:33,1912290,tmdwo.com,payload_delivery,IClickFix,"ClickFix,etherhiding"
2026-09-11 14:13:32,1912282,motiondesigner.app,payload_delivery,IClickFix,"ClickFix,etherhiding"
2026-09-11 14:13:32,1912284,pelicanretreats.com,payload_delivery,IClickFix,"ClickFix,etherhiding"
2026-09-11 14:13:31,1912280,louiseartistry.co.za,payload_delivery,IClickFix,"ClickFix,etherhiding"
2026-09-11 09:47:44,1912194,1309673150-86ymvxmhrm.ap-shanghai.tencentscf.com,botnet_cc,Cobalt Strike,"CobaltStrike,drb-ra"
2026-09-11 09:41:17,1912167,prudenceflores.com,payload_delivery,ClearFake,"compromised,EtherHide"
2026-09-11 09:36:12,1912166,www.popieriniaipuodeliai.lt,payload_delivery,ClearFake,"compromised,EtherHide"
2026-09-11 08:40:36,1912154,nextecho.org,payload_delivery,ClearFake,"compromised,EtherHide"
2026-09-11 07:53:13,1912145,relmciarnlioix.life,payload_delivery,IClickFix,ClickFix
2026-09-10 23:59:34,1911754,rulinz.com,payload_delivery,Unknown Loader,"etherhiding,Polygon"
2026-09-10 23:59:33,1911753,minathi.co.za,payload_delivery,Unknown Loader,"etherhiding,Polygon"
2026-09-10 23:58:05,1911738,vipersracingsuits.com,payload_delivery,Unknown Loader,"etherhiding,Polygon"
2026-09-10 23:58:05,1911739,vivarh.com.br,payload_delivery,Unknown Loader,"etherhiding,Polygon"
2026-09-10 23:58:05,1911740,wellbeyondcommunity.online,payload_delivery,Unknown Loader,"etherhiding,Polygon"
2026-09-10 23:58:05,1911741,wellnessplan.net,payload_delivery,Unknown Loader,"etherhiding,Polygon"
2026-09-10 23:58:05,1911743,wohnen-immo.de,payload_delivery,Unknown Loader,"etherhiding,Polygon"
2026-09-10 23:58:05,1911744,wrti.ac.ke,payload_delivery,Unknown Loader,"etherhiding,Polygon"
2026-09-10 23:58:05,1911745,wwgolfmobile.com,payload_delivery,Unknown Loader,"etherhiding,Polygon"
2026-09-10 23:58:05,1911748,zustersmaricolenbrugge.be,payload_delivery,Unknown Loader,"etherhiding,Polygon"
2026-09-10 23:58:04,1911720,toolsinformer.com,payload_delivery,Unknown Loader,"etherhiding,Polygon"
2026-09-10 23:58:04,1911722,totilux.it,payload_delivery,Unknown Loader,"etherhiding,Polygon"
2026-09-10 23:58:04,1911725,tshejorsayzey.bt,payload_delivery,Unknown Loader,"etherhiding,Polygon"
2026-09-10 23:58:04,1911727,turbopower247.com,payload_delivery,Unknown Loader,"etherhiding,Polygon"
2026-09-10 23:58:04,1911729,u2fanclub.nl,payload_delivery,Unknown Loader,"etherhiding,Polygon"
2026-09-10 23:58:04,1911730,uaetripservices.com,payload_delivery,Unknown Loader,"etherhiding,Polygon"
2026-09-10 23:58:04,1911732,ultifunds.com,payload_delivery,Unknown Loader,"etherhiding,Polygon"
2026-09-10 23:58:04,1911733,uniqueworldelectronics.com,payload_delivery,Unknown Loader,"etherhiding,Polygon"
2026-09-10 23:58:04,1911734,unofficialffi.com,payload_delivery,Unknown Loader,"etherhiding,Polygon"
2026-09-10 23:58:04,1911735,updateprimes.com,payload_delivery,Unknown Loader,"etherhiding,Polygon"
2026-09-10 23:58:04,1911736,vardacreatives.com,payload_delivery,Unknown Loader,"etherhiding,Polygon"
2026-09-10 23:58:03,1911711,templetimings.in,payload_delivery,Unknown Loader,"etherhiding,Polygon"
2026-09-10 23:58:03,1911713,termoinstal-bydgoszcz.pl,payload_delivery,Unknown Loader,"etherhiding,Polygon"
2026-09-10 23:58:03,1911714,thadayamfoundation.com,payload_delivery,Unknown Loader,"etherhiding,Polygon"
2026-09-10 23:58:03,1911719,timebusinessnewz.co.uk,payload_delivery,Unknown Loader,"etherhiding,Polygon"
2026-09-10 23:58:01,1911705,storyjam.live,payload_delivery,Unknown Loader,"etherhiding,Polygon"
2026-09-10 23:58:01,1911707,sureassessoria.com.br,payload_delivery,Unknown Loader,"etherhiding,Polygon"
2026-09-10 23:58:01,1911708,synske.com,payload_delivery,Unknown Loader,"etherhiding,Polygon"
2026-09-10 23:58:00,1911692,silvercrestland.com,payload_delivery,Unknown Loader,"etherhiding,Polygon"
2026-09-10 23:58:00,1911693,sim.care,payload_delivery,Unknown Loader,"etherhiding,Polygon"
2026-09-10 23:58:00,1911695,simmply.es,payload_delivery,Unknown Loader,"etherhiding,Polygon"
2026-09-10 23:58:00,1911696,skywears.com,payload_delivery,Unknown Loader,"etherhiding,Polygon"
2026-09-10 23:58:00,1911697,smdandassociates.com.au,payload_delivery,Unknown Loader,"etherhiding,Polygon"
2026-09-10 23:58:00,1911698,solimarcps.com,payload_delivery,Unknown Loader,"etherhiding,Polygon"
2026-09-10 23:58:00,1911699,soundonstudios.it,payload_delivery,Unknown Loader,"etherhiding,Polygon"
2026-09-10 23:58:00,1911700,southarea.org,payload_delivery,Unknown Loader,"etherhiding,Polygon"
2026-09-10 23:58:00,1911701,spendenfahrradmarathon.de,payload_delivery,Unknown Loader,"etherhiding,Polygon"
2026-09-10 23:58:00,1911702,starlinknetworks.co.uk,payload_delivery,Unknown Loader,"etherhiding,Polygon"
2026-09-10 23:58:00,1911703,state-xnewforms.nl,payload_delivery,Unknown Loader,"etherhiding,Polygon"
2026-09-10 23:58:00,1911704,steakclub.fr,payload_delivery,Unknown Loader,"etherhiding,Polygon"
2026-09-10 23:57:59,1911674,rinoplastiaperu.net,payload_delivery,Unknown Loader,"etherhiding,Polygon"
2026-09-10 23:57:59,1911681,saraelphinstone.com,payload_delivery,Unknown Loader,"etherhiding,Polygon"
2026-09-10 23:57:59,1911683,seabirdbeauty.com,payload_delivery,Unknown Loader,"etherhiding,Polygon"
2026-09-10 23:57:59,1911684,seba7.online,payload_delivery,Unknown Loader,"etherhiding,Polygon"
2026-09-10 23:57:59,1911685,seegerconsultingservice.com,payload_delivery,Unknown Loader,"etherhiding,Polygon"
2026-09-10 23:57:59,1911686,seniorenzentrum-bn.de,payload_delivery,Unknown Loader,"etherhiding,Polygon"
2026-09-10 23:57:59,1911687,sensingsunrise.com,payload_delivery,Unknown Loader,"etherhiding,Polygon"
2026-09-10 23:57:59,1911689,setintructiongit.com,payload_delivery,Unknown Loader,"etherhiding,Polygon"
2026-09-10 23:57:58,1911661,powergaragedoor.org,payload_delivery,Unknown Loader,"etherhiding,Polygon"
2026-09-10 23:57:58,1911663,proteinpowderone.com,payload_delivery,Unknown Loader,"etherhiding,Polygon"
2026-09-10 23:57:58,1911667,reidd.org,payload_delivery,Unknown Loader,"etherhiding,Polygon"
2026-09-10 23:57:58,1911668,remart.cl,payload_delivery,Unknown Loader,"etherhiding,Polygon"
2026-09-10 23:57:58,1911669,remont-ua.space,payload_delivery,Unknown Loader,"etherhiding,Polygon"
2026-09-10 23:57:58,1911670,restorationsmedicalspa.com,payload_delivery,Unknown Loader,"etherhiding,Polygon"
2026-09-10 23:57:58,1911671,reversetype2diabetes.org,payload_delivery,Unknown Loader,"etherhiding,Polygon"
2026-09-10 23:57:58,1911672,reviewtopfx.com,payload_delivery,Unknown Loader,"etherhiding,Polygon"
2026-09-10 23:57:57,1911646,odboryfno.cz,payload_delivery,Unknown Loader,"etherhiding,Polygon"
2026-09-10 23:57:57,1911647,orbitakirov.ru,payload_delivery,Unknown Loader,"etherhiding,Polygon"
2026-09-10 23:57:57,1911649,osvitez.com,payload_delivery,Unknown Loader,"etherhiding,Polygon"
2026-09-10 23:57:57,1911650,oxoradio.com,payload_delivery,Unknown Loader,"etherhiding,Polygon"
2026-09-10 23:57:57,1911651,panphos.com,payload_delivery,Unknown Loader,"etherhiding,Polygon"
2026-09-10 23:57:57,1911652,parcolagodicitta.it,payload_delivery,Unknown Loader,"etherhiding,Polygon"
2026-09-10 23:57:57,1911653,paroveporadenstvi.cz,payload_delivery,Unknown Loader,"etherhiding,Polygon"
2026-09-10 23:57:57,1911654,partymaniacy.pl,payload_delivery,Unknown Loader,"etherhiding,Polygon"
2026-09-10 23:57:57,1911655,pcnujombang.or.id,payload_delivery,Unknown Loader,"etherhiding,Polygon"
2026-09-10 23:57:57,1911656,pdbrezina.sk,payload_delivery,Unknown Loader,"etherhiding,Polygon"
2026-09-10 23:57:57,1911658,pizzeria-bella-tutti.at,payload_delivery,Unknown Loader,"etherhiding,Polygon"
2026-09-10 23:57:56,1911633,nataliasadowska.pl,payload_delivery,Unknown Loader,"etherhiding,Polygon"
2026-09-10 23:57:56,1911634,neo-pos.org,payload_delivery,Unknown Loader,"etherhiding,Polygon"
2026-09-10 23:57:56,1911636,neworchardwellness.com,payload_delivery,Unknown Loader,"etherhiding,Polygon"
2026-09-10 23:57:56,1911637,newrenart.com,payload_delivery,Unknown Loader,"etherhiding,Polygon"
2026-09-10 23:57:56,1911638,nixgraphix.co.za,payload_delivery,Unknown Loader,"etherhiding,Polygon"
2026-09-10 23:57:56,1911639,njoffer.com,payload_delivery,Unknown Loader,"etherhiding,Polygon"
2026-09-10 23:57:56,1911641,nolabakery.com,payload_delivery,Unknown Loader,"etherhiding,Polygon"
2026-09-10 23:57:56,1911642,nowiloveenglish.com,payload_delivery,Unknown Loader,"etherhiding,Polygon"
2026-09-10 23:57:56,1911643,nuevadireccion.cl,payload_delivery,Unknown Loader,"etherhiding,Polygon"
2026-09-10 23:57:56,1911644,nvo-alternative.org,payload_delivery,Unknown Loader,"etherhiding,Polygon"
2026-09-10 23:57:56,1911645,octaveworks.com,payload_delivery,Unknown Loader,"etherhiding,Polygon"
2026-09-10 23:57:55,1911621,melkbrouwerij.nl,payload_delivery,Unknown Loader,"etherhiding,Polygon"
2026-09-10 23:57:55,1911623,mfsp-church.com,payload_delivery,Unknown Loader,"etherhiding,Polygon"
2026-09-10 23:57:55,1911629,mtbaliseda.com,payload_delivery,Unknown Loader,"etherhiding,Polygon"
2026-09-10 23:57:55,1911630,mypaydayloanrelief.com,payload_delivery,Unknown Loader,"etherhiding,Polygon"
2026-09-10 23:57:55,1911631,myrental318.com,payload_delivery,Unknown Loader,"etherhiding,Polygon"
2026-09-10 23:57:54,1911605,leshautsplateaux.com,payload_delivery,Unknown Loader,"etherhiding,Polygon"
2026-09-10 23:57:54,1911606,lestom-kurzy.sk,payload_delivery,Unknown Loader,"etherhiding,Polygon"
2026-09-10 23:57:54,1911608,llgwheelchairs.co.uk,payload_delivery,Unknown Loader,"etherhiding,Polygon"
2026-09-10 23:57:54,1911609,lmohphotography.com,payload_delivery,Unknown Loader,"etherhiding,Polygon"
2026-09-10 23:57:54,1911611,lunazen.fr,payload_delivery,Unknown Loader,"etherhiding,Polygon"
2026-09-10 23:57:54,1911612,luxury-food.it,payload_delivery,Unknown Loader,"etherhiding,Polygon"
2026-09-10 23:57:54,1911614,maitebayona.com,payload_delivery,Unknown Loader,"etherhiding,Polygon"
2026-09-10 23:57:54,1911615,marahoue.net,payload_delivery,Unknown Loader,"etherhiding,Polygon"
2026-09-10 23:57:54,1911616,maxcredit.it,payload_delivery,Unknown Loader,"etherhiding,Polygon"
2026-09-10 23:57:54,1911618,medicalcongresspublications.com,payload_delivery,Unknown Loader,"etherhiding,Polygon"
2026-09-10 23:57:53,1911591,kitchenfixsolution.com,payload_delivery,Unknown Loader,"etherhiding,Polygon"
2026-09-10 23:57:53,1911592,kitchenrespraywicklow.com,payload_delivery,Unknown Loader,"etherhiding,Polygon"
2026-09-10 23:57:53,1911593,kiti.com.kw,payload_delivery,Unknown Loader,"etherhiding,Polygon"
2026-09-10 23:57:53,1911594,kmetros.net,payload_delivery,Unknown Loader,"etherhiding,Polygon"
2026-09-10 23:57:53,1911596,kopejska.cz,payload_delivery,Unknown Loader,"etherhiding,Polygon"
2026-09-10 23:57:53,1911597,krautz.ro,payload_delivery,Unknown Loader,"etherhiding,Polygon"
2026-09-10 23:57:53,1911600,kulishaber.net,payload_delivery,Unknown Loader,"etherhiding,Polygon"
2026-09-10 23:57:53,1911601,kza.casa,payload_delivery,Unknown Loader,"etherhiding,Polygon"
2026-09-10 23:57:53,1911602,lacademiedelafamille.com,payload_delivery,Unknown Loader,"etherhiding,Polygon"
2026-09-10 23:57:53,1911604,larmogicsvp.org.br,payload_delivery,Unknown Loader,"etherhiding,Polygon"
2026-09-10 23:57:52,1911589,kasperky-dent.cz,payload_delivery,Unknown Loader,"etherhiding,Polygon"
2026-09-10 21:07:41,1911415,www.vgavoile.org,payload_delivery,Unknown Loader,"etherhiding,Polygon"
2026-09-10 21:07:40,1911410,www.tempomilitare.it,payload_delivery,Unknown Loader,"etherhiding,Polygon"
2026-09-10 21:07:39,1911400,www.spanishlessonslosangeles.com,payload_delivery,Unknown Loader,"etherhiding,Polygon"
2026-09-10 21:07:39,1911403,www.startacquiring.com,payload_delivery,Unknown Loader,"etherhiding,Polygon"
2026-09-10 21:07:39,1911406,www.superscoresat.com,payload_delivery,Unknown Loader,"etherhiding,Polygon"
2026-09-10 21:07:38,1911391,www.rubencabanillas.site,payload_delivery,Unknown Loader,"etherhiding,Polygon"
2026-09-10 21:07:38,1911397,www.siyakhatalasafety.co.za,payload_delivery,Unknown Loader,"etherhiding,Polygon"
2026-09-10 21:07:38,1911398,www.sjhomesfinder.com,payload_delivery,Unknown Loader,"etherhiding,Polygon"
2026-09-10 21:07:37,1911388,www.rarzar.com,payload_delivery,Unknown Loader,"etherhiding,Polygon"
2026-09-10 21:07:37,1911389,www.repausetoisurmoi.fr,payload_delivery,Unknown Loader,"etherhiding,Polygon"
2026-09-10 21:06:43,1911379,www.nicholasbridger.co.uk,payload_delivery,Unknown Loader,"etherhiding,Polygon"
2026-09-10 21:06:42,1911370,www.medium-telepatico.com,payload_delivery,Unknown Loader,"etherhiding,Polygon"
2026-09-10 21:06:42,1911375,www.monguidesenior.fr,payload_delivery,Unknown Loader,"etherhiding,Polygon"
2026-09-10 21:06:42,1911376,www.museoinforma.it,payload_delivery,Unknown Loader,"etherhiding,Polygon"
2026-09-10 21:05:04,1911318,voltaicepc.com,payload_delivery,Unknown Loader,"etherhiding,Polygon"
2026-09-10 21:04:00,1911317,vialignum.com,payload_delivery,Unknown Loader,"etherhiding,Polygon"
2026-09-10 21:03:59,1911315,ummilawan.com,payload_delivery,Unknown Loader,"etherhiding,Polygon"
2026-09-10 21:03:56,1911303,tamccfoundation.org,payload_delivery,Unknown Loader,"etherhiding,Polygon"
2026-09-10 21:03:56,1911304,tarkashastra.com,payload_delivery,Unknown Loader,"etherhiding,Polygon"
2026-09-10 21:03:56,1911308,thayphapnhat.com,payload_delivery,Unknown Loader,"etherhiding,Polygon"
2026-09-10 21:03:55,1911297,stracasale.com,payload_delivery,Unknown Loader,"etherhiding,Polygon"
2026-09-10 21:03:55,1911300,swifstack.com,payload_delivery,Unknown Loader,"etherhiding,Polygon"
2026-09-10 20:26:43,1911290,spanishspark.com,payload_delivery,Unknown Loader,"etherhiding,Polygon"
2026-09-10 20:26:42,1911281,sman107-jkt.sch.id,payload_delivery,Unknown Loader,"etherhiding,Polygon"
2026-09-10 20:26:42,1911282,smartlawpa.com,payload_delivery,Unknown Loader,"etherhiding,Polygon"
2026-09-10 20:26:42,1911283,smznews.com,payload_delivery,Unknown Loader,"etherhiding,Polygon"
2026-09-10 20:26:42,1911287,soltarenergia.pl,payload_delivery,Unknown Loader,"etherhiding,Polygon"
2026-09-10 20:26:40,1911276,serverfacts.com,payload_delivery,Unknown Loader,"etherhiding,Polygon"
2026-09-10 20:26:39,1911270,sakoebike.com,payload_delivery,Unknown Loader,"etherhiding,Polygon"
2026-09-10 20:26:37,1911260,ranklocalhq.com,payload_delivery,Unknown Loader,"etherhiding,Polygon"
2026-09-10 20:26:37,1911262,regenesispower.com,payload_delivery,Unknown Loader,"etherhiding,Polygon"
2026-09-10 20:25:28,1911250,prestige-solution.com,payload_delivery,Unknown Loader,"etherhiding,Polygon"
2026-09-10 20:25:28,1911253,productmartbd.com,payload_delivery,Unknown Loader,"etherhiding,Polygon"
2026-09-10 20:25:27,1911243,pgpvendors.com,payload_delivery,Unknown Loader,"etherhiding,Polygon"
2026-09-10 20:25:27,1911244,pgslot444.voyage,payload_delivery,Unknown Loader,"etherhiding,Polygon"
2026-09-10 20:25:27,1911246,photoebookstore.net,payload_delivery,Unknown Loader,"etherhiding,Polygon"
2026-09-10 20:25:27,1911247,pinnacleradio.net,payload_delivery,Unknown Loader,"etherhiding,Polygon"
2026-09-10 20:25:26,1911242,peretzgroup.com,payload_delivery,Unknown Loader,"etherhiding,Polygon"
2026-09-10 20:25:24,1911227,navscorp.com,payload_delivery,Unknown Loader,"etherhiding,Polygon"
2026-09-10 20:25:23,1911225,nathanzola.com,payload_delivery,Unknown Loader,"etherhiding,Polygon"
2026-09-10 20:24:35,1911220,mmginfotech.in,payload_delivery,Unknown Loader,"etherhiding,Polygon"
2026-09-10 20:24:34,1911219,mikeandersonjubilee.com,payload_delivery,Unknown Loader,"etherhiding,Polygon"
2026-09-10 20:24:33,1911214,marale.es,payload_delivery,Unknown Loader,"etherhiding,Polygon"
2026-09-10 20:24:33,1911215,matteoplace.com,payload_delivery,Unknown Loader,"etherhiding,Polygon"
2026-09-10 20:24:31,1911206,levinlawteam.com,payload_delivery,Unknown Loader,"etherhiding,Polygon"
2026-09-10 20:24:31,1911209,littlestefi.com,payload_delivery,Unknown Loader,"etherhiding,Polygon"
2026-09-10 20:24:30,1911205,laspaletas.co.za,payload_delivery,Unknown Loader,"etherhiding,Polygon"
2026-09-10 20:23:26,1911192,kanderfinancegroupe.com,payload_delivery,Unknown Loader,"etherhiding,Polygon"
2026-09-10 20:22:05,1911154,eduardooliveira.com,payload_delivery,Unknown Loader,"etherhiding,Polygon"
2026-09-10 20:16:33,1911150,dolphinquestslots.com,payload_delivery,Unknown Loader,"etherhiding,Polygon"
2026-09-10 20:16:29,1911133,computergamecollector.com,payload_delivery,Unknown Loader,"etherhiding,Polygon"
2026-09-10 20:15:45,1911123,buymotorhomes.co.uk,payload_delivery,Unknown Loader,"etherhiding,Polygon"
2026-09-10 20:15:44,1911121,bominagroups.com,payload_delivery,Unknown Loader,"etherhiding,Polygon"
2026-09-10 19:10:31,1910810,www.travaux-decoration-maison.fr,payload_delivery,ClearFake,"compromised,EtherHide"
2026-09-10 19:10:30,1910807,www.zhen520.com,payload_delivery,ClearFake,"compromised,EtherHide"
2026-09-10 19:00:28,1910801,www.vgmabogado.com,payload_delivery,ClearFake,"compromised,EtherHide"
2026-09-10 18:35:50,1910785,palerospropertymanagement.com,payload_delivery,IClickFix,"ClickFix,Mac"
2026-09-10 18:35:50,1910791,sobrevela.es,payload_delivery,IClickFix,"ClickFix,Mac"
2026-09-10 18:35:50,1910794,www.morganaorvokki.com,payload_delivery,IClickFix,"ClickFix,Mac"
2026-09-10 18:35:49,1910766,barranquilla.consulado.gob.ve,payload_delivery,IClickFix,"ClickFix,Mac"
2026-09-10 18:35:49,1910767,braintunehoney.com,payload_delivery,IClickFix,"ClickFix,Mac"
2026-09-10 18:35:49,1910768,chusdiary.com,payload_delivery,IClickFix,"ClickFix,Mac"
2026-09-10 18:35:49,1910769,dhowcruiseadventures.com,payload_delivery,IClickFix,"ClickFix,Mac"
2026-09-10 18:35:49,1910773,fisherofmenbaptistic.com,payload_delivery,IClickFix,"ClickFix,Mac"
2026-09-10 18:35:49,1910774,gowcar.com,payload_delivery,IClickFix,"ClickFix,Mac"
2026-09-10 18:35:49,1910777,lonedinerusa.com,payload_delivery,IClickFix,"ClickFix,Mac"
2026-09-10 18:35:49,1910778,luxloungebar.com.br,payload_delivery,IClickFix,"ClickFix,Mac"
2026-09-10 18:35:49,1910779,macshub.org,payload_delivery,IClickFix,"ClickFix,Mac"
2026-09-10 18:35:49,1910780,marafurniture.ro,payload_delivery,IClickFix,"ClickFix,Mac"
2026-09-10 18:00:19,1910747,www.radioforstina.nl,payload_delivery,ClearFake,"compromised,EtherHide"
2026-09-10 17:24:16,1910684,solprof.de,payload_delivery,IClickFix,"ClickFix,Mac"
2026-09-10 17:24:16,1910692,trendytrinketsbykhirad.com,payload_delivery,IClickFix,"ClickFix,Mac"
2026-09-10 17:24:15,1910670,ptronics.in,payload_delivery,IClickFix,"ClickFix,Mac"
2026-09-10 17:24:15,1910678,reserveer.minihorseworld.eu,payload_delivery,IClickFix,"ClickFix,Mac"
2026-09-10 17:24:15,1910681,serramorena.com,payload_delivery,IClickFix,"ClickFix,Mac"
2026-09-10 17:24:14,1910656,mittidori.com,payload_delivery,IClickFix,"ClickFix,Mac"
2026-09-10 17:24:14,1910657,mobilesun.ltd,payload_delivery,IClickFix,"ClickFix,Mac"
2026-09-10 17:24:14,1910659,mrwugroup.com,payload_delivery,IClickFix,"ClickFix,Mac"
2026-09-10 17:24:14,1910669,ps1082.be,payload_delivery,IClickFix,"ClickFix,Mac"
2026-09-10 17:24:13,1910644,inayaenterprises.com,payload_delivery,IClickFix,"ClickFix,Mac"
2026-09-10 17:24:13,1910654,miknaconstructora.com,payload_delivery,IClickFix,"ClickFix,Mac"
2026-09-10 17:24:12,1910634,gregoryphillipslaw.com,payload_delivery,IClickFix,"ClickFix,Mac"
2026-09-10 17:24:12,1910635,gronotix.com,payload_delivery,IClickFix,"ClickFix,Mac"
2026-09-10 17:24:12,1910636,h2020-passport.eu,payload_delivery,IClickFix,"ClickFix,Mac"
2026-09-10 17:24:12,1910637,hausofdripspawellness.com,payload_delivery,IClickFix,"ClickFix,Mac"
2026-09-10 17:24:12,1910638,himehane.club,payload_delivery,IClickFix,"ClickFix,Mac"
2026-09-10 17:24:12,1910639,hollywoodintimacycoordinator.com,payload_delivery,IClickFix,"ClickFix,Mac"
2026-09-10 17:24:12,1910641,houseofkushalini.com,payload_delivery,IClickFix,"ClickFix,Mac"
2026-09-10 17:24:12,1910642,humanfullnesswithminal.com,payload_delivery,IClickFix,"ClickFix,Mac"
2026-09-10 17:24:11,1910624,euka.ar,payload_delivery,IClickFix,"ClickFix,Mac"
2026-09-10 17:24:11,1910626,fernandeseventos.com.br,payload_delivery,IClickFix,"ClickFix,Mac"
2026-09-10 17:24:11,1910627,flavorsforest.com,payload_delivery,IClickFix,"ClickFix,Mac"
2026-09-10 17:24:11,1910629,freedomwelfaresociety.org,payload_delivery,IClickFix,"ClickFix,Mac"
2026-09-10 17:24:11,1910630,gerencer.com.br,payload_delivery,IClickFix,"ClickFix,Mac"
2026-09-10 17:24:11,1910631,ggsmidi-pyrenees.fr,payload_delivery,IClickFix,"ClickFix,Mac"
2026-09-10 17:24:11,1910632,giovannapapa.com,payload_delivery,IClickFix,"ClickFix,Mac"
2026-09-10 17:24:10,1910615,colorsdestel.com,payload_delivery,IClickFix,"ClickFix,Mac"
2026-09-10 17:24:10,1910616,confeitariashow.com.br,payload_delivery,IClickFix,"ClickFix,Mac"
2026-09-10 17:24:10,1910618,criptotario.com,payload_delivery,IClickFix,"ClickFix,Mac"
2026-09-10 17:24:10,1910621,dunyadeals.com,payload_delivery,IClickFix,"ClickFix,Mac"
2026-09-10 17:24:10,1910622,eatdhc.com,payload_delivery,IClickFix,"ClickFix,Mac"
2026-09-10 17:24:10,1910623,ekoinc.com,payload_delivery,IClickFix,"ClickFix,Mac"
2026-09-10 17:24:09,1910607,artdispatchers.com,payload_delivery,IClickFix,"ClickFix,Mac"
2026-09-10 17:24:09,1910609,asiaskate.com,payload_delivery,IClickFix,"ClickFix,Mac"
2026-09-10 17:24:09,1910612,cee2003.com,payload_delivery,IClickFix,"ClickFix,Mac"
2026-09-10 17:23:22,1910590,biobkliaum.live,botnet_cc,IClickFix,"c2,ClickFix,Mac,MacFinger"
2026-09-10 16:06:41,1910558,westaig.com,payload_delivery,ClearFake,"compromised,EtherHide"
2026-09-10 14:56:34,1909557,thriveassessmentcare.com,payload_delivery,ClearFake,"compromised,EtherHide"
2026-09-10 14:06:12,1907188,tekprostoday.com,payload_delivery,ClearFake,"compromised,EtherHide"
2026-09-10 12:10:18,1907137,quicksilvercleaning.ca,payload_delivery,ClearFake,"compromised,EtherHide"
2026-09-10 12:10:17,1907134,qalbbyam.com,payload_delivery,ClearFake,"compromised,EtherHide"
2026-09-10 12:10:17,1907135,princecables.com,payload_delivery,ClearFake,"compromised,EtherHide"
2026-09-10 12:00:14,1907124,pmcimpianti.com,payload_delivery,ClearFake,"compromised,EtherHide"
2026-09-10 10:58:15,1907097,nanohaarpigmentierung.de,payload_delivery,ClearFake,"compromised,EtherHide"
2026-09-10 09:58:10,1907074,mariafinch.com,payload_delivery,ClearFake,"compromised,EtherHide"
2026-09-10 09:02:25,1907034,kidderporecollege.in,payload_delivery,ClearFake,"compromised,EtherHide"
2026-09-10 09:02:25,1907035,kendalfortson.com,payload_delivery,ClearFake,"compromised,EtherHide"
2026-09-10 05:14:13,1906440,logm-justia.com,payload_delivery,Unknown malware,"ClickFix,Etherhide"
2026-09-10 04:24:21,1906884,elegantthemesflywheel.com,payload_delivery,ClearFake,"compromised,EtherHide"
2026-09-10 03:13:51,1906850,medlabglobal.com,payload_delivery,ClearFake,"compromised,EtherHide"
2026-09-09 20:57:53,1906691,thefestivevillas.com,payload_delivery,Unknown Loader,etherhiding
2026-09-09 20:54:25,1906672,vdsverhuur.be,payload_delivery,Unknown RAT,"etherhiding,pythonRAT,Sepolia"
2026-09-09 10:32:33,1906099,www.sahak.ch,payload_delivery,ClearFake,"compromised,EtherHide"
2026-09-09 09:07:12,1906053,der-kaiser-spricht.net,payload_delivery,ClearFake,"compromised,EtherHide"
2026-09-09 08:37:03,1906019,fynga.com,payload_delivery,ClearFake,"compromised,EtherHide"
2026-09-09 08:26:10,1906000,auditien.fr,payload_delivery,ClearFake,"compromised,EtherHide"
2026-09-09 07:53:39,1905896,expcontabil.com.br,payload_delivery,ClearFake,"compromised,EtherHide"
2026-09-09 07:43:27,1905875,www.playlist-thematique.fr,payload_delivery,ClearFake,"compromised,EtherHide"
2026-09-09 02:48:54,1905767,dein-sandmann.de,payload_delivery,ClearFake,"compromised,EtherHide"
2026-09-08 05:43:31,1904159,greenservices.optipix.ca,payload_delivery,Unknown Loader,etherhiding
2026-09-08 00:42:20,1904058,vd-psy.com,payload_delivery,ClearFake,"compromised,EtherHide"
2026-09-07 19:47:28,1903909,webuser.n1u89dhs.xyz,botnet_cc,Cobalt Strike,"CobaltStrike,drb-ra"
2026-09-07 19:47:24,1903908,cs2.acsdomaindsadas.click,botnet_cc,Cobalt Strike,"CobaltStrike,drb-ra"
2026-09-07 06:28:54,1903408,lb.honeytrail.cc,botnet_cc,ACR Stealer,ClearFake
2026-09-07 04:51:53,1903332,headstartlearningtuition.com,payload_delivery,IClickFix,"ClickFix,Mac"
2026-09-07 04:51:53,1903333,hirsch2.com,payload_delivery,IClickFix,"ClickFix,Mac"
2026-09-07 04:51:52,1903326,emglobaltrade.com,payload_delivery,IClickFix,"ClickFix,Mac"
2026-09-07 04:51:51,1903323,cucuta.consulado.gob.ve,payload_delivery,IClickFix,"ClickFix,Mac"
2026-09-07 04:51:51,1903325,dtvconstruction.com,payload_delivery,IClickFix,"ClickFix,Mac"
2026-09-07 04:51:50,1903319,businessadmin.uk,payload_delivery,IClickFix,"ClickFix,Mac"
2026-09-07 04:51:50,1903320,cannalogis.de,payload_delivery,IClickFix,"ClickFix,Mac"
2026-09-07 04:51:50,1903321,circuitoyepesmotor.com,payload_delivery,IClickFix,"ClickFix,Mac"
2026-09-07 04:51:49,1903315,bankaifze.com,payload_delivery,IClickFix,"ClickFix,Mac"
2026-09-07 04:51:49,1903316,bellaoils.com.au,payload_delivery,IClickFix,"ClickFix,Mac"
2026-09-07 04:51:48,1903308,aitesas.com,payload_delivery,IClickFix,"ClickFix,Mac"
2026-09-07 04:51:00,1903288,ocimex.co.uk,payload_delivery,IClickFix,"ClickFix,Mac"
2026-09-07 04:51:00,1903289,osanna-jewelry.com,payload_delivery,IClickFix,"ClickFix,Mac"
2026-09-07 04:50:59,1903281,ms2designstudio.com,payload_delivery,IClickFix,"ClickFix,Mac"
2026-09-07 04:50:59,1903283,mudsquad.io,payload_delivery,IClickFix,"ClickFix,Mac"
2026-09-07 04:50:58,1903273,lichsuvanhoa.net,payload_delivery,IClickFix,"ClickFix,Mac"
2026-09-07 04:50:58,1903278,matechplus.com,payload_delivery,IClickFix,"ClickFix,Mac"
2026-09-07 04:50:08,1903268,yakresume.com,payload_delivery,IClickFix,"ClickFix,Mac"
2026-09-07 04:50:07,1903264,www.maiobarbistro.com,payload_delivery,IClickFix,"ClickFix,Mac"
2026-09-07 04:50:07,1903265,www.osolutionsllc.com,payload_delivery,IClickFix,"ClickFix,Mac"
2026-09-07 03:06:40,1903213,maryberryfiberart.com,payload_delivery,ClearFake,"compromised,EtherHide"
2026-09-06 16:05:42,1902872,fioito.com.br,payload_delivery,IClickFix,ClickFix
2026-09-06 16:04:55,1902795,enec.gob.gt,payload_delivery,IClickFix,ClickFix
2026-09-05 20:04:24,1901538,www.pigrecopuntozero.com,payload_delivery,ClearFake,"compromised,EtherHide"
2026-09-04 15:47:55,1894351,www.qkshhdjrbd.work,botnet_cc,Cobalt Strike,"CobaltStrike,drb-ra"
2026-09-04 15:47:50,1894350,dns.n1u89dhs.xyz,botnet_cc,Cobalt Strike,"CobaltStrike,drb-ra"
2026-09-04 12:38:41,1894306,canyonmere.cc,botnet_cc,ACR Stealer,ACRStealer
2026-09-04 05:26:25,1894178,apropos-text.ch,payload_delivery,ClearFake,"compromised,EtherHide"
2026-09-03 15:09:36,1893910,stream.fernstead.cc,botnet_cc,ACR Stealer,ClearFake
2026-09-03 13:37:17,1893852,pascualini.com.ar,payload_delivery,IClickFix,"ClickFix,Mac"
2026-09-03 13:37:15,1893848,mazagro-art.com.pl,payload_delivery,IClickFix,"ClickFix,Mac"
2026-09-03 13:37:14,1893846,losmejoresboletos.com,payload_delivery,IClickFix,"ClickFix,Mac"
2026-09-03 10:47:29,1893790,fingerprint-veri.info,payload_delivery,IClickFix,ClickFix
2026-09-03 08:52:22,1893733,renovedesign.ch,payload_delivery,ClearFake,"compromised,EtherHide"
2026-09-02 21:52:22,1893595,cska-dance.ru,payload_delivery,IClickFix,"ClickFix,Mac"
2026-09-02 21:52:22,1893596,cuongthinhsantro.vn,payload_delivery,IClickFix,"ClickFix,Mac"
2026-09-02 21:52:22,1893597,cyberku.com,payload_delivery,IClickFix,"ClickFix,Mac"
2026-09-02 21:52:21,1893593,brno-byty.cz,payload_delivery,IClickFix,"ClickFix,Mac"
2026-09-02 20:53:13,1893565,alholol-almobtakara.com,payload_delivery,IClickFix,"ClickFix,ErrTraffic,LENAI"
2026-09-02 20:53:12,1893562,hoh-homecare.com,payload_delivery,IClickFix,"ClickFix,ErrTraffic,LENAI"
2026-09-02 20:53:11,1893552,purebrookkitchens.com,payload_delivery,IClickFix,"ClickFix,ErrTraffic,LENAI"
2026-09-02 20:53:10,1893538,rhuyn.com,payload_delivery,IClickFix,"ClickFix,ErrTraffic,LENAI"
2026-09-02 20:53:10,1893541,mabuyi.co.za,payload_delivery,IClickFix,"ClickFix,ErrTraffic,LENAI"
2026-09-02 20:53:10,1893542,optimized.net.au,payload_delivery,IClickFix,"ClickFix,ErrTraffic,LENAI"
2026-09-02 20:53:09,1893528,nutricaocomjo.com,payload_delivery,IClickFix,"ClickFix,ErrTraffic,LENAI"
2026-09-02 20:53:09,1893530,suitsgreen.com,payload_delivery,IClickFix,"ClickFix,ErrTraffic,LENAI"
2026-09-02 20:53:09,1893532,strandraeuber-ditzum.de,payload_delivery,IClickFix,"ClickFix,ErrTraffic,LENAI"
2026-09-02 20:53:08,1893526,metaottawa.com,payload_delivery,IClickFix,"ClickFix,ErrTraffic,LENAI"
2026-09-02 20:53:07,1893515,theinscribermag.com,payload_delivery,IClickFix,"ClickFix,ErrTraffic,LENAI"
2026-09-02 11:57:46,1893172,taylormacpherson.co.uk,payload_delivery,ClearFake,"compromised,EtherHide"
2026-09-01 11:47:42,1892468,ps2csrcvxlbc5rn7gw3vnncyue0lgpsx.lambda-url.ap-south-1.on.aws,botnet_cc,Cobalt Strike,"CobaltStrike,drb-ra"
2026-08-31 22:35:25,1892046,ecuador.embajada.gob.ve,payload_delivery,IClickFix,"ClickFix,Mac"
2026-08-31 22:26:31,1892039,dynalarme.fr,payload_delivery,IClickFix,"ClickFix,Mac"
2026-08-31 22:12:23,1892034,cliff-bell.com,payload_delivery,IClickFix,"ClickFix,Mac"
2026-08-31 21:16:33,1892015,apartsearcher.com,payload_delivery,IClickFix,"ClickFix,Mac"
2026-08-30 19:46:45,1891546,check1.judicica1n,botnet_cc,Cobalt Strike,"CobaltStrike,drb-ra"
2026-08-29 23:46:33,1891219,161-35-173-98.sslip.io,botnet_cc,Cobalt Strike,"CobaltStrike,drb-ra"
2026-08-28 21:00:07,1890836,ternar-trzeciak.com,payload_delivery,ClearFake,"compromised,EtherHide"
2026-08-28 12:37:33,1890577,digitaldeepworks.fr,payload_delivery,IClickFix,"ClickFix,Mac"
2026-08-28 12:37:33,1890578,glowingbeaulty.com,payload_delivery,IClickFix,"ClickFix,Mac"
2026-08-28 12:37:33,1890579,gpmobile.com,payload_delivery,IClickFix,"ClickFix,Mac"
2026-08-28 12:37:33,1890583,multi-sweep.com,payload_delivery,IClickFix,"ClickFix,Mac"
2026-08-28 11:44:48,1890549,triathletenews.com,payload_delivery,IClickFix,"ClickFix,Mac"
2026-08-28 11:43:58,1890547,probaski.net,payload_delivery,IClickFix,"ClickFix,Mac"
2026-08-28 11:43:55,1890541,mgenergia.com.br,payload_delivery,IClickFix,"ClickFix,Mac"
2026-08-28 11:41:58,1890532,egasyasociados.com,payload_delivery,IClickFix,"ClickFix,Mac"
2026-08-28 11:41:57,1890529,day2dayplastic.com,payload_delivery,IClickFix,"ClickFix,Mac"
2026-08-28 11:41:56,1890527,centrovirginia.com,payload_delivery,IClickFix,"ClickFix,Mac"
2026-08-28 11:41:56,1890528,conversationswithhumanity.org,payload_delivery,IClickFix,"ClickFix,Mac"
2026-08-28 11:41:54,1890525,beopvcstolarija.com,payload_delivery,IClickFix,"ClickFix,Mac"
2026-08-27 23:46:56,1889559,ajax.graphwindows.com,botnet_cc,Cobalt Strike,"CobaltStrike,drb-ra"
2026-08-27 11:48:13,1889238,c-proxy-xjmkjgbsdn.cn-hangzhou.fcapp.run,botnet_cc,Cobalt Strike,"CobaltStrike,drb-ra"
2026-08-27 11:03:40,1889226,quetelgroup.com,payload_delivery,ClearFake,"compromised,EtherHide"
2026-08-27 10:03:36,1889202,taschenmitdruck.de,payload_delivery,ClearFake,"compromised,EtherHide"
2026-08-26 21:54:38,1888735,jhustinhallmusic.com,payload_delivery,IClickFix,"ClearFake,ClickFix"
2026-08-26 21:54:36,1888703,caddzonebd.com,payload_delivery,IClickFix,"ClearFake,ClickFix"
2026-08-26 21:54:35,1888680,kitcheegammidesignco.com,payload_delivery,IClickFix,"ClearFake,ClickFix"
2026-08-26 21:54:33,1888648,red88fit.com,payload_delivery,IClickFix,"ClearFake,ClickFix"
2026-08-26 11:48:12,1888153,online-r.com,botnet_cc,Cobalt Strike,"CobaltStrike,drb-ra"
2026-08-25 21:46:58,1887849,ck.erloro.com,botnet_cc,Cobalt Strike,"CobaltStrike,drb-ra"
2026-08-25 16:44:45,1887489,studiochr.com,payload_delivery,Unknown Loader,"etherhiding,wordpress"
2026-08-25 16:44:44,1887481,santuariodelmontelussari.it,payload_delivery,Unknown Loader,"etherhiding,wordpress"
2026-08-24 08:11:16,1885982,fingerprint-verification.info,payload_delivery,IClickFix,ClickFix
2026-08-24 07:51:23,1885818,spawn-design.com,payload_delivery,IClickFix,"ClearFake,ClickFix"
2026-08-24 07:51:13,1885829,rafaelarceo.mx,payload_delivery,IClickFix,"ClearFake,ClickFix"
2026-08-24 07:51:09,1885837,dueelletappezzeria.it,payload_delivery,IClickFix,"ClearFake,ClickFix"
2026-08-24 00:42:01,1885798,tonyvingerhoets.com,payload_delivery,IClickFix,"ClearFake,ClickFix"
2026-08-24 00:37:06,1885758,sun-you.fr,payload_delivery,IClickFix,"ClearFake,ClickFix"
2026-08-24 00:37:06,1885759,krishnamyfriend.com,payload_delivery,IClickFix,"ClearFake,ClickFix"
2026-08-24 00:37:04,1885721,noticiashuesca.com,payload_delivery,IClickFix,"ClearFake,ClickFix"
2026-08-24 00:37:03,1885709,pabxsupport.co.za,payload_delivery,IClickFix,"ClearFake,ClickFix"
2026-08-24 00:37:03,1885715,charteredglobal.com,payload_delivery,IClickFix,"ClearFake,ClickFix"
2026-08-23 23:46:32,1885677,acsdomaindsadas.click,botnet_cc,Cobalt Strike,"CobaltStrike,drb-ra"
2026-08-23 18:38:52,1885565,studiofabris.it,payload_delivery,IClickFix,"ClickFix,clusterY,etherhiding"
2026-08-23 18:38:51,1885560,seedsalad.com,payload_delivery,IClickFix,"ClickFix,clusterY,etherhiding"
2026-08-23 18:38:49,1885558,robotique.tech,payload_delivery,IClickFix,"ClickFix,clusterY,etherhiding"
2026-08-23 17:26:58,1885463,qiconsultoria.net,payload_delivery,IClickFix,"ClickFix,Mac"
2026-08-23 17:25:33,1885457,everestsco.com,payload_delivery,IClickFix,"ClickFix,Mac"
2026-08-23 17:25:32,1885455,doornsebuurman.nl,payload_delivery,IClickFix,"ClickFix,Mac"
2026-08-23 17:25:29,1885452,blog.worldcuptickets.io,payload_delivery,IClickFix,"ClickFix,Mac"
2026-08-23 02:04:42,1885026,sporjouma.com,payload_delivery,Unknown Loader,"chain-staged,etherhiding"
2026-08-23 01:19:41,1884987,love-coach.online,payload_delivery,IClickFix,"ClickFix,Mac"
2026-08-23 01:19:40,1884975,collectivedigital.co.za,payload_delivery,IClickFix,"ClickFix,Mac"
2026-08-23 01:19:40,1884978,editions-canaima.com,payload_delivery,IClickFix,"ClickFix,Mac"
2026-08-23 01:19:40,1884981,homeinnovationsunlimited.com,payload_delivery,IClickFix,"ClickFix,Mac"
2026-08-23 01:19:40,1884982,icba.uk,payload_delivery,IClickFix,"ClickFix,Mac"
2026-08-23 01:19:40,1884983,illegalbeauty.de,payload_delivery,IClickFix,"ClickFix,Mac"
2026-08-23 01:19:39,1884968,authenticcarebd.xyz,payload_delivery,IClickFix,"ClickFix,Mac"
2026-08-22 01:56:58,1884070,verico-de-id.beer,payload_delivery,ClearFake,"ClearFake,ClickFix,ErrTraffic,EtherHiding"
2026-08-20 18:13:31,1883337,yduocdanang.edu.vn,payload_delivery,IClickFix,"ClickFix,etherhiding,nochain"
2026-08-20 18:13:28,1883299,vaclavklema.cz,payload_delivery,IClickFix,"ClickFix,etherhiding,nochain"
2026-08-20 18:13:28,1883301,wisedrywall.com,payload_delivery,IClickFix,"ClickFix,etherhiding,nochain"
2026-08-20 18:13:27,1883286,novopren.com,payload_delivery,IClickFix,"ClickFix,etherhiding,nochain"
2026-08-20 18:13:27,1883292,surgeortho.co.za,payload_delivery,IClickFix,"ClickFix,etherhiding,nochain"
2026-08-20 18:13:27,1883293,taiwanmcm.com,payload_delivery,IClickFix,"ClickFix,etherhiding,nochain"
2026-08-20 18:13:26,1883281,milmurales.cl,payload_delivery,IClickFix,"ClickFix,etherhiding,nochain"
2026-08-20 05:13:01,1882738,mobel.co.za,payload_delivery,FAKEUPDATES,SocGholish
2026-08-20 02:02:26,1882821,services-froid-climatisation-guyane.fr,payload_delivery,ClearFake,"compromised,EtherHide"
2026-08-19 18:16:50,1882502,rikkisystems.com,payload_delivery,IClickFix,"ClickFix,etherhiding,nochain"
2026-08-19 15:14:19,1882382,wolfcubdigital.co.uk,payload_delivery,IClickFix,"ClickFix,etherhiding,nochain"
2026-08-19 06:45:20,1881679,marcsons.com,payload_delivery,IClickFix,"ClickFix,Mac"
2026-08-19 06:45:20,1881680,medprov.com,payload_delivery,IClickFix,"ClickFix,Mac"
2026-08-19 06:45:16,1881669,getusitin.com,payload_delivery,IClickFix,"ClickFix,Mac"
2026-08-19 06:45:15,1881667,familie.slieter.de,payload_delivery,IClickFix,"ClickFix,Mac"
2026-08-19 06:45:13,1881663,desafiomlh.org,payload_delivery,IClickFix,"ClickFix,Mac"
2026-08-19 06:45:12,1881661,cofeservice.ru,payload_delivery,IClickFix,"ClickFix,Mac"
2026-08-19 06:45:10,1881657,blackiron.co.uk,payload_delivery,IClickFix,"ClickFix,Mac"
2026-08-18 23:57:12,1881534,semialvento.com,payload_delivery,IClickFix,"ClickFix,etherhiding,nochain"
2026-08-18 23:57:11,1881527,myzoom.imm-electronics.de,payload_delivery,IClickFix,"ClickFix,etherhiding,nochain"
2026-08-18 22:30:51,1881488,getmybooze.co.nz,payload_delivery,ClearFake,"compromised,EtherHide"
2026-08-18 12:08:15,1880822,vctraders.co.za,payload_delivery,IClickFix,"ClickFix,mac"
2026-08-18 12:08:15,1880823,www.agenziagarau.it,payload_delivery,IClickFix,"ClickFix,mac"
2026-08-18 12:08:14,1880804,datdadadat.com,payload_delivery,IClickFix,"ClickFix,mac"
2026-08-18 12:08:14,1880805,evolucaoinfo.com,payload_delivery,IClickFix,"ClickFix,mac"
2026-08-18 12:08:14,1880808,implantecenter.com.br,payload_delivery,IClickFix,"ClickFix,mac"
2026-08-18 12:08:14,1880811,littleolange.com,payload_delivery,IClickFix,"ClickFix,mac"
2026-08-18 12:08:14,1880812,moat55.io,payload_delivery,IClickFix,"ClickFix,mac"
2026-08-18 12:08:13,1880799,bookybaby.com,payload_delivery,IClickFix,"ClickFix,mac"
2026-08-18 12:08:13,1880800,box12martelinhodeouro.com,payload_delivery,IClickFix,"ClickFix,mac"
2026-08-18 11:47:40,1880290,ossb6.oss-cn-beijing.aliyuncs.com,botnet_cc,Cobalt Strike,"CobaltStrike,drb-ra"
2026-08-18 10:46:55,1880265,groupes-artiste.com,payload_delivery,ClearFake,"compromised,ErrTraffic"
2026-08-17 11:47:55,1877899,c2.apamm.kdns.fr,botnet_cc,Cobalt Strike,"CobaltStrike,drb-ra"
2026-08-16 23:47:06,1877529,cdn.winservers-network.com,botnet_cc,Cobalt Strike,"CobaltStrike,drb-ra"
2026-08-16 19:28:54,1877316,analysis-id-lfg.info,payload_delivery,IClickFix,ClickFix
2026-08-16 14:45:06,1877264,vitolbusiness.com,payload_delivery,ClearFake,"compromised,EtherHide"
2026-08-16 01:15:19,1876973,bilderrahmen-bleile.de,payload_delivery,ClearFake,"compromised,EtherHide"
2026-08-15 15:00:57,1876530,rumbiebyrumbie.com,payload_delivery,IClickFix,"ClickFix,etherhiding,nochain"
2026-08-15 15:00:57,1876532,smartsystemepro.fr,payload_delivery,IClickFix,"ClickFix,etherhiding,nochain"
2026-08-15 15:00:57,1876534,soullifestyle.ie,payload_delivery,IClickFix,"ClickFix,etherhiding,nochain"
2026-08-15 14:11:09,1876468,www.opticamatte.gr,payload_delivery,IClickFix,"ClickFix,etherhiding,nochain"
2026-08-15 14:11:05,1876425,koldobarroso.com,payload_delivery,IClickFix,"ClickFix,etherhiding,nochain"
2026-08-14 08:56:31,1874341,de.saunapolo56.pt,payload_delivery,IClickFix,"ClickFix,etherhiding,gated"
2026-08-14 01:31:51,1874086,trazoseguro.com,payload_delivery,IClickFix,"ClickFix,Mac"
2026-08-14 01:31:50,1874039,lawdhyan.sa,payload_delivery,IClickFix,"ClickFix,Mac"
2026-08-14 01:31:50,1874043,mathland.gr,payload_delivery,IClickFix,"ClickFix,Mac"
2026-08-14 01:31:50,1874048,n00bventures.com,payload_delivery,IClickFix,"ClickFix,Mac"
2026-08-14 01:31:50,1874053,officespacetorent.uk,payload_delivery,IClickFix,"ClickFix,Mac"
2026-08-14 01:31:49,1874014,famat.es,payload_delivery,IClickFix,"ClickFix,Mac"
2026-08-14 01:31:49,1874017,firehosechicago.com,payload_delivery,IClickFix,"ClickFix,Mac"
2026-08-14 01:31:49,1874021,guntes.com.tr,payload_delivery,IClickFix,"ClickFix,Mac"
2026-08-14 01:31:49,1874022,gvparkhotel.com.br,payload_delivery,IClickFix,"ClickFix,Mac"
2026-08-14 01:31:49,1874023,harisnf.com,payload_delivery,IClickFix,"ClickFix,Mac"
2026-08-14 01:31:49,1874025,henygee.com,payload_delivery,IClickFix,"ClickFix,Mac"
2026-08-14 01:31:49,1874026,hermangeys.com,payload_delivery,IClickFix,"ClickFix,Mac"
2026-08-14 01:31:49,1874029,idenfragancias.com,payload_delivery,IClickFix,"ClickFix,Mac"
2026-08-14 01:31:49,1874037,kozojedka.cz,payload_delivery,IClickFix,"ClickFix,Mac"
2026-08-14 01:31:48,1873998,bittchannel.com,payload_delivery,IClickFix,"ClickFix,Mac"
2026-08-14 01:31:48,1874005,corrieredellaverita.it,payload_delivery,IClickFix,"ClickFix,Mac"
2026-08-14 01:31:48,1874006,dchme.co.uk,payload_delivery,IClickFix,"ClickFix,Mac"
2026-08-14 01:31:48,1874009,doljanka.ba,payload_delivery,IClickFix,"ClickFix,Mac"
2026-08-14 01:31:48,1874010,duldulsports.com.pk,payload_delivery,IClickFix,"ClickFix,Mac"
2026-08-14 01:31:48,1874012,edmillo.art,payload_delivery,IClickFix,"ClickFix,Mac"
2026-08-13 21:59:57,1873878,daacadelectric.co.ke,payload_delivery,ClearFake,"compromised,EtherHide"
2026-08-13 21:59:57,1873879,dorsaroofandbuild.com,payload_delivery,ClearFake,"compromised,EtherHide"
2026-08-12 18:22:13,1873198,notaria1itagui.com.co,payload_delivery,ClearFake,"compromised,EtherHide"
2026-08-12 07:13:16,1872614,analysis-id-fmd.info,payload_delivery,IClickFix,ClickFix
2026-08-11 15:46:46,1872329,cf.lala1.lat,botnet_cc,Cobalt Strike,"CobaltStrike,drb-ra"
2026-08-11 15:05:49,1872314,dailyharbourservices.nl,payload_delivery,Unknown malware,ClickFix
2026-08-11 13:20:00,1872285,verif-key-code.info,payload_delivery,IClickFix,ClickFix
2026-08-09 06:30:55,1871186,stoppingignpi.buzz,payload_delivery,Unknown malware,"ClickFix,injected-loader"
2026-08-08 06:35:36,1870573,us-usa-burnflow.com,payload_delivery,ClearFake,ClearFake
2026-08-07 15:53:27,1870000,pipchristie.com,payload_delivery,IClickFix,"ClearFake,ClickFix"
2026-08-07 09:56:53,1869784,id-verif-code.info,payload_delivery,Unknown malware,ClickFix
2026-08-06 14:20:52,1869463,encofradosamazon.com,payload_delivery,IClickFix,"ClickFix,compromised,EXT"
2026-08-06 13:15:39,1869397,faircloud512421.buzz,payload_delivery,IClickFix,"ClickFix,EXT,macos,stealer"
2026-08-06 05:21:38,1869234,askgeoffrey.ai,payload_delivery,ClearFake,"compromised,EtherHide"
2026-08-06 05:11:28,1869188,rethinkfinance.org,payload_delivery,ClearFake,"compromised,EtherHide"
2026-08-06 05:06:27,1869182,secondchanceaid.org,payload_delivery,ClearFake,"compromised,EtherHide"
2026-08-05 11:46:59,1868823,acac.hopto.org,botnet_cc,Cobalt Strike,"CobaltStrike,drb-ra"
2026-08-05 06:37:52,1868560,dollllar881122.icu,payload_delivery,Unknown malware,"ClickFix,injected-loader"
2026-08-04 08:33:39,1868192,makeverizyjar.info,payload_delivery,Unknown malware,ClickFix
2026-08-04 08:33:36,1868191,enter-press-cdn.info,payload_delivery,Unknown malware,ClickFix
2026-08-04 05:25:06,1868092,enter-pverif-code.info,payload_delivery,Unknown malware,ClickFix
2026-08-02 14:54:06,1867317,mfoguyg.josephmichaelnh.com,payload_delivery,ClearFake,"ClearFake,win-0x4679,windows"
2026-08-02 14:37:17,1867298,comunitel.de,payload_delivery,IClickFix,"ClickFix,etherhiding,Mac"
2026-08-02 14:37:15,1867301,darethebook.com,payload_delivery,IClickFix,"ClickFix,etherhiding,Mac"
2026-08-01 23:49:57,1867099,stillwaternotes.com,payload_delivery,IClickFix,"ClickFix,etherhiding"
2026-08-01 23:49:56,1867093,scotthagar.com,payload_delivery,IClickFix,"ClickFix,etherhiding"
2026-08-01 23:11:34,1867030,pulserecruiting.io,payload_delivery,IClickFix,"ClickFix,etherhiding"
2026-08-01 23:05:10,1867025,marykiserwrites.com,payload_delivery,IClickFix,"ClickFix,etherhiding"
2026-08-01 01:17:13,1866450,maartendevoldere.be,payload_delivery,IClickFix,"ClickFix,etherhiding"
2026-07-31 07:17:56,1865962,luneoulautre.be,payload_delivery,IClickFix,"ClickFix,etherhiding"
2026-07-31 07:16:59,1865931,qtts.ipcms.fr,payload_delivery,IClickFix,"ClickFix,etherhiding"
2026-07-31 07:16:59,1865938,raheemsoft.com,payload_delivery,IClickFix,"ClickFix,etherhiding"
2026-07-31 07:16:56,1865883,perisama.com,payload_delivery,IClickFix,"ClickFix,etherhiding"
2026-07-31 07:16:56,1865892,pienkvoetpret.co.za,payload_delivery,IClickFix,"ClickFix,etherhiding"
2026-07-31 07:16:54,1865855,ortodoxadominicana.org,payload_delivery,IClickFix,"ClickFix,etherhiding"
2026-07-31 07:16:51,1865817,muzungu.fr,payload_delivery,IClickFix,"ClickFix,etherhiding"
2026-07-31 07:16:51,1865819,myit.africa,payload_delivery,IClickFix,"ClickFix,etherhiding"
2026-07-31 07:16:51,1865820,mysouthernrentals.com,payload_delivery,IClickFix,"ClickFix,etherhiding"
2026-07-31 07:16:49,1865787,memursenavantaj.com.tr,payload_delivery,IClickFix,"ClickFix,etherhiding"
2026-07-31 07:16:47,1865758,maismadeshop.com,payload_delivery,IClickFix,"ClickFix,etherhiding"
2026-07-31 07:15:51,1865734,thehazenclinic.org,payload_delivery,IClickFix,"ClickFix,etherhiding"
2026-07-31 07:15:50,1865720,taxi-santorini.gr,payload_delivery,IClickFix,"ClickFix,etherhiding"
2026-07-31 07:15:50,1865730,thefamilyelectric.com,payload_delivery,IClickFix,"ClickFix,etherhiding"
2026-07-31 07:15:49,1865708,suntek.gr,payload_delivery,IClickFix,"ClickFix,etherhiding"
2026-07-31 07:15:49,1865712,sydniealdrich.com,payload_delivery,IClickFix,"ClickFix,etherhiding"
2026-07-31 07:15:46,1865661,solidiphy.com,payload_delivery,IClickFix,"ClickFix,etherhiding"
2026-07-31 07:15:44,1865631,sigiloza.com,payload_delivery,IClickFix,"ClickFix,etherhiding"
2026-07-31 07:15:43,1865619,serene-escapes.net,payload_delivery,IClickFix,"ClickFix,etherhiding"
2026-07-31 07:15:42,1865608,sarama.es,payload_delivery,IClickFix,"ClickFix,etherhiding"
2026-07-31 07:15:41,1865592,rossiwhite.com,payload_delivery,IClickFix,"ClickFix,etherhiding"
2026-07-31 07:15:40,1865563,redicon.sk,payload_delivery,IClickFix,"ClickFix,etherhiding"
2026-07-31 07:14:40,1865467,willandcajsa.com,payload_delivery,IClickFix,"ClickFix,etherhiding"
2026-07-31 07:14:39,1865443,velkomiloev.com,payload_delivery,IClickFix,"ClickFix,etherhiding"
2026-07-31 07:14:39,1865448,vinfast-vn.vn,payload_delivery,IClickFix,"ClickFix,etherhiding"
2026-07-31 07:14:39,1865450,vitalaiden.com,payload_delivery,IClickFix,"ClickFix,etherhiding"
2026-07-31 07:14:38,1865437,valentindenyset.fr,payload_delivery,IClickFix,"ClickFix,etherhiding"
2026-07-31 07:13:42,1865399,www.marybennett.net,payload_delivery,IClickFix,"ClickFix,etherhiding"
2026-07-31 07:13:42,1865407,www.michito.com,payload_delivery,IClickFix,"ClickFix,etherhiding"
2026-07-31 07:13:41,1865389,www.logopaedie-seevetal.de,payload_delivery,IClickFix,"ClickFix,etherhiding"
2026-07-31 07:13:41,1865396,www.mapucheturismo.com.ar,payload_delivery,IClickFix,"ClickFix,etherhiding"
2026-07-31 07:13:40,1865383,www.lent.be,payload_delivery,IClickFix,"ClickFix,etherhiding"
2026-07-31 07:13:39,1865369,www.kappafunclub.fr,payload_delivery,IClickFix,"ClickFix,etherhiding"
2026-07-31 07:13:39,1865371,www.katarinas.se,payload_delivery,IClickFix,"ClickFix,etherhiding"
2026-07-31 07:12:38,1865272,youplanculture.com,payload_delivery,IClickFix,"ClickFix,etherhiding"
2026-07-31 07:12:37,1865248,www.visualizerstudio.com,payload_delivery,IClickFix,"ClickFix,etherhiding"
2026-07-31 07:12:37,1865257,www.woelt.nl,payload_delivery,IClickFix,"ClickFix,etherhiding"
2026-07-31 07:12:37,1865259,www.xceptions.com,payload_delivery,IClickFix,"ClickFix,etherhiding"
2026-07-31 07:12:36,1865233,www.thetroosters.com,payload_delivery,IClickFix,"ClickFix,etherhiding"
2026-07-31 07:12:35,1865225,www.tenutadelperugino.it,payload_delivery,IClickFix,"ClickFix,etherhiding"
2026-07-31 07:12:34,1865207,www.spa-laparenthese.fr,payload_delivery,IClickFix,"ClickFix,etherhiding"
2026-07-31 07:12:34,1865212,www.stobbermuehle.de,payload_delivery,IClickFix,"ClickFix,etherhiding"
2026-07-31 07:12:33,1865188,www.sachverstaendigebau.de,payload_delivery,IClickFix,"ClickFix,etherhiding"
2026-07-31 07:12:33,1865190,www.savaguesthouse.com,payload_delivery,IClickFix,"ClickFix,etherhiding"
2026-07-31 07:12:33,1865197,www.siamalliancelaw.com,payload_delivery,IClickFix,"ClickFix,etherhiding"
2026-07-31 07:12:32,1865172,www.profoundpositioning.com,payload_delivery,IClickFix,"ClickFix,etherhiding"
2026-07-31 07:12:32,1865186,www.roxanne-angelique.co.uk,payload_delivery,IClickFix,"ClickFix,etherhiding"
2026-07-31 07:12:31,1865162,www.pattishire.com.au,payload_delivery,IClickFix,"ClickFix,etherhiding"
2026-07-31 07:12:31,1865167,www.piforschools.com,payload_delivery,IClickFix,"ClickFix,etherhiding"
2026-07-30 07:02:37,1864454,libreriacatolicasanjeronimo.com,payload_delivery,IClickFix,"Base,c2,ClickFix,etherhiding"
2026-07-30 07:02:36,1864449,leo-czajka.eu,payload_delivery,IClickFix,"Base,c2,ClickFix,etherhiding"
2026-07-30 07:02:32,1864424,l8nx.com,payload_delivery,IClickFix,"Base,c2,ClickFix,etherhiding"
2026-07-30 07:02:28,1864396,kancelariaquantum.pl,payload_delivery,IClickFix,"Base,c2,ClickFix,etherhiding"
2026-07-29 08:58:03,1863260,www.silentcroc.com,payload_delivery,IClickFix,"ClickFix,Mac,wordpress"
2026-07-29 08:58:03,1863264,www.strategicgamedesigner.com,payload_delivery,IClickFix,"ClickFix,Mac,wordpress"
2026-07-29 08:58:03,1863265,www.sudeventishow.it,payload_delivery,IClickFix,"ClickFix,Mac,wordpress"
2026-07-29 08:58:03,1863267,www.tiptoes.co.uk,payload_delivery,IClickFix,"ClickFix,Mac,wordpress"
2026-07-29 08:58:00,1863222,www.irandavari.com,payload_delivery,IClickFix,"ClickFix,Mac,wordpress"
2026-07-29 08:57:54,1863132,tiorienta.com.br,payload_delivery,IClickFix,"ClickFix,Mac,wordpress"
2026-07-29 08:57:51,1863070,sdc.contact,payload_delivery,IClickFix,"ClickFix,Mac,wordpress"
2026-07-29 08:57:51,1863074,shahrevarzesh.com,payload_delivery,IClickFix,"ClickFix,Mac,wordpress"
2026-07-29 08:57:08,1863015,presovskamapka.sk,payload_delivery,IClickFix,"ClickFix,Mac,wordpress"
2026-07-29 08:57:07,1862992,organichennatattoo.com,payload_delivery,IClickFix,"ClickFix,Mac,wordpress"
2026-07-29 08:57:06,1862981,nrccvictory.com,payload_delivery,IClickFix,"ClickFix,Mac,wordpress"
2026-07-29 08:57:06,1862989,onlinesolutionsbd.com,payload_delivery,IClickFix,"ClickFix,Mac,wordpress"
2026-07-29 08:57:05,1862962,mntcla.dz,payload_delivery,IClickFix,"ClickFix,Mac,wordpress"
2026-07-29 08:57:05,1862971,mousseconfort.tg,payload_delivery,IClickFix,"ClickFix,Mac,wordpress"
2026-07-29 08:57:04,1862945,medecbeauty.es,payload_delivery,IClickFix,"ClickFix,Mac,wordpress"
2026-07-29 08:57:04,1862946,mediatechdirect.com,payload_delivery,IClickFix,"ClickFix,Mac,wordpress"
2026-07-29 08:57:04,1862949,merahputihpanjipustaka.com,payload_delivery,IClickFix,"ClickFix,Mac,wordpress"
2026-07-29 08:57:03,1862935,man2manggarai.sch.id,payload_delivery,IClickFix,"ClickFix,Mac,wordpress"
2026-07-29 08:57:03,1862937,mannal.de,payload_delivery,IClickFix,"ClickFix,Mac,wordpress"
2026-07-29 08:57:03,1862938,marcmunoz.com,payload_delivery,IClickFix,"ClickFix,Mac,wordpress"
2026-07-29 08:57:02,1862924,lilotdesanges.org,payload_delivery,IClickFix,"ClickFix,Mac,wordpress"
2026-07-29 08:57:02,1862927,logistics-ca.com,payload_delivery,IClickFix,"ClickFix,Mac,wordpress"
2026-07-29 08:57:02,1862928,lojaamucc.org.br,payload_delivery,IClickFix,"ClickFix,Mac,wordpress"
2026-07-29 08:56:59,1862881,ingridsouzapediatra.com,payload_delivery,IClickFix,"ClickFix,Mac,wordpress"
2026-07-29 08:56:58,1862867,humanologie.info,payload_delivery,IClickFix,"ClickFix,Mac,wordpress"
2026-07-29 08:56:58,1862869,ibmicrofisioterapia.com.br,payload_delivery,IClickFix,"ClickFix,Mac,wordpress"
2026-07-29 08:56:58,1862871,idonialuxe.com,payload_delivery,IClickFix,"ClickFix,Mac,wordpress"
2026-07-29 08:56:58,1862877,immodev.fr,payload_delivery,IClickFix,"ClickFix,Mac,wordpress"
2026-07-29 08:56:57,1862857,haytekkimya.com.tr,payload_delivery,IClickFix,"ClickFix,Mac,wordpress"
2026-07-29 08:56:57,1862858,heavymetalbookclub.com,payload_delivery,IClickFix,"ClickFix,Mac,wordpress"
2026-07-29 08:56:57,1862859,hebertwellnessgroup.com,payload_delivery,IClickFix,"ClickFix,Mac,wordpress"
2026-07-29 08:55:56,1862852,gushaironfadli.com,payload_delivery,IClickFix,"ClickFix,Mac,wordpress"
2026-07-29 08:55:55,1862836,gazixpress.com,payload_delivery,IClickFix,"ClickFix,Mac,wordpress"
2026-07-29 08:55:55,1862837,gen-ev-racing.org,payload_delivery,IClickFix,"ClickFix,Mac,wordpress"
2026-07-29 08:55:55,1862839,gitesdusenegal.com,payload_delivery,IClickFix,"ClickFix,Mac,wordpress"
2026-07-29 08:55:55,1862844,gogeekhaus.com,payload_delivery,IClickFix,"ClickFix,Mac,wordpress"
2026-07-29 08:55:54,1862817,fcri.net,payload_delivery,IClickFix,"ClickFix,Mac,wordpress"
2026-07-29 08:55:54,1862818,ferzaadvocacia.com.br,payload_delivery,IClickFix,"ClickFix,Mac,wordpress"
2026-07-29 08:55:54,1862819,fff24.com,payload_delivery,IClickFix,"ClickFix,Mac,wordpress"
2026-07-29 08:55:54,1862821,firstpandr.org,payload_delivery,IClickFix,"ClickFix,Mac,wordpress"
2026-07-29 08:55:54,1862825,fluminvestments.com,payload_delivery,IClickFix,"ClickFix,Mac,wordpress"
2026-07-29 08:55:54,1862826,fmdistribucionesdeltolima.com,payload_delivery,IClickFix,"ClickFix,Mac,wordpress"
2026-07-29 08:55:54,1862827,formationesoterique.com,payload_delivery,IClickFix,"ClickFix,Mac,wordpress"
2026-07-29 08:55:54,1862829,freelancair.com,payload_delivery,IClickFix,"ClickFix,Mac,wordpress"
2026-07-29 08:55:54,1862833,funnel.kreatifabrik.de,payload_delivery,IClickFix,"ClickFix,Mac,wordpress"
2026-07-29 08:55:53,1862801,elitebusinessagents.com.au,payload_delivery,IClickFix,"ClickFix,Mac,wordpress"
2026-07-29 08:55:53,1862802,elitetcgboosterboxsupply.com,payload_delivery,IClickFix,"ClickFix,Mac,wordpress"
2026-07-29 08:55:53,1862804,energizermedia.net,payload_delivery,IClickFix,"ClickFix,Mac,wordpress"
2026-07-29 08:55:53,1862805,engageandretainllc.com,payload_delivery,IClickFix,"ClickFix,Mac,wordpress"
2026-07-29 08:55:53,1862806,enjoymxxn.com,payload_delivery,IClickFix,"ClickFix,Mac,wordpress"
2026-07-29 08:55:53,1862807,enseigne-magasin.fr,payload_delivery,IClickFix,"ClickFix,Mac,wordpress"
2026-07-29 08:55:53,1862810,espert-tp.fr,payload_delivery,IClickFix,"ClickFix,Mac,wordpress"
2026-07-29 08:55:53,1862811,estudionero.com.br,payload_delivery,IClickFix,"ClickFix,Mac,wordpress"
2026-07-29 08:55:52,1862785,discover3dx.com,payload_delivery,IClickFix,"ClickFix,Mac,wordpress"
2026-07-29 08:55:52,1862792,drclaretrimbur.com,payload_delivery,IClickFix,"ClickFix,Mac,wordpress"
2026-07-29 08:55:51,1862767,cruisevacationhq.com,payload_delivery,IClickFix,"ClickFix,Mac,wordpress"
2026-07-29 08:55:51,1862776,deonlineleasevergelijker.nl,payload_delivery,IClickFix,"ClickFix,Mac,wordpress"
2026-07-29 08:55:51,1862777,desarmac.cl,payload_delivery,IClickFix,"ClickFix,Mac,wordpress"
2026-07-29 08:55:51,1862780,dialogueetperformance.com,payload_delivery,IClickFix,"ClickFix,Mac,wordpress"
2026-07-29 08:55:51,1862781,dianaturecare.store,payload_delivery,IClickFix,"ClickFix,Mac,wordpress"
2026-07-29 08:55:51,1862782,dietistafaffini.it,payload_delivery,IClickFix,"ClickFix,Mac,wordpress"
2026-07-29 08:55:51,1862783,digirisk.site,payload_delivery,IClickFix,"ClickFix,Mac,wordpress"
2026-07-29 08:55:50,1862750,cestmuhendislik.com.tr,payload_delivery,IClickFix,"ClickFix,Mac,wordpress"
2026-07-29 08:55:50,1862751,changethefrequency.today,payload_delivery,IClickFix,"ClickFix,Mac,wordpress"
2026-07-29 08:55:50,1862752,chogonfacilities.com,payload_delivery,IClickFix,"ClickFix,Mac,wordpress"
2026-07-29 08:55:50,1862753,christmasinlou.com,payload_delivery,IClickFix,"ClickFix,Mac,wordpress"
2026-07-29 08:55:50,1862755,ciccioroomsandbreakfast.it,payload_delivery,IClickFix,"ClickFix,Mac,wordpress"
2026-07-29 08:55:50,1862758,cltassessoria.com.br,payload_delivery,IClickFix,"ClickFix,Mac,wordpress"
2026-07-29 08:55:50,1862759,clubespanol.org.ar,payload_delivery,IClickFix,"ClickFix,Mac,wordpress"
2026-07-29 08:55:50,1862762,conseil-ab.fr,payload_delivery,IClickFix,"ClickFix,Mac,wordpress"
2026-07-29 08:55:50,1862763,coolflowers.fr,payload_delivery,IClickFix,"ClickFix,Mac,wordpress"
2026-07-29 08:55:49,1862732,browardbusinessnetworkinggroup.net,payload_delivery,IClickFix,"ClickFix,Mac,wordpress"
2026-07-29 08:55:49,1862737,cakecafealghero.it,payload_delivery,IClickFix,"ClickFix,Mac,wordpress"
2026-07-29 08:55:49,1862738,callfreecertified.com,payload_delivery,IClickFix,"ClickFix,Mac,wordpress"
2026-07-29 08:55:49,1862746,cbdxtremsports.fr,payload_delivery,IClickFix,"ClickFix,Mac,wordpress"
2026-07-29 08:55:48,1862718,binnovo.com,payload_delivery,IClickFix,"ClickFix,Mac,wordpress"
2026-07-29 08:55:48,1862723,blog.publiregal.es,payload_delivery,IClickFix,"ClickFix,Mac,wordpress"
2026-07-29 08:55:48,1862731,brentesoncompanies.com,payload_delivery,IClickFix,"ClickFix,Mac,wordpress"
2026-07-29 08:55:47,1862698,armeh.com.tr,payload_delivery,IClickFix,"ClickFix,Mac,wordpress"
2026-07-29 08:55:47,1862706,atakumpsikoteknik.com,payload_delivery,IClickFix,"ClickFix,Mac,wordpress"
2026-07-29 08:55:47,1862712,badercondominium.org,payload_delivery,IClickFix,"ClickFix,Mac,wordpress"
2026-07-29 08:52:59,1862664,enter-code-cdn.info,payload_delivery,Unknown malware,ClickFix
2026-07-27 01:23:08,1859715,usen-burnflow.com,payload_delivery,ClearFake,ClearFake
2026-07-26 21:45:45,1859678,dns1.dreamls.com,botnet_cc,Cobalt Strike,"CobaltStrike,drb-ra"
2026-07-26 21:45:45,1859679,dns2.dreamls.com,botnet_cc,Cobalt Strike,"CobaltStrike,drb-ra"
2026-07-26 21:24:14,1859675,wheremymoney.beer,payload_delivery,Unknown malware,ClickFix
2026-07-26 21:24:11,1859674,verifyrecapcha.info,payload_delivery,Unknown malware,ClickFix
2026-07-26 20:18:12,1859586,zachschottnutrition.com,payload_delivery,ClearFake,"ClearFake,ClickFix"
2026-07-26 20:18:12,1859588,zahratalmaghrib.com,payload_delivery,ClearFake,"ClearFake,ClickFix"
2026-07-26 20:18:11,1859562,veteranwalls.com,payload_delivery,ClearFake,"ClearFake,ClickFix"
2026-07-26 20:18:08,1859510,tazweedjobs.ae,payload_delivery,ClearFake,"ClearFake,ClickFix"
2026-07-26 20:18:07,1859475,solesense.co.uk,payload_delivery,ClearFake,"ClearFake,ClickFix"
2026-07-26 20:18:06,1859453,service-iphone.com.ua,payload_delivery,ClearFake,"ClearFake,ClickFix"
2026-07-26 20:18:05,1859430,rustnglow.com,payload_delivery,ClearFake,"ClearFake,ClickFix"
2026-07-26 20:18:04,1859415,revzonebd.com,payload_delivery,ClearFake,"ClearFake,ClickFix"
2026-07-26 20:18:04,1859417,ridderkerkfm.nl,payload_delivery,ClearFake,"ClearFake,ClickFix"
2026-07-26 20:18:03,1859386,plazacopycenter.com,payload_delivery,ClearFake,"ClearFake,ClickFix"
2026-07-26 20:18:03,1859392,potatobar.us,payload_delivery,ClearFake,"ClearFake,ClickFix"
2026-07-26 20:18:02,1859381,physioasia.com,payload_delivery,ClearFake,"ClearFake,ClickFix"
2026-07-26 20:18:01,1859367,online-247.co.uk,payload_delivery,ClearFake,"ClearFake,ClickFix"
2026-07-26 20:18:00,1859348,myperfectgreen.com,payload_delivery,ClearFake,"ClearFake,ClickFix"
2026-07-26 20:18:00,1859360,northsouthfights.com,payload_delivery,ClearFake,"ClearFake,ClickFix"
2026-07-26 20:18:00,1859362,nutrafigvitalsite.com,payload_delivery,ClearFake,"ClearFake,ClickFix"
2026-07-26 20:18:00,1859363,nutrishmish.com,payload_delivery,ClearFake,"ClearFake,ClickFix"
2026-07-26 20:18:00,1859364,olivefortraining.ie,payload_delivery,ClearFake,"ClearFake,ClickFix"
2026-07-26 20:17:58,1859305,lifestylemint.com,payload_delivery,ClearFake,"ClearFake,ClickFix"
2026-07-26 20:17:58,1859310,lowt.health,payload_delivery,ClearFake,"ClearFake,ClickFix"
2026-07-26 20:17:58,1859312,lycongaslift.com,payload_delivery,ClearFake,"ClearFake,ClickFix"
2026-07-26 20:17:58,1859323,mattmuratore.com,payload_delivery,ClearFake,"ClearFake,ClickFix"
2026-07-25 13:08:32,1857590,authorization-code-cdn.info,payload_delivery,Unknown malware,ClickFix
2026-07-23 15:46:18,1856213,www.ai2.qzz.io,botnet_cc,Cobalt Strike,"CobaltStrike,drb-ra"
2026-07-23 10:03:09,1855975,authorization-id-browser.info,payload_delivery,Unknown malware,ClickFix
2026-07-18 09:33:31,1853327,auth-id-browser.info,payload_delivery,Unknown malware,ClickFix
2026-07-15 08:52:31,1850928,auth-code-verif.beer,payload_delivery,Unknown malware,ClickFix
2026-07-13 06:07:43,1849576,auth-code-check.info,payload_delivery,Unknown malware,ClickFix
2026-07-10 09:39:39,1847954,authorization-press-enter.info,payload_delivery,Unknown malware,ClickFix
2026-07-09 15:33:31,1847490,radiusbanten.com,payload_delivery,Unknown Stealer,"etherhiding,Polygon,victim"
2026-07-09 15:33:21,1847351,joanacosta.ca,payload_delivery,Unknown Stealer,"etherhiding,Polygon,victim"
2026-07-09 15:33:18,1847300,germanylifecure.com,payload_delivery,Unknown Stealer,"etherhiding,Polygon,victim"
2026-07-09 15:33:16,1847261,el-tech.eu,payload_delivery,Unknown Stealer,"etherhiding,Polygon,victim"
2026-07-09 15:33:13,1847228,competicionesfes.es,payload_delivery,Unknown Stealer,"etherhiding,Polygon,victim"
2026-07-07 12:10:35,1846057,bet1betyek.bet,payload_delivery,ClearFake,"7July2026,ClearFake,Commandline,DomainShadowing,Windows"
2026-07-07 09:12:34,1845992,authorization-cdn-press-enter.info,payload_delivery,Unknown malware,ClickFix
2026-07-04 15:09:30,1844658,authorization-id-code.info,payload_delivery,Unknown malware,ClickFix
2026-07-04 15:08:27,1844657,authorization-code.beer,payload_delivery,Unknown malware,ClickFix
2026-07-02 19:14:30,1843745,authorization-code.info,payload_delivery,Unknown malware,ClickFix
2026-07-01 20:30:21,1843310,betreward.bet,payload_delivery,ClearFake,"1July2026,ClearFake,Commandline,DomainShadowing,Windows"
2026-07-01 12:29:58,1840773,codeverificatrorcl.info,payload_delivery,Unknown malware,ClickFix
2026-06-30 18:48:31,1840367,idverification-cdn.info,payload_delivery,ClearFake,flomo
2026-06-29 11:46:18,1839238,updatesrv.net,botnet_cc,Cobalt Strike,"CobaltStrike,drb-ra"
2026-06-29 11:46:18,1839239,web-analyzer-serv32.com,botnet_cc,Cobalt Strike,"CobaltStrike,drb-ra"
2026-06-27 15:46:01,1838628,test.officeplustool.top,botnet_cc,Cobalt Strike,"CobaltStrike,drb-ra"
2026-06-26 12:25:15,1838124,k1h.hopesm188.top,botnet_cc,Vidar,"k5yss1,Vidar"
2026-06-25 05:04:59,1837191,verificationscodes.beer,payload_delivery,Unknown malware,ClickFix
2026-06-24 11:04:21,1836874,pelaihariku.com,payload_delivery,IClickFix,"ClickFix,etherhiding,injected,Polygon"
2026-06-24 11:04:14,1836824,entrepreneur-businesshub-international.com,payload_delivery,IClickFix,"ClickFix,etherhiding,injected,Polygon"
2026-06-23 10:31:17,1836309,verification-code-js.beer,payload_delivery,Unknown malware,"ClearFake,ClickFix,FakeCaptcha"
2026-06-23 10:31:16,1836311,code.verification-claude-cdn.beer,payload_delivery,Unknown malware,"ClearFake,ClickFix,FakeCaptcha"
2026-06-23 06:52:06,1836151,claudverification-id.beer,payload_delivery,Unknown Loader,"clickfix,etherhiding,FakeCaptcha"
2026-06-23 06:51:31,1836212,cleaningwithocd.net,payload_delivery,Vidar,"ClickFix,etherhiding,Polygon"
2026-06-23 06:51:27,1836218,geonatiq.com,payload_delivery,Vidar,"ClickFix,etherhiding,Polygon"
2026-06-22 08:24:12,1835471,idverification-code.beer,payload_delivery,Unknown malware,ClickFix
2026-06-22 00:02:34,1835342,bio90.football,payload_delivery,ClearFake,"22June2026,ClearFake,Commandline,MacOS"
2026-06-21 22:58:31,1835296,www.fillerwholesale.com,payload_delivery,Remus,"ClickFix,etherhiding,Polygon,Remus"
2026-06-21 22:58:24,1835123,hankinhoto.net,payload_delivery,Remus,"ClickFix,etherhiding,Polygon,Remus"
2026-06-21 22:58:21,1835057,clientsbooster.com,payload_delivery,Remus,"ClickFix,etherhiding,Polygon,Remus"
2026-06-18 18:26:17,1833839,2wr0b5x0.jetbetkade.com,payload_delivery,ClearFake,clearfake
2026-06-18 10:09:58,1833758,codecerification.beer,payload_delivery,Unknown malware,ClickFix
2026-06-17 15:39:41,1833477,code-verification-js.beer,payload_delivery,Unknown malware,ClickFix
2026-06-15 15:45:49,1832398,cs.tpedu2metricstw.dpdns.org,botnet_cc,Cobalt Strike,"CobaltStrike,drb-ra"
2026-06-15 12:53:05,1832358,svs-verificationdate.beer,payload_delivery,Unknown malware,ClickFix
2026-06-14 10:39:44,1831790,verification-js-cdn.boats,payload_delivery,Satacom,"ClickFix,LegionLoader"
2026-06-12 23:35:36,1831645,hkhyaprc.betyek.net,payload_delivery,ClearFake,ClearFake
2026-06-12 22:58:56,1831639,geirvzju.betxane.com,payload_delivery,ClearFake,ClearFake
2026-06-12 22:14:06,1831636,xipuryqj.betwanna.com,payload_delivery,ClearFake,ClearFake
2026-06-12 21:34:06,1831629,hqqacfwe.betforwardkade.com,payload_delivery,ClearFake,ClearFake
2026-06-12 20:57:47,1831626,yzqzbtkr.betfidokade.com,payload_delivery,ClearFake,ClearFake
2026-06-12 20:17:28,1831623,dxxxyoqr.bet313.org,payload_delivery,ClearFake,ClearFake
2026-06-12 19:36:17,1831605,llfarlit.bet120x.net,payload_delivery,ClearFake,ClearFake
2026-06-10 06:47:20,1825773,ethercdnns.beer,payload_delivery,Unknown malware,ClickFix
2026-06-09 05:11:12,1825258,noscalpelvasectomy.com,payload_delivery,Vidar,"compromised,etherhiding,Polygon,WordPress"
2026-06-09 05:11:02,1825270,wholefoodplantbasedrd.com,payload_delivery,Vidar,"compromised,etherhiding,Polygon,WordPress"
2026-06-08 08:01:47,1824678,victormeloadvogado.com,payload_delivery,IClickFix,"ClickFix,compromised,etherhiding,Polygon"
2026-06-06 05:24:31,1823854,pas.sm188star.top,botnet_cc,Vidar,"ar3k0,Vidar"
2026-06-05 05:14:52,1822674,dev.useimage.sbs,botnet_cc,Cobalt Strike,CobaltStrike
2026-06-04 23:45:07,1822599,updates.fisgloval.com,botnet_cc,Cobalt Strike,"CobaltStrike,drb-ra"
2026-06-03 17:14:53,1821986,betgit.casino,payload_delivery,ClearFake,"3June2026,ClearFake,Commandline,MacOS"
2026-06-03 13:45:34,1821840,glwlroq.bet30bet.com,payload_delivery,ClearFake,ClearFake
2026-06-03 13:07:11,1821827,betcompani.com,payload_delivery,ClearFake,"3June2026,ClearFake,Commandline,MacOS"
2026-06-03 08:25:24,1821707,bet-303.fun,payload_delivery,ClearFake,"3June2026,ClearFake,Commandline,Windows"
2026-06-02 21:53:26,1821598,luxerabet1.com,payload_delivery,ClearFake,"2June2026,ClearFake,Commandline,MacOS"
2026-06-02 13:50:07,1820929,bwfmojo.tunny.net,payload_delivery,ClearFake,ClearFake
2026-06-02 13:40:28,1820928,esbydax.tobisha.com,payload_delivery,ClearFake,ClearFake
2026-06-02 09:22:22,1820858,betfire90.bet,payload_delivery,ClearFake,"2June2026,ClearFake,Commandline,Windows"
2026-06-02 08:46:43,1820852,gllmkzi.betexper.bet,payload_delivery,ClearFake,ClearFake
2026-06-02 08:11:27,1820845,betbet.city,payload_delivery,ClearFake,"2June2026,ClearFake,Commandline,Windows"
2026-06-02 07:35:41,1820830,hqmathp.bet888starzz.com,payload_delivery,ClearFake,ClearFake
2026-06-02 07:00:25,1820825,xnkqvxs.bet365iran.com,payload_delivery,ClearFake,ClearFake
2026-06-02 06:24:39,1820818,bet313.app,payload_delivery,ClearFake,"2June2026,ClearFake,Commandline,Windows"
2026-05-31 22:56:59,1820411,daqotransformers.com,payload_delivery,ClearFake,"31May2026,ClearFake,Commandline,Windows"
2026-05-31 21:46:35,1820400,cnjiaju.vip,payload_delivery,ClearFake,"31May2026,ClearFake,Commandline,Windows"
2026-05-27 13:46:00,1819104,ns1.deepsekapi.cn,botnet_cc,Cobalt Strike,"CobaltStrike,drb-ra"
2026-05-23 22:00:08,1817757,cyy.turbo88ml.top,botnet_cc,Vidar,vidar
2026-05-15 16:00:12,1815073,pgo.fatherchrismas.com,botnet_cc,Vidar,vidar
2026-05-12 14:58:58,1810704,myachtconsulting.com,payload_delivery,Vidar,"ClickFix,compromised,etherhiding,Polygon,Vidar,WordPress"
2026-05-12 14:57:34,1810772,references.c3pluriel.fr,payload_delivery,Vidar,"ClickFix,compromised,etherhiding,Polygon,Vidar,WordPress"
2026-05-11 23:00:12,1811187,mpd.pegasus-77.biz.id,botnet_cc,Vidar,vidar
2026-05-11 00:11:27,1810638,ibor-jets.com,payload_delivery,Vidar,"ClickFix,compromised,etherhiding,Polygon,Vidar,WordPress"
2026-05-11 00:10:06,1810594,erinislamiccenter.ca,payload_delivery,Vidar,"ClickFix,compromised,etherhiding,Polygon,Vidar,WordPress"
2026-05-11 00:08:41,1810515,bhayatravels.com,payload_delivery,Vidar,"ClickFix,compromised,etherhiding,Polygon,Vidar,WordPress"
2026-05-02 06:32:28,1804582,tkcbusinessconsulting.com,payload_delivery,IClickFix,"ClickFix,compromised,etherhiding,Polygon,Vidar"
2026-05-02 06:32:25,1804551,sunyan.me,payload_delivery,IClickFix,"ClickFix,compromised,etherhiding,Polygon,Vidar"
2026-05-02 06:32:21,1804510,rookiereporter.com,payload_delivery,IClickFix,"ClickFix,compromised,etherhiding,Polygon,Vidar"
2026-05-02 06:32:08,1804370,kaesercustomhomes.com,payload_delivery,IClickFix,"ClickFix,compromised,etherhiding,Polygon,Vidar"
2026-05-01 14:30:24,1803670,frr.ambil-disini.web.id,botnet_cc,Vidar,vidar
2026-04-28 19:26:28,1801817,kineticnode.shop,payload_delivery,Unknown malware,"ClickFix,EXT"
2026-04-26 18:19:19,1800509,pillow.riverbridge.site,botnet_cc,Vidar,"ipocalur,Vidar"
2026-04-24 15:18:06,1797248,psy.flise-mesteren.dk,botnet_cc,Vidar,"r88vry,Vidar"
2026-04-22 11:17:13,1796068,wrath.bottlevacuum.shop,botnet_cc,Vidar,"opiusra,Vidar"
2026-04-17 17:13:27,1793617,ask.shurimaster.com,botnet_cc,Vidar,"a10fsw,Vidar"
2026-04-16 16:13:58,1792850,pir.rapidphonebuyer.co.uk,botnet_cc,Vidar,"d0b0p,Vidar"
2026-04-16 11:16:20,1792719,gusto.brothbridge.space,botnet_cc,Vidar,"odiznrio,Vidar"
2026-04-16 07:21:13,1792648,lsnsdns.beer,payload_delivery,Unknown malware,"ClickFix,ErrTraffic"
2026-04-15 08:15:17,1791688,venom.summertunnel.shop,botnet_cc,Vidar,"ozpifus,Vidar"
2026-04-14 14:11:23,1790171,dzodu.sparklingideas.space,botnet_cc,Vidar,"odzdkzo,Vidar"
2026-04-13 07:47:21,1785064,pre.hifive.net.au,botnet_cc,Vidar,Vidar
2026-04-07 07:46:05,1782182,dzdi.serendipityhub.space,botnet_cc,Vidar,Vidar
2026-04-06 14:51:54,1781792,ghdnsserverns.beer,payload_delivery,Unknown malware,"ClickFix,ErrTraffic"
2026-04-04 23:11:00,1781312,pathaudit.info,payload_delivery,Unknown malware,"ClickFix,EXT"
2026-04-04 22:07:06,1781292,webgleam.info,payload_delivery,Unknown malware,"ClickFix,EXT"
2026-04-03 16:13:22,1780720,hor.kaitorinihon.jp,botnet_cc,Vidar,Vidar
2026-03-27 21:24:29,1777607,pn2.skfilmsint.com,botnet_cc,Vidar,Vidar
2026-03-27 21:24:29,1777609,gre.syslicense.net,botnet_cc,Vidar,Vidar
2026-03-27 21:24:29,1777611,fefeo.iknowthat.space,botnet_cc,Vidar,Vidar
2026-03-27 09:15:47,1777209,bacloudserver.beer,payload_delivery,Unknown malware,"ClickFix,ErrTraffic"
2026-03-25 19:41:56,1776398,js-server.beer,payload_delivery,Unknown malware,"ClickFix,ErrTraffic"
2026-03-25 08:37:12,1775397,cdnjsdelivr.beer,payload_delivery,Unknown malware,"ClickFix,ErrTraffic"
2026-03-25 06:49:50,1775321,bedcdnset.beer,payload_delivery,Unknown malware,"ClickFix,ErrTraffic"
2026-03-24 09:11:00,1774839,lasthauszver.beer,payload_delivery,Unknown malware,"ClickFix,ErrTraffic"
2026-03-22 12:07:43,1773758,istile-c-cloud.beer,payload_delivery,Unknown malware,"ClickFix,ErrTraffic"
2026-03-21 08:14:50,1773160,fontawesome-js-ico.beer,payload_delivery,Unknown malware,"ClickFix,ErrTraffic"
2026-03-20 10:31:46,1771987,rpc-cloud.beer,payload_delivery,Unknown malware,"ClickFix,ErrTraffic"
2026-03-20 08:22:09,1771946,fonts25-save.sbs,payload_delivery,Unknown malware,"ClickFix,ErrTraffic"
2026-03-17 13:17:13,1769298,vblbs.beer,payload_delivery,Unknown malware,"ClickFix,ErrTraffic"
2026-03-17 12:55:01,1769283,networksolutionson.sbs,payload_delivery,Unknown malware,"ClickFix,ErrTraffic"
2026-03-17 12:52:41,1769281,lvlensourgat.sbs,payload_delivery,Unknown malware,"ClickFix,ErrTraffic"
2026-03-17 12:40:20,1769276,bigsmart.beer,payload_delivery,Unknown malware,"ClickFix,ErrTraffic"
2026-03-17 12:39:03,1769274,lstyle-sdn.sbs,payload_delivery,Unknown malware,"ClickFix,ErrTraffic"
2026-03-13 16:12:36,1765462,cdn-2faclov.sbs,payload_delivery,Unknown malware,"ClickFix,ErrTraffic"
2026-03-13 16:11:29,1765460,winecdn.sbs,payload_delivery,Unknown malware,"ClickFix,ErrTraffic"
2026-03-12 19:05:02,1764083,mrllvd.beer,payload_delivery,Unknown malware,"ClickFix,ErrTraffic"
2026-03-08 19:33:59,1761716,rpc-polygon.beer,payload_delivery,Unknown malware,"ClickFix,ErrTraffic"
2026-02-25 17:51:38,1754540,cdn-server.beer,payload_delivery,Unknown malware,"ClickChain,ClickFix,ErrTraffic"
2026-02-24 15:14:37,1754120,analyticshore.icu,payload_delivery,Unknown malware,"ClickFix,EXT"
2026-02-24 15:14:15,1754165,metricspixel.live,payload_delivery,Unknown malware,"ClickFix,EXT"
2026-02-24 15:14:10,1754171,pixelmetrics.live,payload_delivery,Unknown malware,"ClickFix,EXT"
2026-02-24 11:48:55,1754162,insightpixel.icu,payload_delivery,Unknown malware,"ClickFix,EXT"
2026-02-24 11:48:03,1754159,googlanalitlcs.xyz,payload_delivery,Unknown malware,"ClickFix,EXT"
2026-02-24 11:46:56,1754156,googlanalitlcs.pro,payload_delivery,Unknown malware,"ClickFix,EXT"
2026-02-24 11:46:05,1754153,googlanalitlcs.live,payload_delivery,Unknown malware,"ClickFix,EXT"
2026-02-24 11:44:50,1754150,googlanalitlcs.icu,payload_delivery,Unknown malware,"ClickFix,EXT"
2026-02-24 11:43:28,1754147,webtracelab.icu,payload_delivery,Unknown malware,"ClickFix,EXT"
2026-02-24 11:42:30,1754144,webpulsedata.icu,payload_delivery,Unknown malware,"ClickFix,EXT"
2026-02-24 11:40:50,1754141,siteinsights.icu,payload_delivery,Unknown malware,"ClickFix,EXT"
2026-02-24 11:38:25,1754135,datapointly.icu,payload_delivery,Unknown malware,"ClickFix,EXT"
2026-02-24 11:37:34,1754132,clickstream.icu,payload_delivery,Unknown malware,"ClickFix,EXT"
2026-02-24 11:36:29,1754129,visitorflow.icu,payload_delivery,Unknown malware,"ClickFix,EXT"
2026-02-24 11:35:20,1754126,trackmetrica.icu,payload_delivery,Unknown malware,"ClickFix,EXT"
2026-02-24 11:33:47,1754123,metricvault.icu,payload_delivery,Unknown malware,"ClickFix,EXT"
2026-02-22 15:48:02,1752411,vaer-cdn-3.sbs,payload_delivery,Unknown malware,"ClickChain,ClickFix,ErrTraffic"
2026-02-22 15:48:00,1752415,nstv-css-styles-19.sbs,payload_delivery,Unknown malware,"ClickChain,ClickFix,ErrTraffic"
2026-02-16 07:59:20,1749010,cdn-clodflare-fotns.cfd,payload_delivery,Unknown malware,"ClickChain,ClickFix,ErrTraffic"
2026-02-15 23:09:19,1748998,sdn-cloudflare-js-botstrup.cfd,payload_delivery,Unknown malware,"ClickChain,ClickFix,ErrTraffic"
2026-02-15 22:35:22,1748960,nascdn-js.life,payload_delivery,Unknown malware,"ClickChain,ClickFix,ErrTraffic"
2026-02-15 22:13:39,1748942,dev-js-cdn.cfd,payload_delivery,Unknown malware,"ClickChain,ClickFix,ErrTraffic"
2026-02-15 20:49:12,1748926,cloud-safe.click,payload_delivery,Unknown malware,"ClickChain,ClickFix,ErrTraffic"
2026-02-15 20:48:31,1748924,rpc-framework-check.click,payload_delivery,Unknown malware,"ClickChain,ClickFix,ErrTraffic"
2026-02-15 20:47:43,1748922,cdn-server.click,payload_delivery,Unknown malware,"ClickChain,ClickFix,ErrTraffic"
2026-02-15 20:45:01,1748918,nascdn-js.click,payload_delivery,Unknown malware,"ClickChain,ClickFix,ErrTraffic"
2026-02-15 20:43:38,1748916,cdn-js-conhost.click,payload_delivery,Unknown malware,"ClickChain,ClickFix,ErrTraffic"
2026-02-15 20:41:28,1748912,sdn-cloudflare-js-css.click,payload_delivery,Unknown malware,"ClickChain,ClickFix,ErrTraffic"
2026-02-13 14:01:35,1747540,gor.emiraride.com,botnet_cc,Vidar,Vidar
2026-02-08 15:42:12,1743346,lcowpowerlite.italynorth.cloudapp.azure.com,botnet_cc,Cobalt Strike,"CobaltStrike,threatview-io"
2026-01-16 14:56:19,1733583,test.dnslogger.site,botnet_cc,Cobalt Strike,"CobaltStrike,drb-ra"
2025-12-24 12:48:51,1685856,helpremote.cc,botnet_cc,Cobalt Strike,"CobaltStrike,drb-ra"
2025-12-23 02:54:49,1684936,missmovie.lol,botnet_cc,Cobalt Strike,"CobaltStrike,drb-ra"
2025-11-26 12:50:54,1650889,job.itechno.cc,botnet_cc,Cobalt Strike,"CobaltStrike,drb-ra"
2025-11-12 09:18:59,1639246,rx.fabiankorte.net,botnet_cc,Vidar,Vidar
2025-10-23 16:48:58,1625642,maelootp.com,botnet_cc,Cobalt Strike,"CobaltStrike,drb-ra"
2025-10-23 12:50:22,1625564,evil.ritademo.io.vn,botnet_cc,Cobalt Strike,"CobaltStrike,drb-ra"
2025-10-21 02:49:37,1618876,www.salesf0rce.club,botnet_cc,Cobalt Strike,"CobaltStrike,drb-ra"
2025-10-16 22:49:04,1616728,ns1.gygiuh.online,botnet_cc,Cobalt Strike,"CobaltStrike,drb-ra"
2025-09-22 14:49:30,1598100,cstest.mucfc.store,botnet_cc,Cobalt Strike,"CobaltStrike,drb-ra"
2025-09-22 08:49:38,1597898,ns2.cryptwechat.com,botnet_cc,Cobalt Strike,"CobaltStrike,drb-ra"
2025-09-22 08:49:35,1597894,ns1.cryptwechat.com,botnet_cc,Cobalt Strike,"CobaltStrike,drb-ra"
2025-09-02 18:50:45,1580721,ns2.microoosoft.com,botnet_cc,Cobalt Strike,"CobaltStrike,drb-ra"
2025-09-02 18:50:42,1580720,ns1.microoosoft.com,botnet_cc,Cobalt Strike,"CobaltStrike,drb-ra"
2025-08-29 22:49:03,1577775,n1.google-analytcis.com,botnet_cc,Cobalt Strike,"CobaltStrike,drb-ra"
2025-08-29 22:49:03,1577776,n2.google-analytcis.com,botnet_cc,Cobalt Strike,"CobaltStrike,drb-ra"
2025-08-29 22:49:03,1577777,n3.google-analytcis.com,botnet_cc,Cobalt Strike,"CobaltStrike,drb-ra"
2025-08-29 22:49:01,1577774,lab.google-analytcis.com,botnet_cc,Cobalt Strike,"CobaltStrike,drb-ra"
2025-08-23 04:00:06,1572897,pensi.me,botnet_cc,Cobalt Strike,"AS8560,C2,censys"
2025-08-11 22:49:05,1567334,hibmarket.help,botnet_cc,Cobalt Strike,"CobaltStrike,drb-ra"
2025-07-16 22:49:04,1557619,ns3.nsebseshop.cloud,botnet_cc,Cobalt Strike,"CobaltStrike,drb-ra"
2025-07-16 22:49:03,1557618,ns2.nsebseshop.cloud,botnet_cc,Cobalt Strike,"CobaltStrike,drb-ra"
2025-07-16 22:49:02,1557617,ns1.nsebseshop.cloud,botnet_cc,Cobalt Strike,"CobaltStrike,drb-ra"
2025-06-30 07:56:18,1551535,17.aa.4t.com,botnet_cc,Vidar,"jaa3n,Vidar"
2025-06-28 10:53:12,1550783,dns1.globalcdn.autos,botnet_cc,Cobalt Strike,"CobaltStrike,drb-ra"
2025-06-06 06:17:59,1541500,gou.xiaogoubi.top,botnet_cc,Cobalt Strike,"c2,cobaltstrike"
2025-05-12 20:55:40,1520342,asusupdateserver.asuscomm.com,botnet_cc,Cobalt Strike,"CobaltStrike,drb-ra"
2025-03-25 22:53:24,1458716,ehchq7m7rpvdr.cfc-execute.bj.baidubce.com,botnet_cc,Cobalt Strike,"CobaltStrike,drb-ra"
2025-03-12 02:47:28,1446559,www.dyshop.online,botnet_cc,Cobalt Strike,"CobaltStrike,drb-ra"
2025-03-01 20:46:51,1439166,ns.1.3.0o0.foo,botnet_cc,Cobalt Strike,"CobaltStrike,drb-ra"
2025-03-01 20:46:51,1439167,ns.1.4.0o0.foo,botnet_cc,Cobalt Strike,"CobaltStrike,drb-ra"
2025-02-02 12:49:35,1402480,service-rchqbzvz-1301033415.sh.tencentapigw.com,botnet_cc,Cobalt Strike,"CobaltStrike,drb-ra"
2025-01-17 07:45:55,1384790,at1.227api.com,botnet_cc,Cobalt Strike,"CobaltStrike,drb-ra"
2025-01-17 07:45:55,1384791,at2.227api.com,botnet_cc,Cobalt Strike,"CobaltStrike,drb-ra"
2025-01-17 07:45:55,1384792,at3.227api.com,botnet_cc,Cobalt Strike,"CobaltStrike,drb-ra"
2025-01-10 09:14:38,1380875,update.mloadspring.com,botnet_cc,Cobalt Strike,"CobaltStrike,drb-ra"
2025-01-10 09:14:38,1380878,upgrade.mloadspring.com,botnet_cc,Cobalt Strike,"CobaltStrike,drb-ra"
2025-01-10 09:14:30,1380837,ns3.akawowfast.com,botnet_cc,Cobalt Strike,"CobaltStrike,drb-ra"
2025-01-10 09:14:27,1380818,ns2.cmbchina.top,botnet_cc,Cobalt Strike,"CobaltStrike,drb-ra"
2025-01-10 09:14:26,1380815,ns2.akawowfast.com,botnet_cc,Cobalt Strike,"CobaltStrike,drb-ra"
2025-01-10 09:14:20,1380783,ns1.akawowfast.com,botnet_cc,Cobalt Strike,"CobaltStrike,drb-ra"
2025-01-10 09:14:20,1380787,ns1.cmbchina.top,botnet_cc,Cobalt Strike,"CobaltStrike,drb-ra"
2024-11-19 18:00:05,1346058,servicioremotoempresas.info,botnet_cc,Cobalt Strike,"CobaltStrike,threatview-io"
2024-07-03 10:21:02,1292905,qianxinnbplus.xyz,botnet_cc,Cobalt Strike,"CobaltStrike,threatview-io"
2024-06-30 21:00:04,1291297,londopas.com,botnet_cc,Cobalt Strike,"CobaltStrike,threatview-io"
2024-06-30 21:00:03,1291296,berjimek.com,botnet_cc,Cobalt Strike,"CobaltStrike,threatview-io"
2024-06-30 10:13:19,1291010,www.qianxinnbplus.xyz,botnet_cc,Cobalt Strike,"CobaltStrike,cs-watermark-666666666,HKLNIL Landui Cloud ComputingHK Limited"
2024-06-16 14:42:03,1285430,ieee-ecce.info,botnet_cc,Cobalt Strike,"CobaltStrike,threatview-io"
2024-06-16 14:42:03,1285431,kauzalvip.com,botnet_cc,Cobalt Strike,"CobaltStrike,threatview-io"
2024-06-16 14:42:03,1285432,nakit-yok.org,botnet_cc,Cobalt Strike,"CobaltStrike,threatview-io"
2024-06-16 14:42:03,1285433,nathanhr.services,botnet_cc,Cobalt Strike,"CobaltStrike,threatview-io"
2024-06-10 09:26:05,1283657,support.whatsappsignup.com,botnet_cc,Cobalt Strike,"CobaltStrike,cs-watermark-987654321,PEG TECH INC"
2024-06-02 19:42:15,1278385,static.nvidiadrives.com,botnet_cc,Cobalt Strike,"CobaltStrike,threatview-io"
2024-05-29 12:53:46,1276810,asterchildrenshoes.com,botnet_cc,Cobalt Strike,"BL Networks,CobaltStrike,cs-watermark-987654321"
2024-05-25 22:18:29,1275630,pt-security.ru,botnet_cc,Cobalt Strike,"CobaltStrike,cs-watermark-987654321,MTW-AS"
2024-05-16 07:53:43,1271699,vip8806.mom,botnet_cc,Cobalt Strike,"CNSERVERS LLC,CobaltStrike,cs-watermark-987654321"
2024-05-15 22:13:26,1271605,blmdiscount.com,botnet_cc,Cobalt Strike,"CobaltStrike,cs-watermark-674054486,FBWNETWORKS"
2024-05-11 22:47:09,1269723,action-winds.cfd,botnet_cc,Cobalt Strike,"CobaltStrike,cs-watermark-987654321,Simple Carrier LLC"
2024-05-11 22:47:08,1269721,microstar.cfd,botnet_cc,Cobalt Strike,"CobaltStrike,cs-watermark-987654321,Simple Carrier LLC"
2024-03-27 14:42:02,1250157,soneypaly.club,botnet_cc,Cobalt Strike,"CobaltStrike,threatview-io"
2024-03-06 10:12:56,1244726,googlesupportacc.top,botnet_cc,Cobalt Strike,"ASSEFLOW,CobaltStrike,cs-watermark-987654321"
2024-02-07 10:12:22,1237623,as.regcssv.com,botnet_cc,Cobalt Strike,"CobaltStrike,cs-watermark-1580103824,FLYSERVERS-ASN"
2024-02-07 10:12:21,1237621,qw.regcssv.com,botnet_cc,Cobalt Strike,"CobaltStrike,cs-watermark-1580103824,FLYSERVERS-ASN"
2024-02-06 14:44:02,1237292,www.164-90-169-184.cprapid.com,botnet_cc,Cobalt Strike,"AS14061,C2,censys,DIGITALOCEAN-ASN"
2024-02-03 19:38:15,1236577,ec2-3-22-66-152.us-east-2.compute.amazonaws.com,botnet_cc,Cobalt Strike,"AMAZON-02,AS16509,C2,censys"
2024-01-30 06:20:36,1235330,www.classicstandupcomedy.com,botnet_cc,Cobalt Strike,"cobaltstrike,cs-watermark-1551089073"
2024-01-30 06:20:35,1235331,whyzup.com,botnet_cc,Cobalt Strike,"cobaltstrike,cs-watermark-1551089073"
2024-01-30 06:20:34,1235332,www.louangelwolf.com,botnet_cc,Cobalt Strike,"cobaltstrike,cs-watermark-1551089073"
2024-01-30 06:20:33,1235333,louangelwolf.com,botnet_cc,Cobalt Strike,"cobaltstrike,cs-watermark-1551089073"
2024-01-28 06:22:18,1234854,kkudndkwatnfevcaqeefytqnh.top,botnet_cc,Cobalt Strike,"cobaltstrike,cs-watermark-987654321"
2024-01-28 06:22:17,1234859,whxzqkbbtzvdyxdeseoiyujzs.co,botnet_cc,Cobalt Strike,"cobaltstrike,cs-watermark-987654321"
2024-01-28 06:22:17,1234860,uohhunkmnfhbimtagizqgwpmv.to,botnet_cc,Cobalt Strike,"cobaltstrike,cs-watermark-987654321"
2024-01-23 13:53:21,1233919,www.idn15r69vh3fwhzclfoeuaoy.today,botnet_cc,Cobalt Strike,"AS45102,C2,censys"
2024-01-18 13:44:13,1231802,164-90-169-184.cprapid.com,botnet_cc,Cobalt Strike,"C2,censys,DIGITALOCEAN-ASN"
2024-01-15 16:27:00,1230909,lz4.tiktok123.life,botnet_cc,Cobalt Strike,"cobaltstrike,cs-watermark-987654321"
2024-01-12 18:36:24,1230429,site.dev.hutechweb.com,botnet_cc,Cobalt Strike,"cobaltstrike,cs-watermark-987654321"
2024-01-11 06:54:21,1230076,ns1.fiducaire.lu,botnet_cc,Cobalt Strike,"cobaltstrike,cs-watermark-1263551644"
2024-01-11 06:54:21,1230077,ns1.asurances.lu,botnet_cc,Cobalt Strike,"cobaltstrike,cs-watermark-1263551644"
2024-01-11 06:54:20,1230078,sagsblog.telinduslab.lu,botnet_cc,Cobalt Strike,"cobaltstrike,cs-watermark-1263551644"
2024-01-11 06:54:20,1230079,ns1.jocelynhealth.com,botnet_cc,Cobalt Strike,"cobaltstrike,cs-watermark-1590258876"
2024-01-10 10:50:13,1229840,ns.emaratalyoum.me,botnet_cc,Cobalt Strike,"cobaltstrike,cs-watermark-1727139162"
2024-01-09 14:55:19,1229694,emailmigration.org,botnet_cc,Cobalt Strike,"cobaltstrike,cs-watermark-1892870985"
2024-01-09 14:55:17,1229695,ns1.emailmigration.org,botnet_cc,Cobalt Strike,"cobaltstrike,cs-watermark-1892870985"
2023-12-30 11:33:25,1226488,astra4512.startdedicated.com,botnet_cc,Cobalt Strike,"CobaltStrike,cs-watermark-987654321,GD-EMEA-DC-SXB1"
2023-12-27 22:15:29,1224105,cs.xcb.one,botnet_cc,Cobalt Strike,"CobaltStrike,cs-watermark-987654321,MICROSOFT-CORP-MSN-AS-BLOCK"
2023-12-24 02:59:49,1223139,www.eyefinancemonitor.com,botnet_cc,Cobalt Strike,"AMAZON-02,C2,censys"
2023-12-16 22:12:14,1213636,MicrosoftSyst3m.com,botnet_cc,Cobalt Strike,"CobaltStrike,cs-watermark-674054486,GLOBALLAYER"
2023-12-04 08:45:50,1209246,unzip2.xyz,botnet_cc,Cobalt Strike,"CobaltStrike,cs-watermark-987654321,TENCENT-NET-AP-CN Tencent Building Kejizhongyi Avenue"
2023-11-24 08:21:04,1205166,techsyscloud.com,botnet_cc,Cobalt Strike,"CobaltStrike,threatview-io"
2023-11-24 08:21:04,1205167,yify88.com,botnet_cc,Cobalt Strike,"CobaltStrike,threatview-io"
2023-11-24 08:21:03,1205165,sunwu.world,botnet_cc,Cobalt Strike,"CobaltStrike,threatview-io"
2023-11-24 08:21:02,1205164,americcorp.net,botnet_cc,Cobalt Strike,"CobaltStrike,threatview-io"
2023-11-22 20:04:09,1204685,tech-guard.vguard.tech,botnet_cc,Cobalt Strike,"AMAZON-AES,C2,censys"
2023-11-22 20:04:08,1204684,manager.moonlighter.space,botnet_cc,Cobalt Strike,"C2,censys,DIGITALOCEAN-ASN"
2023-11-15 20:24:37,1202628,ns.manager.moonlighter.space,botnet_cc,Cobalt Strike,"CobaltStrike,cs-watermark-1893164628,DIGITALOCEAN-ASN"
2023-11-15 09:53:18,1202346,www.theokanegroup.com,botnet_cc,Cobalt Strike,"CobaltStrike,cs-watermark-396590767,DIGITALOCEAN-ASN"
2023-11-10 15:54:20,1201432,goocoinorg.com,botnet_cc,Cobalt Strike,"C2,censys"
2023-11-09 04:06:44,1200343,dev.theokanegroup.com,botnet_cc,Cobalt Strike,"C2,censys,DIGITALOCEAN-ASN"
2023-11-06 18:07:30,1199506,bwyb.love,botnet_cc,Cobalt Strike,"C2,censys"
2023-11-05 15:00:42,1199160,www.sunwu.world,botnet_cc,Cobalt Strike,"C2,censys"
2023-10-20 21:57:56,1191379,www.goocoinorg.com,botnet_cc,Cobalt Strike,"C2,censys"
2023-10-16 08:49:32,1189545,airlinesapp.net,botnet_cc,Cobalt Strike,"CobaltStrike,cs-watermark-587247372,DigitalOcean LLC"
2023-10-13 19:49:34,1188605,lectricelfuel.com,botnet_cc,Cobalt Strike,"C2,censys,DIGITALOCEAN-ASN"
2023-10-09 16:30:54,1184607,lectricelfuel.com,payload_delivery,Cobalt Strike,"c2,censys"
2023-10-09 16:30:54,1184615,www.goocoinorg.com,payload_delivery,Cobalt Strike,"c2,censys"
2023-09-21 09:29:08,1165497,igo0gle.com,botnet_cc,Cobalt Strike,"AS-ALVIVA,CobaltStrike,cs-watermark-674054486"
2023-09-09 20:06:55,1155921,csxv.sec.cm,botnet_cc,Cobalt Strike,"CHANGWAY-AS,CobaltStrike,cs-watermark-987654321"
2023-08-26 18:42:05,1152278,withoutedge.com,botnet_cc,Cobalt Strike,"CobaltStrike,threatview-io"
2023-08-26 18:42:04,1152277,thconnewfoot.org,botnet_cc,Cobalt Strike,"CobaltStrike,threatview-io"
2023-08-26 18:42:03,1152274,caixas.link,botnet_cc,Cobalt Strike,"CobaltStrike,threatview-io"
2023-08-26 18:42:03,1152275,ddllsearch.site,botnet_cc,Cobalt Strike,"CobaltStrike,threatview-io"
2023-08-26 18:42:03,1152276,gepcash.com,botnet_cc,Cobalt Strike,"CobaltStrike,threatview-io"
2023-08-26 18:42:02,1152272,amazonclouds.link,botnet_cc,Cobalt Strike,"CobaltStrike,threatview-io"
2023-08-26 18:42:02,1152273,amur-city.online,botnet_cc,Cobalt Strike,"CobaltStrike,threatview-io"
2023-08-14 16:00:05,1149946,pctor.link,botnet_cc,Cobalt Strike,"CobaltStrike,threatview-io"
2023-08-14 16:00:04,1149945,tehomics.link,botnet_cc,Cobalt Strike,"CobaltStrike,threatview-io"
2023-08-14 16:00:03,1149944,instant-healthonline.com,botnet_cc,Cobalt Strike,"CobaltStrike,threatview-io"
2023-08-05 14:38:23,1148731,stratpringl.com,botnet_cc,Cobalt Strike,"CobaltStrike,cs-watermark-1580103824,PINDC-AS"
2023-08-04 11:01:52,1148487,onlinetechdesk.com,botnet_cc,Cobalt Strike,"AS-COLOCROSSING,CobaltStrike,cs-watermark-587247372"
2023-08-03 10:25:44,1146843,harmonyshoused.com,botnet_cc,Cobalt Strike,"CobaltStrike,cs-watermark-206546002,HVC-AS"
2023-08-03 10:24:41,1146834,api.office-updates.org,botnet_cc,Cobalt Strike,"CobaltStrike,cs-watermark-494165167,DIGITALOCEAN-ASN"
2023-08-02 10:24:58,1146619,mkbkygbgwcdc.buzz,botnet_cc,Cobalt Strike,"CobaltStrike,cs-watermark-391144938,KAOPU-HK Kaopu Cloud HK Limited"
2023-07-25 10:17:22,1140114,tcessolution.com,botnet_cc,Cobalt Strike,"AS202973,CobaltStrike,cs-watermark-587247372"
2023-07-15 12:48:31,1138196,rw1.sentrysource.com,botnet_cc,Cobalt Strike,"CobaltStrike,cs-watermark-93937751,ROGERS-COMMUNICATIONS"
2023-07-03 15:42:02,1135804,pedagogists.com,botnet_cc,Cobalt Strike,"CobaltStrike,threatview-io"
2023-07-03 15:42:01,1135803,cdnsupply.com,botnet_cc,Cobalt Strike,"CobaltStrike,threatview-io"
2023-06-26 08:12:17,1134128,check1.judicical.ml,botnet_cc,Cobalt Strike,"CNSERVERS,CobaltStrike,cs-watermark-100000000"
2023-06-26 08:11:33,1134127,check.judicical.ml,botnet_cc,Cobalt Strike,"CNSERVERS,CobaltStrike,cs-watermark-100000000"
2023-06-22 17:12:29,1133505,usadevgroup.com,botnet_cc,Cobalt Strike,"CobaltStrike,cs-watermark-587247372,WAICORE-TRANSIT"
2023-06-11 22:26:06,1128165,heastings.com,botnet_cc,Cobalt Strike,"CobaltStrike,cs-watermark-206546002,M247"
2023-06-09 20:00:05,1127715,unitechdb.com,botnet_cc,Cobalt Strike,"CobaltStrike,threatview-io"
2023-06-09 20:00:04,1127713,cornptia.org,botnet_cc,Cobalt Strike,"CobaltStrike,threatview-io"
2023-06-09 20:00:04,1127714,eyefinancemonitor.com,botnet_cc,Cobalt Strike,"CobaltStrike,threatview-io"
2023-06-08 16:27:41,1127447,surplusofer.com,botnet_cc,Cobalt Strike,"CobaltStrike,cs-watermark-206546002,HVC-AS"
2023-05-25 15:42:02,1122048,dianqi2.dianqi1.jiayongdianqi.xyz,botnet_cc,Cobalt Strike,"CobaltStrike,cs-watermark-492498911,XNNET LLC"
2023-05-25 15:41:46,1122047,dianqi1.dianqi2.jiayongdianqi.xyz,botnet_cc,Cobalt Strike,"CobaltStrike,cs-watermark-492498911,XNNET LLC"
2023-05-25 15:41:31,1122046,dianqi2.jiayongdianqi.xyz,botnet_cc,Cobalt Strike,"CobaltStrike,cs-watermark-492498911,XNNET LLC"
2023-05-25 15:41:10,1122045,dianqi1.jiayongdianqi.xyz,botnet_cc,Cobalt Strike,"CobaltStrike,cs-watermark-492498911,XNNET LLC"
2023-05-24 19:36:26,1121462,skynet-i.asuscomm.com,botnet_cc,Cobalt Strike,"CobaltStrike,cs-watermark-987654321,STC-AS PJSC Rostelecom Krasnodar"
2023-05-24 19:35:48,1121460,update.microsoftapply.com,botnet_cc,Cobalt Strike,"CobaltStrike,cs-watermark-Not Found,DediPath"
2023-05-23 12:37:36,1120772,australiansuper.xyz,botnet_cc,Cobalt Strike,"Amazon.com Inc.,CobaltStrike,cs-watermark-348901740"
2023-05-16 10:00:03,1116637,sheersdesigns.com,botnet_cc,Cobalt Strike,"CobaltStrike,threatview-io"
2023-05-16 10:00:02,1116636,artmicrodesign.com,botnet_cc,Cobalt Strike,"CobaltStrike,threatview-io"
2023-05-06 16:13:31,1112839,situotech.com,botnet_cc,Cobalt Strike,"CobaltStrike,cs-watermark-587247372,HARMONYHOSTING-AS"
2023-04-22 18:00:03,1106335,maboloud.com,botnet_cc,Cobalt Strike,"CobaltStrike,threatview-io"
2023-04-22 18:00:03,1106336,matong.buzz,botnet_cc,Cobalt Strike,"CobaltStrike,threatview-io"
2023-04-22 18:00:03,1106337,sveexec.com,botnet_cc,Cobalt Strike,"CobaltStrike,threatview-io"
2023-04-21 10:20:17,1105988,qw.sveexec.com,botnet_cc,Cobalt Strike,"CobaltStrike,cs-watermark-1580103824,GLOBALLAYER"
2023-04-12 09:02:56,1102558,lls-rs.org,botnet_cc,Cobalt Strike,"CobaltStrike,cs-watermark-0,PROSPERO-AS"
2023-04-03 07:21:03,1096685,iony.top,botnet_cc,Cobalt Strike,"CobaltStrike,threatview-io"
2023-04-03 07:21:03,1096686,office36o.online,botnet_cc,Cobalt Strike,"CobaltStrike,threatview-io"
2023-04-03 07:21:02,1096683,feyrijavac.com,botnet_cc,Cobalt Strike,"CobaltStrike,threatview-io"
2023-04-03 07:21:02,1096684,fidelyus.com,botnet_cc,Cobalt Strike,"CobaltStrike,threatview-io"
2023-03-29 22:27:30,1095276,jacketsupport.com,botnet_cc,Cobalt Strike,"CobaltStrike,cs-watermark-587247372,GLOBALLAYER"
2023-03-29 04:51:21,1095042,duckducklive.top,botnet_cc,Cobalt Strike,"391144938,Beacon,Cobalt Strike,CobaltStrike"
2023-03-28 15:52:23,1094484,louvree.abudhabe.info,botnet_cc,Cobalt Strike,"CobaltStrike,cs-watermark-1826426664,EMIRATES-INTERNET Emirates Internet"
2023-03-20 17:21:02,1092077,jquerymaingame.com,botnet_cc,Cobalt Strike,"CobaltStrike,threatview-io"
2023-03-20 17:21:02,1092078,mail-my-account.com,botnet_cc,Cobalt Strike,"CobaltStrike,threatview-io"
2023-03-20 17:21:02,1092079,my-accounts-gooogle.com,botnet_cc,Cobalt Strike,"CobaltStrike,threatview-io"
2023-03-20 17:21:02,1092080,pegistrationads.site,botnet_cc,Cobalt Strike,"CobaltStrike,threatview-io"
2023-03-20 17:21:01,1092075,eaglehardwares.com,botnet_cc,Cobalt Strike,"CobaltStrike,threatview-io"
2023-03-20 17:21:01,1092076,information.baby,botnet_cc,Cobalt Strike,"CobaltStrike,threatview-io"
2023-03-20 13:36:29,1092009,moviegallerys.com,botnet_cc,Cobalt Strike,"CobaltStrike,cs-watermark-206546002,UAB Cherry Servers"
2023-03-17 22:40:17,1091575,acroserver.com,botnet_cc,Cobalt Strike,"CobaltStrike,cs-watermark-674054486,Flyservers S.A."
2023-03-17 19:45:49,1091535,atechniques.com,botnet_cc,Cobalt Strike,"AEZA-AS,CobaltStrike,cs-watermark-674054486"
2023-03-17 13:33:15,1091454,winsatoom.com,botnet_cc,Cobalt Strike,"AS-CHOOPA,CobaltStrike,cs-watermark-668694132"
2023-03-13 04:47:12,1087542,devoinnanote.com,botnet_cc,Cobalt Strike,"CobaltStrike,cs-watermark-2130772225,SHARKTECH"
2023-02-26 09:03:09,1082976,ponzinivek.com,botnet_cc,Cobalt Strike,"CobaltStrike,threatview-io"
2023-02-26 09:03:09,1082977,ruplearben.com,botnet_cc,Cobalt Strike,"CobaltStrike,threatview-io"
2023-02-26 09:03:09,1082978,talonbilling.com,botnet_cc,Cobalt Strike,"CobaltStrike,threatview-io"
2023-02-26 09:03:09,1082979,gorillagaz.com,botnet_cc,Cobalt Strike,"CobaltStrike,threatview-io"
2023-02-26 09:03:09,1082980,chanimoblie.com,botnet_cc,Cobalt Strike,"CobaltStrike,threatview-io"
2023-02-26 09:03:08,1082975,svcshosvt.com,botnet_cc,Cobalt Strike,"CobaltStrike,threatview-io"
2023-02-25 14:42:02,1082871,kbnexc.com,botnet_cc,Cobalt Strike,"CobaltStrike,threatview-io"
2023-02-25 14:42:01,1082870,jquerysslx.com,botnet_cc,Cobalt Strike,"CobaltStrike,threatview-io"
2023-02-25 13:15:07,1082838,e-servicesolutions.com,botnet_cc,Cobalt Strike,"AEZA GROUP Ltd,CobaltStrike,cs-watermark-674054486"
2023-02-24 02:30:56,1082591,devsecurityservices.com,botnet_cc,Cobalt Strike,"CobaltStrike,cs-watermark-674054486,Flyservers S.A."
2023-02-23 13:06:09,1082419,vmware.rest,botnet_cc,Cobalt Strike,"AS-CHOOPA,CobaltStrike,cs-watermark-1234567890"
2023-02-23 13:06:07,1082417,www.vmware.rest,botnet_cc,Cobalt Strike,"AS-CHOOPA,CobaltStrike,cs-watermark-1234567890"
2023-02-17 18:25:01,1081018,galspost.com,botnet_cc,Cobalt Strike,"CobaltStrike,cs-watermark-1101991775,Microsoft Corporation"
2023-02-16 14:54:22,1080735,imvcatool.com,botnet_cc,Cobalt Strike,"AEZA-AS,CobaltStrike,cs-watermark-674054486"
2023-02-04 19:39:46,1078198,aspnetcenter.com,botnet_cc,Cobalt Strike,"CobaltStrike,Web Gostaran Bandar Company PJS"
2023-02-04 18:42:02,1078172,audelr.com,botnet_cc,Cobalt Strike,"CobaltStrike,threatview-io"
2023-02-04 18:42:02,1078173,csou.link,botnet_cc,Cobalt Strike,"CobaltStrike,threatview-io"
2023-02-04 18:42:02,1078174,integrated-security.net,botnet_cc,Cobalt Strike,"CobaltStrike,threatview-io"
2023-02-04 18:42:02,1078175,uranustechsolution.com,botnet_cc,Cobalt Strike,"CobaltStrike,threatview-io"
2023-02-03 17:24:39,1078062,getsafeblog.com,botnet_cc,Cobalt Strike,"CobaltStrike,PLI-AS"
2023-02-02 19:40:26,1076907,qw.svcshosvt.com,botnet_cc,Cobalt Strike,"CHERRYSERVERS2-AS,CobaltStrike"
2023-02-02 19:39:18,1076896,nxsimdevelop.com,botnet_cc,Cobalt Strike,"AEZA-AS,CobaltStrike"
2023-02-01 02:21:19,1075651,appdevtechnology.com,botnet_cc,Cobalt Strike,"AEZA-AS,CobaltStrike"
2023-01-31 15:09:13,1075540,dbx.formsift.io,botnet_cc,Cobalt Strike,"Amazon.com Inc.,CobaltStrike"
2023-01-29 11:29:55,1075020,devcloudpro.com,botnet_cc,Cobalt Strike,"CobaltStrike,FLYSERVERS-ENDCLIENTS"
2023-01-25 19:42:03,1074144,support-wellsfargovis.com,botnet_cc,Cobalt Strike,"CobaltStrike,threatview-io"
2023-01-25 19:42:02,1074140,execsvct.com,botnet_cc,Cobalt Strike,"CobaltStrike,threatview-io"
2023-01-25 19:42:02,1074141,recoverporta1.com,botnet_cc,Cobalt Strike,"CobaltStrike,threatview-io"
2023-01-25 19:42:02,1074142,recoverportal2.com,botnet_cc,Cobalt Strike,"CobaltStrike,threatview-io"
2023-01-25 19:42:02,1074143,recoveryweb2.com,botnet_cc,Cobalt Strike,"CobaltStrike,threatview-io"
2023-01-23 20:33:42,1073670,vd-ntds.com,botnet_cc,Cobalt Strike,"CobaltStrike,PROSPERO-AS"
2023-01-20 14:21:02,1070164,hnsxpharm.com,botnet_cc,Cobalt Strike,"CobaltStrike,threatview-io"
2023-01-20 14:21:02,1070165,myjqueryss.com,botnet_cc,Cobalt Strike,"CobaltStrike,threatview-io"
2023-01-20 14:21:02,1070166,svcrencst.com,botnet_cc,Cobalt Strike,"CobaltStrike,threatview-io"
2023-01-20 14:21:02,1070167,telusmobility-billed.com,botnet_cc,Cobalt Strike,"CobaltStrike,threatview-io"
2023-01-20 14:21:02,1070168,thenbkgroup.com,botnet_cc,Cobalt Strike,"CobaltStrike,threatview-io"
2023-01-20 11:23:14,1070137,avdev.net,botnet_cc,Cobalt Strike,"CobaltStrike,Flyservers S.A."
2023-01-19 19:53:20,1069980,qw.execsvct.com,botnet_cc,Cobalt Strike,"CHERRYSERVERS2-AS,CobaltStrike"
2023-01-19 14:15:53,1069895,azurecloudfire.com,botnet_cc,Cobalt Strike,"CobaltStrike,ITRESHENIYA-AS"
2023-01-19 11:23:42,1069868,goupdatemic.online,botnet_cc,Cobalt Strike,"CobaltStrike,GOOGLE"
2023-01-18 02:29:29,1069579,mwg-update.cloud,botnet_cc,Cobalt Strike,"CobaltStrike,HVC-AS"
2023-01-13 17:37:32,1068206,goodsport2023.win,botnet_cc,Cobalt Strike,"CobaltStrike,VOM"
2023-01-12 21:56:23,1068079,blackandwhiteshoose.com,botnet_cc,Cobalt Strike,"CHERRYSERVERS3-AS,CobaltStrike"
2023-01-12 20:55:06,1068045,qw.svcrencst.com,botnet_cc,Cobalt Strike,"CHERRYSERVERS2-AS,CobaltStrike"
2023-01-12 14:45:18,1067954,realsecuritystore.com,botnet_cc,Cobalt Strike,"CobaltStrike,Private Layer INC"
2023-01-12 13:04:56,1067924,fixx.sbs,botnet_cc,Cobalt Strike,"CobaltStrike,SNEL"
2023-01-11 10:59:45,1067646,allowedcloud.com,botnet_cc,Cobalt Strike,"CobaltStrike,HIVELOCITY Inc."
2023-01-02 10:24:29,1064361,www.linkkedin.life,botnet_cc,Cobalt Strike,"Anchnet Asia Limited,CobaltStrike"
2022-12-31 19:48:39,1064196,freegaysnews.com,botnet_cc,Cobalt Strike,"CHERRYSERVERS2-AS,CobaltStrike"
2022-12-31 18:58:09,1064176,topgamenetwork.com,botnet_cc,Cobalt Strike,"CobaltStrike,UAB Cherry Servers"
2022-12-31 16:21:02,1064172,wv2022.com,botnet_cc,Cobalt Strike,"CobaltStrike,threatview-io"
2022-12-31 16:21:02,1064173,zfuxwvouqvnttpsrxe.tech,botnet_cc,Cobalt Strike,"CobaltStrike,threatview-io"
2022-12-30 19:48:52,1064075,cloudyspaces.net,botnet_cc,Cobalt Strike,"CobaltStrike,threatview-io"
2022-12-30 19:48:52,1064076,666621.xyz,botnet_cc,Cobalt Strike,"CobaltStrike,threatview-io"
2022-12-30 19:48:51,1064070,allsdone.com,botnet_cc,Cobalt Strike,"CobaltStrike,threatview-io"
2022-12-30 19:48:51,1064071,ipsandwich.com,botnet_cc,Cobalt Strike,"CobaltStrike,threatview-io"
2022-12-30 19:48:51,1064072,cookieholder.com,botnet_cc,Cobalt Strike,"CobaltStrike,threatview-io"
2022-12-30 19:48:51,1064073,pingcheker.com,botnet_cc,Cobalt Strike,"CobaltStrike,threatview-io"
2022-12-30 19:48:51,1064074,wagonovk.com,botnet_cc,Cobalt Strike,"CobaltStrike,threatview-io"
2022-12-30 19:48:50,1064062,microsoftupdateassist.net,botnet_cc,Cobalt Strike,"CobaltStrike,threatview-io"
2022-12-30 19:48:50,1064063,qvibova.com,botnet_cc,Cobalt Strike,"CobaltStrike,threatview-io"
2022-12-30 19:48:50,1064064,cloudwebpictures.com,botnet_cc,Cobalt Strike,"CobaltStrike,threatview-io"
2022-12-30 19:48:50,1064065,metalkost.com,botnet_cc,Cobalt Strike,"CobaltStrike,threatview-io"
2022-12-30 19:48:50,1064066,m7r4r2i2.stackpathcdn.com,botnet_cc,Cobalt Strike,"CobaltStrike,threatview-io"
2022-12-30 19:48:50,1064067,online.cloudwebpictures.com,botnet_cc,Cobalt Strike,"CobaltStrike,threatview-io"
2022-12-30 19:48:49,1064057,bartiba.com,botnet_cc,Cobalt Strike,"CobaltStrike,threatview-io"
2022-12-30 19:48:49,1064058,varnart.com,botnet_cc,Cobalt Strike,"CobaltStrike,threatview-io"
2022-12-30 19:48:49,1064059,nsfdfdfdf.xyz,botnet_cc,Cobalt Strike,"CobaltStrike,threatview-io"
2022-12-30 19:48:49,1064060,micorsoft.cloud,botnet_cc,Cobalt Strike,"CobaltStrike,threatview-io"
2022-12-30 19:48:49,1064061,aigouing.com,botnet_cc,Cobalt Strike,"CobaltStrike,threatview-io"
2022-12-30 19:48:48,1064046,ksplsoft.com,botnet_cc,Cobalt Strike,"CobaltStrike,threatview-io"
2022-12-30 19:48:48,1064047,lastinsuranceteam.com,botnet_cc,Cobalt Strike,"CobaltStrike,threatview-io"
2022-12-30 19:48:48,1064048,msdnsservice.com,botnet_cc,Cobalt Strike,"CobaltStrike,threatview-io"
2022-12-30 19:48:48,1064049,securequoteme.com,botnet_cc,Cobalt Strike,"CobaltStrike,threatview-io"
2022-12-30 19:48:48,1064050,techdevcorp.com,botnet_cc,Cobalt Strike,"CobaltStrike,threatview-io"
2022-12-30 19:48:48,1064051,syncorporation.com,botnet_cc,Cobalt Strike,"CobaltStrike,threatview-io"
2022-12-30 19:48:48,1064052,visualstudioapp.com,botnet_cc,Cobalt Strike,"CobaltStrike,threatview-io"
2022-12-30 19:48:48,1064053,altreeservicellc.com,botnet_cc,Cobalt Strike,"CobaltStrike,threatview-io"
2022-12-30 19:48:48,1064054,discountshadesdirect.com,botnet_cc,Cobalt Strike,"CobaltStrike,threatview-io"
2022-12-30 19:48:48,1064055,setechnowork.com,botnet_cc,Cobalt Strike,"CobaltStrike,threatview-io"
2022-12-30 19:48:48,1064056,technicollit.com,botnet_cc,Cobalt Strike,"CobaltStrike,threatview-io"
2022-12-30 19:48:47,1064038,shiyicaster.com,botnet_cc,Cobalt Strike,"CobaltStrike,threatview-io"
2022-12-30 19:48:47,1064039,cdn-top.com,botnet_cc,Cobalt Strike,"CobaltStrike,threatview-io"
2022-12-30 19:48:47,1064040,onesecondservice.com,botnet_cc,Cobalt Strike,"CobaltStrike,threatview-io"
2022-12-30 19:48:47,1064041,vpnupdaters.com,botnet_cc,Cobalt Strike,"CobaltStrike,threatview-io"
2022-12-30 19:48:47,1064042,rodinscoldly.com,botnet_cc,Cobalt Strike,"CobaltStrike,threatview-io"
2022-12-30 19:48:47,1064043,antariscapital.com,botnet_cc,Cobalt Strike,"CobaltStrike,threatview-io"
2022-12-30 19:48:47,1064044,ftwealthmgt.com,botnet_cc,Cobalt Strike,"CobaltStrike,threatview-io"
2022-12-30 19:48:47,1064045,iconiq-capitel.com,botnet_cc,Cobalt Strike,"CobaltStrike,threatview-io"
2022-12-30 19:48:46,1064031,asset-trades.com,botnet_cc,Cobalt Strike,"CobaltStrike,threatview-io"
2022-12-30 19:48:46,1064032,telemetrin.com,botnet_cc,Cobalt Strike,"CobaltStrike,threatview-io"
2022-12-30 19:48:46,1064033,secupdate4win.com,botnet_cc,Cobalt Strike,"CobaltStrike,threatview-io"
2022-12-30 19:48:46,1064034,cdn-start.com,botnet_cc,Cobalt Strike,"CobaltStrike,threatview-io"
2022-12-30 19:48:46,1064035,capitalmanagementdata.com,botnet_cc,Cobalt Strike,"CobaltStrike,threatview-io"
2022-12-30 19:48:46,1064036,lawsolutions.cloud,botnet_cc,Cobalt Strike,"CobaltStrike,threatview-io"
2022-12-30 19:48:45,1064024,diegomaster.com,botnet_cc,Cobalt Strike,"CobaltStrike,threatview-io"
2022-12-30 19:48:45,1064025,dp-test1.com,botnet_cc,Cobalt Strike,"CobaltStrike,threatview-io"
2022-12-30 19:48:45,1064026,cloudkey.digital,botnet_cc,Cobalt Strike,"CobaltStrike,threatview-io"
2022-12-30 19:48:45,1064027,updatevpncitrix.com,botnet_cc,Cobalt Strike,"CobaltStrike,threatview-io"
2022-12-30 19:48:45,1064028,classgum.com,botnet_cc,Cobalt Strike,"CobaltStrike,threatview-io"
2022-12-30 19:48:45,1064029,edgeupdater.com,botnet_cc,Cobalt Strike,"CobaltStrike,threatview-io"
2022-12-30 19:48:45,1064030,gfcbm.xyz,botnet_cc,Cobalt Strike,"CobaltStrike,threatview-io"
2022-12-30 19:48:44,1064016,barmnava.com,botnet_cc,Cobalt Strike,"CobaltStrike,threatview-io"
2022-12-30 19:48:44,1064017,firewallwithadvancedserurity.com,botnet_cc,Cobalt Strike,"CobaltStrike,threatview-io"
2022-12-30 19:48:44,1064018,lgbtqplusfriendlydomain.com,botnet_cc,Cobalt Strike,"CobaltStrike,threatview-io"
2022-12-30 19:48:44,1064019,market-stats.com,botnet_cc,Cobalt Strike,"CobaltStrike,threatview-io"
2022-12-30 19:48:44,1064020,apabfs.icu,botnet_cc,Cobalt Strike,"CobaltStrike,threatview-io"
2022-12-30 19:48:44,1064021,fziomerof.com,botnet_cc,Cobalt Strike,"CobaltStrike,threatview-io"
2022-12-30 19:48:44,1064022,fserd.icu,botnet_cc,Cobalt Strike,"CobaltStrike,threatview-io"
2022-12-30 19:48:44,1064023,verofes.com,botnet_cc,Cobalt Strike,"CobaltStrike,threatview-io"
2022-12-30 19:48:43,1064015,postofficeltdc.com,botnet_cc,Cobalt Strike,"CobaltStrike,threatview-io"
2022-12-30 19:48:42,1064006,jarvcza.com,botnet_cc,Cobalt Strike,"CobaltStrike,threatview-io"
2022-12-30 19:48:42,1064007,teystyjeem.com,botnet_cc,Cobalt Strike,"CobaltStrike,threatview-io"
2022-12-30 19:48:42,1064008,faceupfinder.com,botnet_cc,Cobalt Strike,"CobaltStrike,threatview-io"
2022-12-30 19:48:42,1064009,costacancordia.com,botnet_cc,Cobalt Strike,"CobaltStrike,threatview-io"
2022-12-30 19:48:42,1064010,lapsusareskids.world,botnet_cc,Cobalt Strike,"CobaltStrike,threatview-io"
2022-12-30 19:48:42,1064011,msupdater.net,botnet_cc,Cobalt Strike,"CobaltStrike,threatview-io"
2022-12-30 19:48:42,1064012,dwordname.com,botnet_cc,Cobalt Strike,"CobaltStrike,threatview-io"
2022-12-30 19:48:42,1064013,trademot.finance,botnet_cc,Cobalt Strike,"CobaltStrike,threatview-io"
2022-12-30 19:48:42,1064014,agreminj.com,botnet_cc,Cobalt Strike,"CobaltStrike,threatview-io"
2022-12-30 19:48:41,1063998,exchangeallltd.com,botnet_cc,Cobalt Strike,"CobaltStrike,threatview-io"
2022-12-30 19:48:41,1063999,guggenheimpartners-survey.com,botnet_cc,Cobalt Strike,"CobaltStrike,threatview-io"
2022-12-30 19:48:41,1064000,caresalonservices.com,botnet_cc,Cobalt Strike,"CobaltStrike,threatview-io"
2022-12-30 19:48:41,1064001,just-findncall.com,botnet_cc,Cobalt Strike,"CobaltStrike,threatview-io"
2022-12-30 19:48:41,1064002,fluoxi.com,botnet_cc,Cobalt Strike,"CobaltStrike,threatview-io"
2022-12-30 19:48:41,1064003,buynet.digital,botnet_cc,Cobalt Strike,"CobaltStrike,threatview-io"
2022-12-30 19:48:41,1064004,everythingchecker.com,botnet_cc,Cobalt Strike,"CobaltStrike,threatview-io"
2022-12-30 19:48:41,1064005,dezword.com,botnet_cc,Cobalt Strike,"CobaltStrike,threatview-io"
2022-12-30 19:48:40,1063995,goksearch.com,botnet_cc,Cobalt Strike,"CobaltStrike,threatview-io"
2022-12-30 19:48:40,1063996,polyhaz.com,botnet_cc,Cobalt Strike,"CobaltStrike,threatview-io"
2022-12-30 19:48:40,1063997,data-protection-test.com,botnet_cc,Cobalt Strike,"CobaltStrike,threatview-io"
2022-12-30 19:48:39,1063992,update04.microsoft-essentials.com,botnet_cc,Cobalt Strike,"CobaltStrike,threatview-io"
2022-12-30 19:48:38,1063991,akaluij.com,botnet_cc,Cobalt Strike,"CobaltStrike,threatview-io"
2022-12-30 19:48:33,1063985,donormix.com,botnet_cc,Cobalt Strike,"CobaltStrike,threatview-io"
2022-12-30 19:48:33,1063986,hardicki.com,botnet_cc,Cobalt Strike,"CobaltStrike,threatview-io"
2022-12-30 19:48:33,1063987,stfconnect.onthewifi.com,botnet_cc,Cobalt Strike,"CobaltStrike,threatview-io"
2022-12-30 19:48:33,1063988,agsdef.com,botnet_cc,Cobalt Strike,"CobaltStrike,threatview-io"
2022-12-30 19:48:32,1063978,observerinfo.com,botnet_cc,Cobalt Strike,"CobaltStrike,threatview-io"
2022-12-30 19:48:32,1063979,dehikz.com,botnet_cc,Cobalt Strike,"CobaltStrike,threatview-io"
2022-12-30 19:48:32,1063980,cocanewline.com,botnet_cc,Cobalt Strike,"CobaltStrike,threatview-io"
2022-12-30 19:48:32,1063981,rainqor.com,botnet_cc,Cobalt Strike,"CobaltStrike,threatview-io"
2022-12-30 19:48:32,1063982,axelkim.com,botnet_cc,Cobalt Strike,"CobaltStrike,threatview-io"
2022-12-30 19:48:32,1063983,azimurs.com,botnet_cc,Cobalt Strike,"CobaltStrike,threatview-io"
2022-12-30 19:48:32,1063984,innovativesitecreations.com,botnet_cc,Cobalt Strike,"CobaltStrike,threatview-io"
2022-12-30 19:48:31,1063972,creditscore.usbankcreditcards.com,botnet_cc,Cobalt Strike,"CobaltStrike,threatview-io"
2022-12-30 19:48:31,1063975,megumin.tech,botnet_cc,Cobalt Strike,"CobaltStrike,threatview-io"
2022-12-30 19:48:31,1063976,loanhelp.support,botnet_cc,Cobalt Strike,"CobaltStrike,threatview-io"
2022-12-30 19:48:31,1063977,volsecure.com,botnet_cc,Cobalt Strike,"CobaltStrike,threatview-io"
2022-12-30 19:48:30,1063966,domtern.com,botnet_cc,Cobalt Strike,"CobaltStrike,threatview-io"
2022-12-30 19:48:30,1063967,topsmartservice.com,botnet_cc,Cobalt Strike,"CobaltStrike,threatview-io"
2022-12-30 19:48:30,1063968,drakr.icu,botnet_cc,Cobalt Strike,"CobaltStrike,threatview-io"
2022-12-30 19:48:30,1063969,devcisco.com,botnet_cc,Cobalt Strike,"CobaltStrike,threatview-io"
2022-12-30 19:48:30,1063970,top-business-blog.com,botnet_cc,Cobalt Strike,"CobaltStrike,threatview-io"
2022-12-30 19:48:30,1063971,web-news-blog.com,botnet_cc,Cobalt Strike,"CobaltStrike,threatview-io"
2022-12-30 19:48:29,1063963,bankafrika.org,botnet_cc,Cobalt Strike,"CobaltStrike,threatview-io"
2022-12-30 19:48:29,1063964,mssfr.icu,botnet_cc,Cobalt Strike,"CobaltStrike,threatview-io"
2022-12-30 19:48:29,1063965,edgekey.tech,botnet_cc,Cobalt Strike,"CobaltStrike,threatview-io"
2022-12-30 19:48:28,1063955,webyoutubeshop.com,botnet_cc,Cobalt Strike,"CobaltStrike,threatview-io"
2022-12-30 19:48:28,1063956,extic.icu,botnet_cc,Cobalt Strike,"CobaltStrike,threatview-io"
2022-12-30 19:48:28,1063957,reykh.icu,botnet_cc,Cobalt Strike,"CobaltStrike,threatview-io"
2022-12-30 19:48:28,1063958,onemusic24.com,botnet_cc,Cobalt Strike,"CobaltStrike,threatview-io"
2022-12-30 19:48:28,1063959,propertynewsclub.com,botnet_cc,Cobalt Strike,"CobaltStrike,threatview-io"
2022-12-30 19:48:28,1063960,afindisc.xyz,botnet_cc,Cobalt Strike,"CobaltStrike,threatview-io"
2022-12-30 19:48:28,1063961,propertyinfogroup.com,botnet_cc,Cobalt Strike,"CobaltStrike,threatview-io"
2022-12-30 19:48:28,1063962,topnewscompany.com,botnet_cc,Cobalt Strike,"CobaltStrike,threatview-io"
2022-12-30 19:48:27,1063950,baidenfree.com,botnet_cc,Cobalt Strike,"CobaltStrike,threatview-io"
2022-12-30 19:48:27,1063951,directoryupdate.net,botnet_cc,Cobalt Strike,"CobaltStrike,threatview-io"
2022-12-30 19:48:27,1063952,azmnetwork.com,botnet_cc,Cobalt Strike,"CobaltStrike,threatview-io"
2022-12-30 19:48:27,1063953,onevisioncommunications.com,botnet_cc,Cobalt Strike,"CobaltStrike,threatview-io"
2022-12-30 19:48:27,1063954,campioni-imam.com,botnet_cc,Cobalt Strike,"CobaltStrike,threatview-io"
2022-12-30 19:48:26,1063943,serviceapp1.com,botnet_cc,Cobalt Strike,"CobaltStrike,threatview-io"
2022-12-30 19:48:26,1063944,softcloud.digital,botnet_cc,Cobalt Strike,"CobaltStrike,threatview-io"
2022-12-30 19:48:26,1063945,appmind.center,botnet_cc,Cobalt Strike,"CobaltStrike,threatview-io"
2022-12-30 19:48:26,1063946,ms-data.online,botnet_cc,Cobalt Strike,"CobaltStrike,threatview-io"
2022-12-30 19:48:26,1063947,oracleup.cc,botnet_cc,Cobalt Strike,"CobaltStrike,threatview-io"
2022-12-30 19:48:26,1063948,topinfocompany.com,botnet_cc,Cobalt Strike,"CobaltStrike,threatview-io"
2022-12-30 19:48:26,1063949,blockchainstartups-crypto.com,botnet_cc,Cobalt Strike,"CobaltStrike,threatview-io"
2022-12-30 19:48:25,1063934,expresssmash.com,botnet_cc,Cobalt Strike,"CobaltStrike,threatview-io"
2022-12-30 19:48:25,1063935,vgroz.icu,botnet_cc,Cobalt Strike,"CobaltStrike,threatview-io"
2022-12-30 19:48:25,1063936,baidengop.com,botnet_cc,Cobalt Strike,"CobaltStrike,threatview-io"
2022-12-30 19:48:25,1063937,ofilopex.com,botnet_cc,Cobalt Strike,"CobaltStrike,threatview-io"
2022-12-30 19:48:25,1063938,aabancaa.com,botnet_cc,Cobalt Strike,"CobaltStrike,threatview-io"
2022-12-30 19:48:25,1063939,shermango.com,botnet_cc,Cobalt Strike,"CobaltStrike,threatview-io"
2022-12-30 19:48:25,1063940,nongxinyin.xyz,botnet_cc,Cobalt Strike,"CobaltStrike,threatview-io"
2022-12-30 19:48:25,1063941,a6m1n.xyz,botnet_cc,Cobalt Strike,"CobaltStrike,threatview-io"
2022-12-30 19:48:25,1063942,emailbox.icu,botnet_cc,Cobalt Strike,"CobaltStrike,threatview-io"
2022-12-30 19:48:24,1063926,wxtencent.com,botnet_cc,Cobalt Strike,"CobaltStrike,threatview-io"
2022-12-30 19:48:24,1063927,emergeno.com,botnet_cc,Cobalt Strike,"CobaltStrike,threatview-io"
2022-12-30 19:48:24,1063928,browngreeer.com,botnet_cc,Cobalt Strike,"CobaltStrike,threatview-io"
2022-12-30 19:48:24,1063929,processdec.com,botnet_cc,Cobalt Strike,"CobaltStrike,threatview-io"
2022-12-30 19:48:24,1063930,dropklant.com,botnet_cc,Cobalt Strike,"CobaltStrike,threatview-io"
2022-12-30 19:48:24,1063931,sndm-sndm.com,botnet_cc,Cobalt Strike,"CobaltStrike,threatview-io"
2022-12-30 19:48:24,1063932,sinergil.com,botnet_cc,Cobalt Strike,"CobaltStrike,threatview-io"
2022-12-30 19:48:24,1063933,vinergil.com,botnet_cc,Cobalt Strike,"CobaltStrike,threatview-io"
2022-12-30 19:48:23,1063918,westtherr.com,botnet_cc,Cobalt Strike,"CobaltStrike,threatview-io"
2022-12-30 19:48:23,1063919,quickaccestwo.com,botnet_cc,Cobalt Strike,"CobaltStrike,threatview-io"
2022-12-30 19:48:23,1063920,usgrim.com,botnet_cc,Cobalt Strike,"CobaltStrike,threatview-io"
2022-12-30 19:48:23,1063921,onelivemusicshop.com,botnet_cc,Cobalt Strike,"CobaltStrike,threatview-io"
2022-12-30 19:48:23,1063922,zomerax.top,botnet_cc,Cobalt Strike,"CobaltStrike,threatview-io"
2022-12-30 19:48:23,1063923,fsamon.com,botnet_cc,Cobalt Strike,"CobaltStrike,threatview-io"
2022-12-30 19:48:23,1063924,sscimails.com,botnet_cc,Cobalt Strike,"CobaltStrike,threatview-io"
2022-12-30 19:48:23,1063925,agentrecovery.com,botnet_cc,Cobalt Strike,"CobaltStrike,threatview-io"
2022-12-30 19:48:22,1063909,entertainok.com,botnet_cc,Cobalt Strike,"CobaltStrike,threatview-io"
2022-12-30 19:48:22,1063910,jatafatuna.com,botnet_cc,Cobalt Strike,"CobaltStrike,threatview-io"
2022-12-30 19:48:22,1063911,pluyk.com,botnet_cc,Cobalt Strike,"CobaltStrike,threatview-io"
2022-12-30 19:48:22,1063912,affinm.com,botnet_cc,Cobalt Strike,"CobaltStrike,threatview-io"
2022-12-30 19:48:22,1063913,gijoxupe.com,botnet_cc,Cobalt Strike,"CobaltStrike,threatview-io"
2022-12-30 19:48:22,1063914,vangshares.com,botnet_cc,Cobalt Strike,"CobaltStrike,threatview-io"
2022-12-30 19:48:22,1063915,fudupdate.com,botnet_cc,Cobalt Strike,"CobaltStrike,threatview-io"
2022-12-30 19:48:22,1063916,theinfoinc.com,botnet_cc,Cobalt Strike,"CobaltStrike,threatview-io"
2022-12-30 19:48:22,1063917,contemporaryto.com,botnet_cc,Cobalt Strike,"CobaltStrike,threatview-io"
2022-12-30 19:48:21,1063902,ziono.xyz,botnet_cc,Cobalt Strike,"CobaltStrike,threatview-io"
2022-12-30 19:48:21,1063903,lolutow.com,botnet_cc,Cobalt Strike,"CobaltStrike,threatview-io"
2022-12-30 19:48:21,1063904,niht12.com,botnet_cc,Cobalt Strike,"CobaltStrike,threatview-io"
2022-12-30 19:48:21,1063905,slfcorporate.com,botnet_cc,Cobalt Strike,"CobaltStrike,threatview-io"
2022-12-30 19:48:21,1063906,baidu-cdn-10.com,botnet_cc,Cobalt Strike,"CobaltStrike,threatview-io"
2022-12-30 19:48:21,1063907,jandoz.com,botnet_cc,Cobalt Strike,"CobaltStrike,threatview-io"
2022-12-30 19:48:21,1063908,casevor.com,botnet_cc,Cobalt Strike,"CobaltStrike,threatview-io"
2022-12-30 19:48:20,1063897,gotroops.online,botnet_cc,Cobalt Strike,"CobaltStrike,threatview-io"
2022-12-30 19:48:20,1063898,wtxservice.net,botnet_cc,Cobalt Strike,"CobaltStrike,threatview-io"
2022-12-30 19:48:20,1063899,xevayuhace.com,botnet_cc,Cobalt Strike,"CobaltStrike,threatview-io"
2022-12-30 19:48:20,1063900,suppcat.online,botnet_cc,Cobalt Strike,"CobaltStrike,threatview-io"
2022-12-30 19:48:20,1063901,softloadup.com,botnet_cc,Cobalt Strike,"CobaltStrike,threatview-io"
2022-12-30 19:48:19,1063889,asbetysh.com,botnet_cc,Cobalt Strike,"CobaltStrike,threatview-io"
2022-12-30 19:48:19,1063890,ascagliarinish.com,botnet_cc,Cobalt Strike,"CobaltStrike,threatview-io"
2022-12-30 19:48:19,1063891,ascasdsh.com,botnet_cc,Cobalt Strike,"CobaltStrike,threatview-io"
2022-12-30 19:48:19,1063892,aschamp79sh.com,botnet_cc,Cobalt Strike,"CobaltStrike,threatview-io"
2022-12-30 19:48:19,1063893,aschnurmansh.com,botnet_cc,Cobalt Strike,"CobaltStrike,threatview-io"
2022-12-30 19:48:19,1063894,aseleeeksh.com,botnet_cc,Cobalt Strike,"CobaltStrike,threatview-io"
2022-12-30 19:48:19,1063895,asensvsh.com,botnet_cc,Cobalt Strike,"CobaltStrike,threatview-io"
2022-12-30 19:48:18,1063880,artist2actresssh.com,botnet_cc,Cobalt Strike,"CobaltStrike,threatview-io"
2022-12-30 19:48:18,1063881,arturprikhodkosh.com,botnet_cc,Cobalt Strike,"CobaltStrike,threatview-io"
2022-12-30 19:48:18,1063882,arvin78sh.com,botnet_cc,Cobalt Strike,"CobaltStrike,threatview-io"
2022-12-30 19:48:18,1063883,arvind567shahsh.com,botnet_cc,Cobalt Strike,"CobaltStrike,threatview-io"
2022-12-30 19:48:18,1063884,arvindkkumsh.com,botnet_cc,Cobalt Strike,"CobaltStrike,threatview-io"
2022-12-30 19:48:18,1063885,arvosash.com,botnet_cc,Cobalt Strike,"CobaltStrike,threatview-io"
2022-12-30 19:48:18,1063886,arwalsersh.com,botnet_cc,Cobalt Strike,"CobaltStrike,threatview-io"
2022-12-30 19:48:18,1063887,aryaarieash.com,botnet_cc,Cobalt Strike,"CobaltStrike,threatview-io"
2022-12-30 19:48:18,1063888,aryalalexsh.com,botnet_cc,Cobalt Strike,"CobaltStrike,threatview-io"
2022-12-30 19:48:17,1063870,dovaxanil.com,botnet_cc,Cobalt Strike,"CobaltStrike,threatview-io"
2022-12-30 19:48:17,1063871,hehegahu.com,botnet_cc,Cobalt Strike,"CobaltStrike,threatview-io"
2022-12-30 19:48:17,1063872,agriculturemachineries.com,botnet_cc,Cobalt Strike,"CobaltStrike,threatview-io"
2022-12-30 19:48:17,1063873,arhipenkolenagenesh.com,botnet_cc,Cobalt Strike,"CobaltStrike,threatview-io"
2022-12-30 19:48:17,1063874,aritmiagenesh.com,botnet_cc,Cobalt Strike,"CobaltStrike,threatview-io"
2022-12-30 19:48:17,1063875,artes911sh.com,botnet_cc,Cobalt Strike,"CobaltStrike,threatview-io"
2022-12-30 19:48:17,1063876,arthas89sh.com,botnet_cc,Cobalt Strike,"CobaltStrike,threatview-io"
2022-12-30 19:48:17,1063877,arthurstevens62sh.com,botnet_cc,Cobalt Strike,"CobaltStrike,threatview-io"
2022-12-30 19:48:17,1063878,arthurtaylor13sh.com,botnet_cc,Cobalt Strike,"CobaltStrike,threatview-io"
2022-12-30 19:48:17,1063879,artis214sh.com,botnet_cc,Cobalt Strike,"CobaltStrike,threatview-io"
2022-12-30 19:48:16,1063864,zipo-cons.com,botnet_cc,Cobalt Strike,"CobaltStrike,threatview-io"
2022-12-30 19:48:16,1063865,fazehotafa.com,botnet_cc,Cobalt Strike,"CobaltStrike,threatview-io"
2022-12-30 19:48:16,1063866,zendriol.com,botnet_cc,Cobalt Strike,"CobaltStrike,threatview-io"
2022-12-30 19:48:16,1063867,sezezapa.com,botnet_cc,Cobalt Strike,"CobaltStrike,threatview-io"
2022-12-30 19:48:16,1063868,sorekipe.com,botnet_cc,Cobalt Strike,"CobaltStrike,threatview-io"
2022-12-30 19:48:16,1063869,zezinuwe.com,botnet_cc,Cobalt Strike,"CobaltStrike,threatview-io"
2022-12-30 19:48:15,1063858,shrekf.art,botnet_cc,Cobalt Strike,"CobaltStrike,threatview-io"
2022-12-30 19:48:15,1063859,amaniza.com,botnet_cc,Cobalt Strike,"CobaltStrike,threatview-io"
2022-12-30 19:48:15,1063860,microcloud.pro,botnet_cc,Cobalt Strike,"CobaltStrike,threatview-io"
2022-12-30 19:48:15,1063861,anexuss.com,botnet_cc,Cobalt Strike,"CobaltStrike,threatview-io"
2022-12-30 19:48:15,1063862,edictsoft.com,botnet_cc,Cobalt Strike,"CobaltStrike,threatview-io"
2022-12-30 19:48:15,1063863,out1etshops.com,botnet_cc,Cobalt Strike,"CobaltStrike,threatview-io"
2022-12-30 19:48:14,1063851,stepnbayac.net,botnet_cc,Cobalt Strike,"CobaltStrike,threatview-io"
2022-12-30 19:48:14,1063852,chickenpoken.com,botnet_cc,Cobalt Strike,"CobaltStrike,threatview-io"
2022-12-30 19:48:14,1063853,hockeysmall.com,botnet_cc,Cobalt Strike,"CobaltStrike,threatview-io"
2022-12-30 19:48:14,1063854,orthodoxok.com,botnet_cc,Cobalt Strike,"CobaltStrike,threatview-io"
2022-12-30 19:48:14,1063855,cocesovo.com,botnet_cc,Cobalt Strike,"CobaltStrike,threatview-io"
2022-12-30 19:48:14,1063856,familyinsurancepartner.com,botnet_cc,Cobalt Strike,"CobaltStrike,threatview-io"
2022-12-30 19:48:14,1063857,senebuvuyi.com,botnet_cc,Cobalt Strike,"CobaltStrike,threatview-io"
2022-12-30 19:48:13,1063848,fincheck.site,botnet_cc,Cobalt Strike,"CobaltStrike,threatview-io"
2022-12-30 19:48:13,1063849,svchosst.com,botnet_cc,Cobalt Strike,"CobaltStrike,threatview-io"
2022-12-30 19:48:13,1063850,conhosst.com,botnet_cc,Cobalt Strike,"CobaltStrike,threatview-io"
2022-12-30 19:48:12,1063843,maximumservers.net,botnet_cc,Cobalt Strike,"CobaltStrike,threatview-io"
2022-12-30 19:48:12,1063844,conferencedesk.net,botnet_cc,Cobalt Strike,"CobaltStrike,threatview-io"
2022-12-30 19:48:12,1063845,bluetechsupply.com,botnet_cc,Cobalt Strike,"CobaltStrike,threatview-io"
2022-12-30 19:48:12,1063846,allgroupservices.com,botnet_cc,Cobalt Strike,"CobaltStrike,threatview-io"
2022-12-30 19:48:12,1063847,acitopram.com,botnet_cc,Cobalt Strike,"CobaltStrike,threatview-io"
2022-12-30 19:48:11,1063838,businessservicesolution.com,botnet_cc,Cobalt Strike,"CobaltStrike,threatview-io"
2022-12-30 19:48:11,1063839,gravyblicus.com,botnet_cc,Cobalt Strike,"CobaltStrike,threatview-io"
2022-12-30 19:48:11,1063840,firmwarekey.com,botnet_cc,Cobalt Strike,"CobaltStrike,threatview-io"
2022-12-30 19:48:11,1063841,updateraccount.com,botnet_cc,Cobalt Strike,"CobaltStrike,threatview-io"
2022-12-30 19:48:11,1063842,mvnetworking.com,botnet_cc,Cobalt Strike,"CobaltStrike,threatview-io"
2022-12-30 19:48:10,1063832,avasecurityservices.com,botnet_cc,Cobalt Strike,"CobaltStrike,threatview-io"
2022-12-30 19:48:10,1063833,extranetserver.com,botnet_cc,Cobalt Strike,"CobaltStrike,threatview-io"
2022-12-30 19:48:10,1063834,clacem.com,botnet_cc,Cobalt Strike,"CobaltStrike,threatview-io"
2022-12-30 19:48:10,1063835,eonline-cdn.com,botnet_cc,Cobalt Strike,"CobaltStrike,threatview-io"
2022-12-30 19:48:10,1063836,cagohufe.com,botnet_cc,Cobalt Strike,"CobaltStrike,threatview-io"
2022-12-30 19:48:10,1063837,vezawahoy.com,botnet_cc,Cobalt Strike,"CobaltStrike,threatview-io"
2022-12-30 19:48:09,1063826,tetafup.com,botnet_cc,Cobalt Strike,"CobaltStrike,threatview-io"
2022-12-30 19:48:09,1063827,api-trend-micro.com,botnet_cc,Cobalt Strike,"CobaltStrike,threatview-io"
2022-12-30 19:48:09,1063828,digital-hardware.net,botnet_cc,Cobalt Strike,"CobaltStrike,threatview-io"
2022-12-30 19:48:09,1063829,aboutdatabasesoftware.com,botnet_cc,Cobalt Strike,"CobaltStrike,threatview-io"
2022-12-30 19:48:09,1063830,high-control.net,botnet_cc,Cobalt Strike,"CobaltStrike,threatview-io"
2022-12-30 19:48:09,1063831,soft-base.org,botnet_cc,Cobalt Strike,"CobaltStrike,threatview-io"
2022-12-30 19:48:08,1063821,iptvr.icu,botnet_cc,Cobalt Strike,"CobaltStrike,threatview-io"
2022-12-30 19:48:08,1063822,microsofer.top,botnet_cc,Cobalt Strike,"CobaltStrike,threatview-io"
2022-12-30 19:48:08,1063823,mingw.icu,botnet_cc,Cobalt Strike,"CobaltStrike,threatview-io"
2022-12-30 19:48:08,1063824,transfercloud.net,botnet_cc,Cobalt Strike,"CobaltStrike,threatview-io"
2022-12-30 19:48:08,1063825,flashcom.top,botnet_cc,Cobalt Strike,"CobaltStrike,threatview-io"
2022-12-30 19:48:07,1063818,sciencelifedata.com,botnet_cc,Cobalt Strike,"CobaltStrike,threatview-io"
2022-12-30 19:48:07,1063819,bookingsupport.online,botnet_cc,Cobalt Strike,"CobaltStrike,threatview-io"
2022-12-30 19:48:07,1063820,ateyakima.com,botnet_cc,Cobalt Strike,"CobaltStrike,threatview-io"
2022-12-30 19:48:06,1063813,buy1walmart.com,botnet_cc,Cobalt Strike,"CobaltStrike,threatview-io"
2022-12-30 19:48:06,1063814,stakcl.com,botnet_cc,Cobalt Strike,"CobaltStrike,threatview-io"
2022-12-30 19:48:06,1063816,drbeat.icu,botnet_cc,Cobalt Strike,"CobaltStrike,threatview-io"
2022-12-30 19:48:06,1063817,aialadin.com,botnet_cc,Cobalt Strike,"CobaltStrike,threatview-io"
2022-12-30 19:48:05,1063810,hhkj222.com,botnet_cc,Cobalt Strike,"CobaltStrike,threatview-io"
2022-12-30 19:48:05,1063811,yw2204.shop,botnet_cc,Cobalt Strike,"CobaltStrike,threatview-io"
2022-12-30 19:48:05,1063812,nordicqlobal.com,botnet_cc,Cobalt Strike,"CobaltStrike,threatview-io"
2022-12-30 19:48:04,1063806,favls.com,botnet_cc,Cobalt Strike,"CobaltStrike,threatview-io"
2022-12-30 19:48:04,1063807,linkkedin.life,botnet_cc,Cobalt Strike,"CobaltStrike,threatview-io"
2022-12-30 19:48:04,1063808,magellanfit.com,botnet_cc,Cobalt Strike,"CobaltStrike,threatview-io"
2022-12-30 19:48:04,1063809,conhoosst.com,botnet_cc,Cobalt Strike,"CobaltStrike,threatview-io"
2022-12-30 19:48:03,1063805,afspd.com,botnet_cc,Cobalt Strike,"CobaltStrike,threatview-io"
2022-12-30 19:44:07,1063802,abritrum-bridges.com,botnet_cc,Cobalt Strike,"CobaltStrike,threatview-io"
2022-12-28 19:56:09,1063208,a.wv2022.com,botnet_cc,Cobalt Strike,"CobaltStrike,TENCENT-NET-AP-CN Tencent Building Kejizhongyi Avenue"
2022-12-28 02:22:09,1063123,apacheorg.wiki,botnet_cc,Cobalt Strike,"CLOUDIE-AS-AP Cloudie Limited,CobaltStrike"
2022-12-24 19:00:50,1062406,updatemicrotok.online,botnet_cc,Cobalt Strike,"AS-SERVERION,CobaltStrike"
2022-12-19 21:43:42,1053949,eserverx.com,botnet_cc,Cobalt Strike,"AEZA-AS,CobaltStrike"
2022-12-19 11:41:44,1050306,cmdatabase.com,botnet_cc,Cobalt Strike,"ADM Service Ltd.,CobaltStrike"
2022-12-17 12:12:59,1050198,cloudmane.online,botnet_cc,Cobalt Strike,"CobaltStrike,Partner LLC"
2022-12-12 01:38:31,1036111,qw.conhoosst.com,botnet_cc,Cobalt Strike,"CobaltStrike,UAB Cherry Servers"
2022-12-08 20:45:56,1035723,expoglobalservice.com,botnet_cc,Cobalt Strike,"CobaltStrike,TIER-NET"
2022-12-07 20:05:59,1035558,www.microsofer.top,botnet_cc,Cobalt Strike,"CobaltStrike,Tencent Building Kejizhongyi Avenue"
2022-12-05 20:03:53,1031731,googlecontentuser.com,botnet_cc,Cobalt Strike,CobaltStrike
2022-12-05 19:27:32,1031726,test.227api.com,botnet_cc,Cobalt Strike,"CobaltStrike,YISUCLOUDLTD-HK YISU CLOUD LTD"
2022-12-05 15:24:03,1029843,channelkornofuli.org,payload_delivery,QakBot,"BB09,N54,qakbot,qbot,quakbot,tr,vhd,zip"
2022-12-05 11:42:38,1029025,palalto.live,botnet_cc,Cobalt Strike,"CobaltStrike,Private Layer INC"
2022-12-04 20:18:27,1028963,esoftwareupdates.com,botnet_cc,Cobalt Strike,"ASGHOSTNET,CobaltStrike"
2022-12-02 21:28:11,1028767,globalplayservices.com,botnet_cc,Cobalt Strike,"CHERRYSERVERS3-AS,CobaltStrike"
2022-12-02 20:50:52,1028737,rapidfinact.com,botnet_cc,Cobalt Strike,"CobaltStrike,SHINJIRU-MY-AS-AP Shinjiru Technology Sdn Bhd"
2022-12-02 20:38:18,1028720,globalsteamclub.com,botnet_cc,Cobalt Strike,"CHERRYSERVERS3-AS,CobaltStrike"
2022-12-01 20:32:20,1028501,get-music-online.com,botnet_cc,Cobalt Strike,"CHERRYSERVERS3-AS,CobaltStrike"
2022-11-27 16:10:54,1024554,msndla.com,botnet_cc,Cobalt Strike,"CobaltStrike,PONYNET"
2022-11-24 11:54:46,1023854,childhealthresources.com,botnet_cc,Cobalt Strike,"AMAZON-02,CobaltStrike"
2022-11-24 11:50:52,1023821,360safeupdate.com,botnet_cc,Cobalt Strike,"CobaltStrike,Tencent Building Kejizhongyi Avenue"
2022-11-20 10:32:06,1021044,aksaholdings.com,botnet_cc,Cobalt Strike,"Amazon.com Inc.,CobaltStrike"
2022-11-15 06:56:25,1012628,msisfx.com,botnet_cc,Cobalt Strike,CobaltStrike
2022-11-12 17:46:46,1009773,get-smartbuyer.com,botnet_cc,Cobalt Strike,"CobaltStrike,UAB Cherry Servers"
2022-11-10 11:51:33,1000509,qw.stakcl.com,botnet_cc,Cobalt Strike,"CobaltStrike,UAB Cherry Servers"
2022-11-08 20:20:30,991420,sogouupdate.com,botnet_cc,Cobalt Strike,"CobaltStrike,TENCENT-NET-AP-CN Tencent Building Kejizhongyi Avenue"
2022-11-07 20:10:29,985010,dnsupdatecheck.com,botnet_cc,Cobalt Strike,"CHERRYSERVERS3-AS,CobaltStrike"
2022-11-04 11:23:08,973832,ipulsecloud.com,botnet_cc,Cobalt Strike,"CobaltStrike,FLYSERVERS-ENDCLIENTS"
2022-11-03 12:12:17,964538,zadiguser.com,botnet_cc,Cobalt Strike,None
2022-11-03 12:12:17,964540,wasazokiwo.com,botnet_cc,Cobalt Strike,None
2022-11-03 12:12:17,964541,yuwajeni.com,botnet_cc,Cobalt Strike,None
2022-11-03 12:12:17,964542,yavahiyil.com,botnet_cc,Cobalt Strike,None
2022-11-03 12:12:17,964543,rabihino.com,botnet_cc,Cobalt Strike,None
2022-11-03 12:12:17,964545,nokevohoh.com,botnet_cc,Cobalt Strike,None
2022-11-03 12:12:17,964546,rawocav.com,botnet_cc,Cobalt Strike,None
2022-11-03 12:12:17,964548,deyikurihe.com,botnet_cc,Cobalt Strike,None
2022-10-30 19:51:44,952862,freshuper.com,botnet_cc,Cobalt Strike,"CobaltStrike,tzulo inc."
2022-10-29 12:32:13,952596,reebons.com,botnet_cc,Cobalt Strike,"CobaltStrike,Perviy TSOD LLC"
2022-10-29 12:23:49,952587,gaswert.com,botnet_cc,Cobalt Strike,"CobaltStrike,GLOBAL INTERNET SOLUTIONS LLC"
2022-10-29 11:54:42,952582,sajij.com,botnet_cc,Cobalt Strike,"CobaltStrike,Perviy TSOD LLC"
2022-10-29 10:14:36,952555,asasyz.com,botnet_cc,Cobalt Strike,"CobaltStrike,Partner LLC"
2022-10-29 10:12:26,952552,agazud.com,botnet_cc,Cobalt Strike,"CobaltStrike,LLC Baxet"
2022-10-29 09:57:36,952534,tuuik.com,botnet_cc,Cobalt Strike,"CobaltStrike,GLOBAL INTERNET SOLUTIONS LLC"
2022-10-29 09:56:46,952528,alfuhin.com,botnet_cc,Cobalt Strike,"CobaltStrike,Partner LLC"
2022-10-27 23:43:27,950974,amaladin.com,botnet_cc,Cobalt Strike,"CobaltStrike,HOSTKEY-USA"
2022-10-26 10:09:11,949937,aualadin.com,botnet_cc,Cobalt Strike,"CobaltStrike,Perviy TSOD LLC"
2022-10-23 13:42:10,916136,bthserv.com,botnet_cc,Cobalt Strike,"CobaltStrike,Internet Solutions & Innovations LTD."
2022-10-23 13:37:35,916115,nuesro.com,botnet_cc,Cobalt Strike,"CobaltStrike,Partner LLC"
2022-10-23 13:36:50,916100,pasadonline.com,botnet_cc,Cobalt Strike,"CobaltStrike,UAB Cherry Servers"
2022-10-22 19:40:40,915911,worldsgates.com,botnet_cc,Cobalt Strike,"CobaltStrike,LUCIDACLOUD LIMITED"
2022-10-22 19:39:30,915908,protramal.com,botnet_cc,Cobalt Strike,"CobaltStrike,Perviy TSOD LLC"
2022-10-22 01:11:02,915846,spltst.icu,botnet_cc,Cobalt Strike,"CobaltStrike,combahton GmbH"
2022-10-16 13:10:54,891477,cehocihit.com,botnet_cc,Cobalt Strike,"CobaltStrike,LEASEWEB-USA-PHX"
2022-10-16 12:38:04,891461,cloudmicro.pro,botnet_cc,Cobalt Strike,"CobaltStrike,PLI-AS"
2022-10-13 21:41:28,887212,keycloud.live,botnet_cc,Cobalt Strike,"CobaltStrike,PARTNER-AS"
2022-10-13 21:13:41,886703,activeservers.net,botnet_cc,Cobalt Strike,"Amati Foundation,CobaltStrike"
2022-10-13 21:12:51,886693,newyearbalance.com,botnet_cc,Cobalt Strike,"CHERRYSERVERS3-AS,CobaltStrike"
2022-10-13 21:02:36,886516,xamayojir.com,botnet_cc,Cobalt Strike,"CobaltStrike,LEASEWEB-USA-PHX"
2022-10-13 20:58:25,886499,xicefoga.com,botnet_cc,Cobalt Strike,"CobaltStrike,LEASEWEB-USA-WDC"
2022-10-13 19:51:56,884091,ams-prd-cob.nl,botnet_cc,Cobalt Strike,"CobaltStrike,DIGITALOCEAN-ASN"
2022-10-13 19:35:22,883488,tagujog.com,botnet_cc,Cobalt Strike,"CobaltStrike,LEASEWEB-USA-PHX"
2022-10-13 19:32:23,883412,mysqlserver.org,botnet_cc,Cobalt Strike,"CobaltStrike,ICME"
2022-10-13 19:23:44,883142,xuluxetas.com,botnet_cc,Cobalt Strike,"CobaltStrike,LEASEWEB-USA-NYC"
2022-10-12 17:16:11,880419,hadujaza.com,botnet_cc,Cobalt Strike,CobaltStrike
2022-10-05 18:54:33,871733,softsupdate.com,botnet_cc,Cobalt Strike,CobaltStrike
2022-10-05 18:54:33,871734,anushl.com,botnet_cc,Cobalt Strike,CobaltStrike
2022-09-29 08:45:45,858399,anbush.com,botnet_cc,Cobalt Strike,CobaltStrike
2022-09-29 08:45:45,858402,get-topservice.com,botnet_cc,Cobalt Strike,CobaltStrike
2022-09-29 08:45:45,858403,msoftupdate.com,botnet_cc,Cobalt Strike,CobaltStrike
2022-09-29 08:45:45,858404,pregabas.com,botnet_cc,Cobalt Strike,CobaltStrike
2022-09-20 16:57:02,850701,cloudmicro.tech,botnet_cc,Cobalt Strike,CobaltStrike
2022-09-20 16:57:02,850702,fregiyu.com,botnet_cc,Cobalt Strike,CobaltStrike
2022-09-20 16:57:02,850704,microcloud.live,botnet_cc,Cobalt Strike,CobaltStrike
2022-09-05 19:10:52,847988,globallookclub.com,botnet_cc,Cobalt Strike,None
2022-09-05 19:10:50,847986,realfunsolutions.com,botnet_cc,Cobalt Strike,None
2022-09-05 19:10:48,847972,www.service1app.com,botnet_cc,Cobalt Strike,None
2022-09-05 19:10:48,847973,service1app.com,botnet_cc,Cobalt Strike,None
2022-09-05 19:10:48,847975,youronlinesports.com,botnet_cc,Cobalt Strike,None
2022-09-05 19:10:48,847976,yourinfosolutions.com,botnet_cc,Cobalt Strike,None
2022-09-05 19:10:48,847978,login.onemusic24.com,botnet_cc,Cobalt Strike,None
2022-09-05 19:10:48,847981,zx.jacollans.com,botnet_cc,Cobalt Strike,None
2022-09-05 19:10:48,847983,jacollans.com,botnet_cc,Cobalt Strike,None
2022-09-05 19:10:47,847941,onestepstar.com,botnet_cc,Cobalt Strike,None
2022-09-05 19:10:47,847942,satorkar.com,botnet_cc,Cobalt Strike,None
2022-09-05 19:10:47,847943,er.theinfoinc.com,botnet_cc,Cobalt Strike,None
2022-09-05 19:10:47,847957,realmacnow.com,botnet_cc,Cobalt Strike,None
2022-09-05 19:10:47,847958,onemusicllc.com,botnet_cc,Cobalt Strike,None
2022-09-05 19:10:47,847959,ateliernow.net,botnet_cc,Cobalt Strike,None
2022-09-05 19:10:47,847960,er.dropklant.com,botnet_cc,Cobalt Strike,None
2022-09-05 19:10:46,847929,sprinthunter.com,botnet_cc,Cobalt Strike,None
2022-09-05 19:10:46,847930,newstamagavk.com,botnet_cc,Cobalt Strike,None
2022-09-05 19:10:46,847934,www.onestepstar.com,botnet_cc,Cobalt Strike,None
2022-08-31 18:29:19,847028,barabezo.com,botnet_cc,Cobalt Strike,CobaltStrike
2022-08-31 16:32:01,847018,alojun.com,botnet_cc,Cobalt Strike,None
2022-08-31 16:32:01,847019,asdder.com,botnet_cc,Cobalt Strike,None
2022-08-31 16:32:01,847020,www.zominoz.com,botnet_cc,Cobalt Strike,None
2022-08-31 16:32:01,847021,zominoz.com,botnet_cc,Cobalt Strike,None
2022-08-30 06:22:11,846258,jevomukif.com,botnet_cc,Cobalt Strike,CobaltStrike
2022-08-20 06:53:07,844214,msdnupdate.com,botnet_cc,Cobalt Strike,CobaltStrike
2022-08-20 06:53:07,844215,msdupdate.com,botnet_cc,Cobalt Strike,CobaltStrike
2022-08-18 12:15:06,843958,caxoxc.com,botnet_cc,Cobalt Strike,CobaltStrike
2022-08-11 06:03:19,842464,jahojahi.com,botnet_cc,Cobalt Strike,CobaltStrike
2022-08-06 07:00:06,841613,zambeziz.com,botnet_cc,Cobalt Strike,CobaltSrike
2022-07-27 08:49:04,839793,zuyonijobo.com,botnet_cc,Cobalt Strike,Cobalt Strike
2022-07-06 05:36:04,802793,digerm.com,botnet_cc,Cobalt Strike,None
2022-07-05 05:12:06,796822,chitozx.com,botnet_cc,Cobalt Strike,None
2022-06-26 10:56:33,729038,blinkinuf.com,botnet_cc,Cobalt Strike,Cobalt Strike
2022-06-26 10:56:32,729037,malrok.com,botnet_cc,Cobalt Strike,Cobalt Strike
2022-06-23 17:11:58,720823,trumpiko.com,botnet_cc,Cobalt Strike,Cobalt Strike
2022-06-23 17:11:58,720824,freygor.com,botnet_cc,Cobalt Strike,Cobalt Strike
2022-06-23 17:11:58,720826,sinjoan.com,botnet_cc,Cobalt Strike,Cobalt Strike
2022-06-23 17:11:58,720827,afluix.com,botnet_cc,Cobalt Strike,Cobalt Strike
2022-06-23 10:54:20,720273,www.edge-chrome.com,botnet_cc,Cobalt Strike,Cobalt Strike
2022-06-23 10:54:20,720276,www.hellomrsone.com,botnet_cc,Cobalt Strike,Cobalt Strike
2022-06-23 10:54:19,720260,we.topsmartservice.com,botnet_cc,Cobalt Strike,Cobalt Strike
2022-06-23 10:54:19,720263,wpsserver.com,botnet_cc,Cobalt Strike,Cobalt Strike
2022-06-23 10:54:18,720248,thedaily-news.com,botnet_cc,Cobalt Strike,Cobalt Strike
2022-06-23 10:54:17,720239,sevenhungredbucks.com,botnet_cc,Cobalt Strike,Cobalt Strike
2022-06-23 10:54:17,720241,snccoupr-int.cf,botnet_cc,Cobalt Strike,Cobalt Strike
2022-06-23 10:54:17,720247,telembank.com,botnet_cc,Cobalt Strike,Cobalt Strike
2022-06-23 10:54:16,720230,ppew.au,botnet_cc,Cobalt Strike,Cobalt Strike
2022-06-23 10:54:16,720231,pretunz.com,botnet_cc,Cobalt Strike,Cobalt Strike
2022-06-23 10:54:16,720236,rss.top-business-blog.com,botnet_cc,Cobalt Strike,Cobalt Strike
2022-06-23 10:54:16,720237,scarfaceserver.com,botnet_cc,Cobalt Strike,Cobalt Strike
2022-06-23 10:54:15,720226,outlet-studio.com,botnet_cc,Cobalt Strike,Cobalt Strike
2022-06-23 10:54:14,720208,js.msedgeupdate.com,botnet_cc,Cobalt Strike,Cobalt Strike
2022-06-23 10:54:13,720198,harborfreight.delivery,botnet_cc,Cobalt Strike,Cobalt Strike
2022-06-23 10:54:13,720201,hityok.com,botnet_cc,Cobalt Strike,Cobalt Strike
2022-06-23 10:54:13,720203,jiguz.com,botnet_cc,Cobalt Strike,Cobalt Strike
2022-06-23 10:54:13,720204,jijuanjo.com,botnet_cc,Cobalt Strike,Cobalt Strike
2022-06-23 10:54:13,720206,jqueryupdatenow.com,botnet_cc,Cobalt Strike,Cobalt Strike
2022-06-23 10:54:13,720207,jqueryupneed.com,botnet_cc,Cobalt Strike,Cobalt Strike
2022-06-23 10:54:12,720188,fifacud.com,botnet_cc,Cobalt Strike,Cobalt Strike
2022-06-23 10:54:12,720189,filaspo.com,botnet_cc,Cobalt Strike,Cobalt Strike
2022-06-23 10:54:12,720193,gasienda.com,botnet_cc,Cobalt Strike,Cobalt Strike
2022-06-23 10:54:11,720185,dreamkoks.com,botnet_cc,Cobalt Strike,Cobalt Strike
2022-06-23 10:54:10,720176,democrazzy.net,botnet_cc,Cobalt Strike,Cobalt Strike
2022-06-23 10:53:31,720156,cloud.sovarermscloud.com,botnet_cc,Cobalt Strike,Cobalt Strike
2022-06-23 10:53:28,720136,backupcreds.com,botnet_cc,Cobalt Strike,Cobalt Strike
2022-06-23 10:53:28,720140,biohazzzard.com,botnet_cc,Cobalt Strike,Cobalt Strike
2022-06-23 10:53:28,720141,bksfinance.com,botnet_cc,Cobalt Strike,Cobalt Strike
2022-06-23 10:53:28,720143,boronab.com,botnet_cc,Cobalt Strike,Cobalt Strike
2022-06-23 10:53:27,720132,araizx.com,botnet_cc,Cobalt Strike,Cobalt Strike
2022-06-23 10:53:27,720133,arminext.com,botnet_cc,Cobalt Strike,Cobalt Strike
2022-06-22 18:35:13,719898,aginij.com,botnet_cc,Cobalt Strike,Cobalt Strike
2022-05-19 18:01:58,606362,criobob.com,botnet_cc,Cobalt Strike,"cobaltstrike,emotet"
2022-05-19 18:01:58,606363,prozakx.com,botnet_cc,Cobalt Strike,"cobaltstrike,emotet"
2022-05-19 18:01:58,606364,terroklo.com,botnet_cc,Cobalt Strike,"cobaltstrike,emotet"
2022-05-19 18:01:57,606360,microdozz.com,botnet_cc,Cobalt Strike,"cobaltstrike,emotet"
2022-05-10 18:53:07,549372,us189-hpgsgae5dva9fzch.z01.azurefd.net,botnet_cc,Cobalt Strike,"cobaltstrike,threatview.io"
2022-05-08 16:20:03,548951,artidomain.com,botnet_cc,Cobalt Strike,Cobalt Strike
2022-04-14 10:30:57,519792,furfen.com,botnet_cc,Cobalt Strike,"BumbleBee,Cobalt Strike"
2022-03-30 09:51:36,466600,blopik.com,botnet_cc,Cobalt Strike,Cobalt Strike
2022-03-29 08:36:59,461231,borizhog.com,botnet_cc,Cobalt Strike,None
2022-03-23 16:44:21,443190,apeduze.com,botnet_cc,Cobalt Strike,None
2022-03-22 10:51:28,438442,drimzis.com,botnet_cc,Cobalt Strike,None
2022-03-22 10:51:28,438443,blinkij.com,botnet_cc,Cobalt Strike,None
2022-03-17 12:19:46,396104,dunclikf.com,botnet_cc,Cobalt Strike,Cobalt Strike
2022-03-10 15:29:52,393426,sifgu.com,botnet_cc,Cobalt Strike,None
2022-03-10 15:29:52,393427,gfsert.com,botnet_cc,Cobalt Strike,None
2022-03-10 15:29:52,393429,shizij.com,botnet_cc,Cobalt Strike,None
2022-03-10 15:29:52,393430,zxerm.com,botnet_cc,Cobalt Strike,None
2022-03-10 15:29:52,393431,korunder.com,botnet_cc,Cobalt Strike,None
2022-03-10 15:29:51,393424,chesft.com,botnet_cc,Cobalt Strike,None
2022-03-10 15:29:51,393425,uktyl.com,botnet_cc,Cobalt Strike,None
2022-03-09 17:18:35,393312,defenr.com,botnet_cc,Cobalt Strike,Cobalt Strike
2022-03-09 17:18:35,393313,fedij.com,botnet_cc,Cobalt Strike,Cobalt Strike
2022-03-09 17:18:35,393314,kejimn.com,botnet_cc,Cobalt Strike,Cobalt Strike
2022-03-09 17:18:34,393311,brikeb.com,botnet_cc,Cobalt Strike,Cobalt Strike
2022-03-08 17:09:32,393046,kapuleti.com,botnet_cc,Cobalt Strike,Cobalt Strike
2022-03-01 07:06:28,391528,defegh.com,botnet_cc,Cobalt Strike,Cobalt Strike
2022-03-01 07:06:28,391530,klycnmik.com,botnet_cc,Cobalt Strike,Cobalt Strike
2022-03-01 07:06:28,391531,ngrety.com,botnet_cc,Cobalt Strike,Cobalt Strike
2022-02-27 06:03:58,391111,lifegothistory.com,botnet_cc,Cobalt Strike,Cobalt Strike
2022-02-01 10:45:03,373668,bornometa.com,botnet_cc,Cobalt Strike,Cobalt Strike
2022-02-01 10:45:03,373671,jenevabaiden.com,botnet_cc,Cobalt Strike,Cobalt Strike
2022-02-01 10:45:03,373673,sbronm.com,botnet_cc,Cobalt Strike,Cobalt Strike
2022-01-18 13:51:16,298501,citrixseruritys.com,botnet_cc,Cobalt Strike,Cobalt Strike
2022-01-18 13:51:16,298505,milanvar.com,botnet_cc,Cobalt Strike,Cobalt Strike
2021-10-27 09:58:20,238207,fivepointschiro.com,botnet_cc,Cobalt Strike,CobaltStrike
2021-01-11 19:19:24,1489,google-js.org.za,cc_skimming,magecart,Magecart
